STATEFP,COUNTYFP,TRACTCE,AFFGEOID,GEOID,NAME,NAMELSAD,STUSPS,NAMELSADCO,STATE_NAME,LSAD,ALAND,AWATER,temp_max,temp_min,temp_mean,precip
"53","005","011300",1400000US53005011300,"53005011300","113",Census Tract 113,WA,Benton County,Washington,CT,5399487,1786865,16.9596426946722,6.43650145428785,11.700257697928,201.669220244698
"53","011","041206",1400000US53011041206,"53011041206","412.06",Census Tract 412.06,WA,Clark County,Washington,CT,3146558,0,16.9596426946722,6.43650145428785,11.700257697928,1173.86163950344
"53","011","040412",1400000US53011040412,"53011040412","404.12",Census Tract 404.12,WA,Clark County,Washington,CT,3957749,0,16.9596426946722,6.43650145428785,11.700257697928,1133.80384889653
"53","011","041323",1400000US53011041323,"53011041323","413.23",Census Tract 413.23,WA,Clark County,Washington,CT,2076873,0,16.9596426946722,6.43650145428785,11.700257697928,1208.92687826128
"53","025","010600",1400000US53025010600,"53025010600","106",Census Tract 106,WA,Grant County,Washington,CT,8428666,0,16.9596426946722,6.43650145428785,11.700257697928,202.060931454613
"53","071","920802",1400000US53071920802,"53071920802","9208.02",Census Tract 9208.02,WA,Walla Walla County,Washington,CT,1304632,0,16.9596426946722,6.43650145428785,11.700257697928,446.49011502343
"53","075","001000",1400000US53075001000,"53075001000","10",Census Tract 10,WA,Whitman County,Washington,CT,1785819689,36510330,16.9596426946722,6.43650145428785,11.700257697928,431.950839324614
"53","075","000700",1400000US53075000700,"53075000700","7",Census Tract 7,WA,Whitman County,Washington,CT,902848879,2693,16.9596426946722,6.43650145428785,11.700257697928,539.984355968224
"53","019","970100",1400000US53019970100,"53019970100","9701",Census Tract 9701,WA,Ferry County,Washington,CT,2004654281,15919649,16.9596426946722,6.43650145428785,11.700257697928,579.599724121593
"53","019","970200",1400000US53019970200,"53019970200","9702",Census Tract 9702,WA,Ferry County,Washington,CT,894148768,4125612,16.9596426946722,6.43650145428785,11.700257697928,528.914027519041
"53","027","001200",1400000US53027001200,"53027001200","12",Census Tract 12,WA,Grays Harbor County,Washington,CT,3614406,1343069,16.9596426946722,6.43650145428785,11.700257697928,2224.82101716267
"53","047","970900",1400000US53047970900,"53047970900","9709",Census Tract 9709,WA,Okanogan County,Washington,CT,3819260191,4520076,16.9596426946722,6.43650145428785,11.700257697928,987.321397765876
"53","051","970200",1400000US53051970200,"53051970200","9702",Census Tract 9702,WA,Pend Oreille County,Washington,CT,1209298208,34520081,16.9596426946722,6.43650145428785,11.700257697928,854.87595797373
"53","057","952200",1400000US53057952200,"53057952200","9522",Census Tract 9522,WA,Skagit County,Washington,CT,7068841,619278,16.9596426946722,6.43650145428785,11.700257697928,870.246506899616
"53","063","004200",1400000US53063004200,"53063004200","42",Census Tract 42,WA,Spokane County,Washington,CT,2716721,0,16.9596426946722,6.43650145428785,11.700257697928,454.68660008462
"53","063","012300",1400000US53063012300,"53063012300","123",Census Tract 123,WA,Spokane County,Washington,CT,6124719,0,16.9596426946722,6.43650145428785,11.700257697928,488.615781381336
"53","063","010800",1400000US53063010800,"53063010800","108",Census Tract 108,WA,Spokane County,Washington,CT,1239571,0,16.9596426946722,6.43650145428785,11.700257697928,447.324668432003
"53","063","001200",1400000US53063001200,"53063001200","12",Census Tract 12,WA,Spokane County,Washington,CT,1000413,0,16.9596426946722,6.43650145428785,11.700257697928,448.094726297194
"53","065","950800",1400000US53065950800,"53065950800","9508",Census Tract 9508,WA,Stevens County,Washington,CT,818311467,774217,16.9596426946722,6.43650145428785,11.700257697928,642.05734142097
"53","067","011500",1400000US53067011500,"53067011500","115",Census Tract 115,WA,Thurston County,Washington,CT,4455281,0,16.9596426946722,6.43650145428785,11.700257697928,1292.5426856091
"53","073","000700",1400000US53073000700,"53073000700","7",Census Tract 7,WA,Whatcom County,Washington,CT,3164109,0,16.9596426946722,6.43650145428785,11.700257697928,1075.58297866447
"53","077","940002",1400000US53077940002,"53077940002","9400.02",Census Tract 9400.02,WA,Yakima County,Washington,CT,232732593,69748,16.9596426946722,6.43650145428785,11.700257697928,194.758452711937
"53","017","950600",1400000US53017950600,"53017950600","9506",Census Tract 9506,WA,Douglas County,Washington,CT,5970492,0,16.9596426946722,6.43650145428785,11.700257697928,281.964538580315
"53","033","024400",1400000US53033024400,"53033024400","244",Census Tract 244,WA,King County,Washington,CT,1670874,514968,16.9596426946722,6.43650145428785,11.700257697928,1000.57237369766
"53","033","025806",1400000US53033025806,"53033025806","258.06",Census Tract 258.06,WA,King County,Washington,CT,2936653,150317,16.9596426946722,6.43650145428785,11.700257697928,1058.42991635903
"53","033","021803",1400000US53033021803,"53033021803","218.03",Census Tract 218.03,WA,King County,Washington,CT,3273126,0,16.9596426946722,6.43650145428785,11.700257697928,1050.57785474568
"53","033","031908",1400000US53033031908,"53033031908","319.08",Census Tract 319.08,WA,King County,Washington,CT,1827093,0,16.9596426946722,6.43650145428785,11.700257697928,1151.36228891999
"53","033","022703",1400000US53033022703,"53033022703","227.03",Census Tract 227.03,WA,King County,Washington,CT,4190224,0,16.9596426946722,6.43650145428785,11.700257697928,1130.14665427124
"53","033","030700",1400000US53033030700,"53033030700","307",Census Tract 307,WA,King County,Washington,CT,1553394,0,16.9596426946722,6.43650145428785,11.700257697928,1087.71225986632
"53","033","029403",1400000US53033029403,"53033029403","294.03",Census Tract 294.03,WA,King County,Washington,CT,2407379,385,16.9596426946722,6.43650145428785,11.700257697928,1090.06756406725
"53","033","028700",1400000US53033028700,"53033028700","287",Census Tract 287,WA,King County,Washington,CT,2675319,0,16.9596426946722,6.43650145428785,11.700257697928,1044.98268687235
"53","033","027500",1400000US53033027500,"53033027500","275",Census Tract 275,WA,King County,Washington,CT,2229526,0,16.9596426946722,6.43650145428785,11.700257697928,1068.99636586907
"53","033","023603",1400000US53033023603,"53033023603","236.03",Census Tract 236.03,WA,King County,Washington,CT,2017794,0,16.9596426946722,6.43650145428785,11.700257697928,1110.77360052767
"53","033","025805",1400000US53033025805,"53033025805","258.05",Census Tract 258.05,WA,King County,Washington,CT,2427753,0,16.9596426946722,6.43650145428785,11.700257697928,1058.42991635903
"53","033","020600",1400000US53033020600,"53033020600","206",Census Tract 206,WA,King County,Washington,CT,1980828,0,16.9596426946722,6.43650145428785,11.700257697928,997.049702566645
"53","033","008700",1400000US53033008700,"53033008700","87",Census Tract 87,WA,King County,Washington,CT,732385,0,16.9596426946722,6.43650145428785,11.700257697928,991.985214911009
"53","033","008600",1400000US53033008600,"53033008600","86",Census Tract 86,WA,King County,Washington,CT,711350,0,16.9596426946722,6.43650145428785,11.700257697928,993.591096881916
"53","033","008300",1400000US53033008300,"53033008300","83",Census Tract 83,WA,King County,Washington,CT,237955,0,16.9596426946722,6.43650145428785,11.700257697928,997.214873877613
"53","033","003800",1400000US53033003800,"53033003800","38",Census Tract 38,WA,King County,Washington,CT,624606,0,16.9596426946722,6.43650145428785,11.700257697928,971.932369881721
"53","033","002800",1400000US53033002800,"53033002800","28",Census Tract 28,WA,King County,Washington,CT,988287,0,16.9596426946722,6.43650145428785,11.700257697928,983.056743814544
"53","033","000300",1400000US53033000300,"53033000300","3",Census Tract 3,WA,King County,Washington,CT,1211013,0,16.9596426946722,6.43650145428785,11.700257697928,988.219941687913
"53","035","080101",1400000US53035080101,"53035080101","801.01",Census Tract 801.01,WA,Kitsap County,Washington,CT,2222371,389458,16.9596426946722,6.43650145428785,11.700257697928,1232.45974203684
"53","035","080300",1400000US53035080300,"53035080300","803",Census Tract 803,WA,Kitsap County,Washington,CT,1665513,210831,16.9596426946722,6.43650145428785,11.700257697928,1226.86443705893
"53","035","091600",1400000US53035091600,"53035091600","916",Census Tract 916,WA,Kitsap County,Washington,CT,5059142,0,16.9596426946722,6.43650145428785,11.700257697928,1146.44983915191
"53","035","081100",1400000US53035081100,"53035081100","811",Census Tract 811,WA,Kitsap County,Washington,CT,1441028,0,16.9596426946722,6.43650145428785,11.700257697928,1321.91686354381
"53","061","051601",1400000US53061051601,"53061051601","516.01",Census Tract 516.01,WA,Snohomish County,Washington,CT,2448407,0,16.9596426946722,6.43650145428785,11.700257697928,1026.43410197953
"53","061","041605",1400000US53061041605,"53061041605","416.05",Census Tract 416.05,WA,Snohomish County,Washington,CT,2462214,9609,16.9596426946722,6.43650145428785,11.700257697928,1081.46508905156
"53","061","041901",1400000US53061041901,"53061041901","419.01",Census Tract 419.01,WA,Snohomish County,Washington,CT,8847184,0,16.9596426946722,6.43650145428785,11.700257697928,1051.58526721641
"53","061","041703",1400000US53061041703,"53061041703","417.03",Census Tract 417.03,WA,Snohomish County,Washington,CT,3694192,236619,16.9596426946722,6.43650145428785,11.700257697928,1079.30656669252
"53","061","052906",1400000US53061052906,"53061052906","529.06",Census Tract 529.06,WA,Snohomish County,Washington,CT,2418974,0,16.9596426946722,6.43650145428785,11.700257697928,1114.02504273526
"53","041","971900",1400000US53041971900,"53041971900","9719",Census Tract 9719,WA,Lewis County,Washington,CT,540320627,28963287,16.9596426946722,6.43650145428785,11.700257697928,2003.16161498748
"53","053","073200",1400000US53053073200,"53053073200","732",Census Tract 732,WA,Pierce County,Washington,CT,547504633,11807979,16.9596426946722,6.43650145428785,11.700257697928,1621.03109654485
"53","053","071408",1400000US53053071408,"53053071408","714.08",Census Tract 714.08,WA,Pierce County,Washington,CT,2923856,0,16.9596426946722,6.43650145428785,11.700257697928,1084.24488304183
"53","053","071807",1400000US53053071807,"53053071807","718.07",Census Tract 718.07,WA,Pierce County,Washington,CT,4169671,71854,16.9596426946722,6.43650145428785,11.700257697928,1093.09596266361
"53","053","062802",1400000US53053062802,"53053062802","628.02",Census Tract 628.02,WA,Pierce County,Washington,CT,3008564,0,16.9596426946722,6.43650145428785,11.700257697928,1109.53612351518
"53","053","071808",1400000US53053071808,"53053071808","718.08",Census Tract 718.08,WA,Pierce County,Washington,CT,1940884,133777,16.9596426946722,6.43650145428785,11.700257697928,1093.09596266361
"53","053","061900",1400000US53053061900,"53053061900","619",Census Tract 619,WA,Pierce County,Washington,CT,1039866,0,16.9596426946722,6.43650145428785,11.700257697928,1080.54932515087
"53","053","061800",1400000US53053061800,"53053061800","618",Census Tract 618,WA,Pierce County,Washington,CT,1383816,0,16.9596426946722,6.43650145428785,11.700257697928,1095.10469870678
"53","053","063100",1400000US53053063100,"53053063100","631",Census Tract 631,WA,Pierce County,Washington,CT,2366736,80972,16.9596426946722,6.43650145428785,11.700257697928,1095.57193463559
"53","011","040414",1400000US53011040414,"53011040414","404.14",Census Tract 404.14,WA,Clark County,Washington,CT,12715186,0,16.9596426946722,6.43650145428785,11.700257697928,1233.04030797645
"53","011","040415",1400000US53011040415,"53011040415","404.15",Census Tract 404.15,WA,Clark County,Washington,CT,3596133,0,16.9596426946722,6.43650145428785,11.700257697928,1313.44761470056
"53","033","031604",1400000US53033031604,"53033031604","316.04",Census Tract 316.04,WA,King County,Washington,CT,4153703,3229,16.9596426946722,6.43650145428785,11.700257697928,1328.10753377025
"53","033","032010",1400000US53033032010,"53033032010","320.10",Census Tract 320.10,WA,King County,Washington,CT,5282446,0,16.9596426946722,6.43650145428785,11.700257697928,1404.95541979509
"53","077","001201",1400000US53077001201,"53077001201","12.01",Census Tract 12.01,WA,Yakima County,Washington,CT,1272243,0,16.9596426946722,6.43650145428785,11.700257697928,218.764400570795
"53","053","073120",1400000US53053073120,"53053073120","731.20",Census Tract 731.20,WA,Pierce County,Washington,CT,3307319,9180,16.9596426946722,6.43650145428785,11.700257697928,1120.7127503499
"53","021","020404",1400000US53021020404,"53021020404","204.04",Census Tract 204.04,WA,Franklin County,Washington,CT,1182488,0,16.9596426946722,6.43650145428785,11.700257697928,202.619177011114
"53","021","020402",1400000US53021020402,"53021020402","204.02",Census Tract 204.02,WA,Franklin County,Washington,CT,623558,0,16.9596426946722,6.43650145428785,11.700257697928,202.619177011114
"53","005","011701",1400000US53005011701,"53005011701","117.01",Census Tract 117.01,WA,Benton County,Washington,CT,14935743,688085,16.9596426946722,6.43650145428785,11.700257697928,214.291022323318
"53","067","011625",1400000US53067011625,"53067011625","116.25",Census Tract 116.25,WA,Thurston County,Washington,CT,1430127,0,16.9596426946722,6.43650145428785,11.700257697928,1299.46026050221
"53","055","960502",1400000US53055960502,"53055960502","9605.02",Census Tract 9605.02,WA,San Juan County,Washington,CT,79423035,84974528,16.9596426946722,6.43650145428785,11.700257697928,666.208250969102
"53","039","950101",1400000US53039950101,"53039950101","9501.01",Census Tract 9501.01,WA,Klickitat County,Washington,CT,2230863454,41594671,16.9596426946722,6.43650145428785,11.700257697928,466.379326962799
"53","065","950102",1400000US53065950102,"53065950102","9501.02",Census Tract 9501.02,WA,Stevens County,Washington,CT,904036098,53196765,16.9596426946722,6.43650145428785,11.700257697928,645.567291671993
"53","037","975201",1400000US53037975201,"53037975201","9752.01",Census Tract 9752.01,WA,Kittitas County,Washington,CT,1075810965,375983,16.9596426946722,6.43650145428785,11.700257697928,1362.0760862881
"53","037","975404",1400000US53037975404,"53037975404","9754.04",Census Tract 9754.04,WA,Kittitas County,Washington,CT,2347304,0,16.9596426946722,6.43650145428785,11.700257697928,228.249915970052
"53","017","950102",1400000US53017950102,"53017950102","9501.02",Census Tract 9501.02,WA,Douglas County,Washington,CT,1608787054,21467556,16.9596426946722,6.43650145428785,11.700257697928,293.572085719667
"53","063","010701",1400000US53063010701,"53063010701","107.01",Census Tract 107.01,WA,Spokane County,Washington,CT,4035839,0,16.9596426946722,6.43650145428785,11.700257697928,448.711646793258
"53","063","000201",1400000US53063000201,"53063000201","2.01",Census Tract 2.01,WA,Spokane County,Washington,CT,1243954,0,16.9596426946722,6.43650145428785,11.700257697928,463.154715142566
"53","063","010901",1400000US53063010901,"53063010901","109.01",Census Tract 109.01,WA,Spokane County,Washington,CT,1975233,0,16.9596426946722,6.43650145428785,11.700257697928,449.983960100547
"53","009","002400",1400000US53009002400,"53009002400","24",Census Tract 24,WA,Clallam County,Washington,CT,1991877214,140605578,16.9596426946722,6.43650145428785,11.700257697928,2677.53539519046
"53","011","040713",1400000US53011040713,"53011040713","407.13",Census Tract 407.13,WA,Clark County,Washington,CT,5958339,0,16.9596426946722,6.43650145428785,11.700257697928,1278.17802094043
"53","011","041336",1400000US53011041336,"53011041336","413.36",Census Tract 413.36,WA,Clark County,Washington,CT,871383,0,16.9596426946722,6.43650145428785,11.700257697928,1189.13700071798
"53","077","001504",1400000US53077001504,"53077001504","15.04",Census Tract 15.04,WA,Yakima County,Washington,CT,575361,0,16.9596426946722,6.43650145428785,11.700257697928,217.004660379384
"53","007","961001",1400000US53007961001,"53007961001","9610.01",Census Tract 9610.01,WA,Chelan County,Washington,CT,913100,0,16.9596426946722,6.43650145428785,11.700257697928,261.154321495232
"53","033","003602",1400000US53033003602,"53033003602","36.02",Census Tract 36.02,WA,King County,Washington,CT,522326,0,16.9596426946722,6.43650145428785,11.700257697928,981.634626826213
"53","033","007002",1400000US53033007002,"53033007002","70.02",Census Tract 70.02,WA,King County,Washington,CT,441021,0,16.9596426946722,6.43650145428785,11.700257697928,999.249814735668
"53","033","010601",1400000US53033010601,"53033010601","106.01",Census Tract 106.01,WA,King County,Washington,CT,1089233,0,16.9596426946722,6.43650145428785,11.700257697928,1024.52735028024
"53","033","030204",1400000US53033030204,"53033030204","302.04",Census Tract 302.04,WA,King County,Washington,CT,1789757,0,16.9596426946722,6.43650145428785,11.700257697928,1097.25871937905
"53","033","007202",1400000US53033007202,"53033007202","72.02",Census Tract 72.02,WA,King County,Washington,CT,280585,0,16.9596426946722,6.43650145428785,11.700257697928,997.214873877613
"53","033","009801",1400000US53033009801,"53033009801","98.01",Census Tract 98.01,WA,King County,Washington,CT,1004708,0,16.9596426946722,6.43650145428785,11.700257697928,1005.77524867105
"53","033","007503",1400000US53033007503,"53033007503","75.03",Census Tract 75.03,WA,King County,Washington,CT,187541,0,16.9596426946722,6.43650145428785,11.700257697928,997.214873877613
"53","033","025402",1400000US53033025402,"53033025402","254.02",Census Tract 254.02,WA,King County,Washington,CT,1101467,0,16.9596426946722,6.43650145428785,11.700257697928,1079.19172382061
"53","033","007001",1400000US53033007001,"53033007001","70.01",Census Tract 70.01,WA,King County,Washington,CT,358281,0,16.9596426946722,6.43650145428785,11.700257697928,1001.28475559372
"53","033","008401",1400000US53033008401,"53033008401","84.01",Census Tract 84.01,WA,King County,Washington,CT,250921,0,16.9596426946722,6.43650145428785,11.700257697928,997.214873877613
"53","035","091702",1400000US53035091702,"53035091702","917.02",Census Tract 917.02,WA,Kitsap County,Washington,CT,2142503,0,16.9596426946722,6.43650145428785,11.700257697928,1184.84223200962
"53","073","010103",1400000US53073010103,"53073010103","101.03",Census Tract 101.03,WA,Whatcom County,Washington,CT,3783901223,105473658,16.9596426946722,6.43650145428785,11.700257697928,2438.55796268475
"53","073","010408",1400000US53073010408,"53073010408","104.08",Census Tract 104.08,WA,Whatcom County,Washington,CT,51332184,35705,16.9596426946722,6.43650145428785,11.700257697928,1284.11669852067
"53","073","001203",1400000US53073001203,"53073001203","12.03",Census Tract 12.03,WA,Whatcom County,Washington,CT,809894,0,16.9596426946722,6.43650145428785,11.700257697928,982.051706580547
"53","053","073133",1400000US53053073133,"53053073133","731.33",Census Tract 731.33,WA,Pierce County,Washington,CT,2351441,0,16.9596426946722,6.43650145428785,11.700257697928,1121.18757920355
"53","053","062901",1400000US53053062901,"53053062901","629.01",Census Tract 629.01,WA,Pierce County,Washington,CT,966774,0,16.9596426946722,6.43650145428785,11.700257697928,1102.55402907539
"53","053","071416",1400000US53053071416,"53053071416","714.16",Census Tract 714.16,WA,Pierce County,Washington,CT,2400267,0,16.9596426946722,6.43650145428785,11.700257697928,1110.88997781041
"53","057","940402",1400000US53057940402,"53057940402","9404.02",Census Tract 9404.02,WA,Skagit County,Washington,CT,1211612,0,16.9596426946722,6.43650145428785,11.700257697928,728.545753510668
"53","061","052506",1400000US53061052506,"53061052506","525.06",Census Tract 525.06,WA,Snohomish County,Washington,CT,2389929,0,16.9596426946722,6.43650145428785,11.700257697928,1147.69453992353
"53","061","041907",1400000US53061041907,"53061041907","419.07",Census Tract 419.07,WA,Snohomish County,Washington,CT,1016300,0,16.9596426946722,6.43650145428785,11.700257697928,1085.10228940226
"53","061","050502",1400000US53061050502,"53061050502","505.02",Census Tract 505.02,WA,Snohomish County,Washington,CT,1722023,0,16.9596426946722,6.43650145428785,11.700257697928,950.713951420523
"53","033","007406",1400000US53033007406,"53033007406","74.06",Census Tract 74.06,WA,King County,Washington,CT,150829,0,16.9596426946722,6.43650145428785,11.700257697928,997.214873877613
"53","033","000403",1400000US53033000403,"53033000403","4.03",Census Tract 4.03,WA,King County,Washington,CT,669384,62871,16.9596426946722,6.43650145428785,11.700257697928,981.757693196916
"53","033","008101",1400000US53033008101,"53033008101","81.01",Census Tract 81.01,WA,King County,Washington,CT,270324,277671,16.9596426946722,6.43650145428785,11.700257697928,997.214873877613
"53","003","960400",1400000US53003960400,"53003960400","9604",Census Tract 9604,WA,Asotin County,Washington,CT,1586747,0,16.9596426946722,6.43650145428785,11.700257697928,293.523227890863
"53","059","950200",1400000US53059950200,"53059950200","9502",Census Tract 9502,WA,Skamania County,Washington,CT,333955344,16480393,16.9596426946722,6.43650145428785,11.700257697928,2385.82082559786
"53","021","020605",1400000US53021020605,"53021020605","206.05",Census Tract 206.05,WA,Franklin County,Washington,CT,7159362,0,16.9596426946722,6.43650145428785,11.700257697928,202.824811364629
"53","071","920000",1400000US53071920000,"53071920000","9200",Census Tract 9200,WA,Walla Walla County,Washington,CT,1636131024,74619508,16.9596426946722,6.43650145428785,11.700257697928,316.744329028738
"53","071","920100",1400000US53071920100,"53071920100","9201",Census Tract 9201,WA,Walla Walla County,Washington,CT,1471785691,12137,16.9596426946722,6.43650145428785,11.700257697928,527.386672033557
"53","071","920600",1400000US53071920600,"53071920600","9206",Census Tract 9206,WA,Walla Walla County,Washington,CT,6711063,0,16.9596426946722,6.43650145428785,11.700257697928,424.721017513346
"53","075","000900",1400000US53075000900,"53075000900","9",Census Tract 9,WA,Whitman County,Washington,CT,2053934784,11727991,16.9596426946722,6.43650145428785,11.700257697928,433.173655881683
"53","005","011401",1400000US53005011401,"53005011401","114.01",Census Tract 114.01,WA,Benton County,Washington,CT,2294217,0,16.9596426946722,6.43650145428785,11.700257697928,201.812772844327
"53","005","011002",1400000US53005011002,"53005011002","110.02",Census Tract 110.02,WA,Benton County,Washington,CT,2963048,0,16.9596426946722,6.43650145428785,11.700257697928,204.20592536483
"53","011","042300",1400000US53011042300,"53011042300","423",Census Tract 423,WA,Clark County,Washington,CT,1208080,0,16.9596426946722,6.43650145428785,11.700257697928,1032.09238527587
"53","011","040407",1400000US53011040407,"53011040407","404.07",Census Tract 404.07,WA,Clark County,Washington,CT,5736083,0,16.9596426946722,6.43650145428785,11.700257697928,1340.13543959472
"53","011","040810",1400000US53011040810,"53011040810","408.10",Census Tract 408.10,WA,Clark County,Washington,CT,2213671,28886,16.9596426946722,6.43650145428785,11.700257697928,1094.62342336821
"53","011","041326",1400000US53011041326,"53011041326","413.26",Census Tract 413.26,WA,Clark County,Washington,CT,3482700,0,16.9596426946722,6.43650145428785,11.700257697928,1192.22823299778
"53","011","040609",1400000US53011040609,"53011040609","406.09",Census Tract 406.09,WA,Clark County,Washington,CT,3244924,0,16.9596426946722,6.43650145428785,11.700257697928,1292.79912292409
"53","011","041331",1400000US53011041331,"53011041331","413.31",Census Tract 413.31,WA,Clark County,Washington,CT,1469259,0,16.9596426946722,6.43650145428785,11.700257697928,1180.31035702487
"53","011","041319",1400000US53011041319,"53011041319","413.19",Census Tract 413.19,WA,Clark County,Washington,CT,3254326,0,16.9596426946722,6.43650145428785,11.700257697928,1200.57755562953
"53","033","008200",1400000US53033008200,"53033008200","82",Census Tract 82,WA,King County,Washington,CT,375785,0,16.9596426946722,6.43650145428785,11.700257697928,997.214873877613
"53","033","006400",1400000US53033006400,"53033006400","64",Census Tract 64,WA,King County,Washington,CT,903649,0,16.9596426946722,6.43650145428785,11.700257697928,994.103400523792
"53","033","005000",1400000US53033005000,"53033005000","50",Census Tract 50,WA,King County,Washington,CT,757380,0,16.9596426946722,6.43650145428785,11.700257697928,981.634626826213
"53","033","004302",1400000US53033004302,"53033004302","43.02",Census Tract 43.02,WA,King County,Washington,CT,331137,0,16.9596426946722,6.43650145428785,11.700257697928,971.932369881721
"53","033","002900",1400000US53033002900,"53033002900","29",Census Tract 29,WA,King County,Washington,CT,986209,0,16.9596426946722,6.43650145428785,11.700257697928,985.601083811392
"53","033","001800",1400000US53033001800,"53033001800","18",Census Tract 18,WA,King County,Washington,CT,946085,0,16.9596426946722,6.43650145428785,11.700257697928,979.39018080918
"53","033","001000",1400000US53033001000,"53033001000","10",Census Tract 10,WA,King County,Washington,CT,954203,0,16.9596426946722,6.43650145428785,11.700257697928,964.71389163372
"53","015","000501",1400000US53015000501,"53015000501","5.01",Census Tract 5.01,WA,Cowlitz County,Washington,CT,1105298,0,16.9596426946722,6.43650145428785,11.700257697928,1186.0601284259
"53","015","000601",1400000US53015000601,"53015000601","6.01",Census Tract 6.01,WA,Cowlitz County,Washington,CT,1261967,0,16.9596426946722,6.43650145428785,11.700257697928,1237.41668525633
"53","037","975300",1400000US53037975300,"53037975300","9753",Census Tract 9753,WA,Kittitas County,Washington,CT,1536305448,12882808,16.9596426946722,6.43650145428785,11.700257697928,517.615962018167
"53","035","090800",1400000US53035090800,"53035090800","908",Census Tract 908,WA,Kitsap County,Washington,CT,18696127,8958856,16.9596426946722,6.43650145428785,11.700257697928,1037.58023345138
"53","035","081200",1400000US53035081200,"53035081200","812",Census Tract 812,WA,Kitsap County,Washington,CT,872122,0,16.9596426946722,6.43650145428785,11.700257697928,1271.04020850916
"53","035","092902",1400000US53035092902,"53035092902","929.02",Census Tract 929.02,WA,Kitsap County,Washington,CT,27583736,496079,16.9596426946722,6.43650145428785,11.700257697928,1299.32690112813
"53","061","051921",1400000US53061051921,"53061051921","519.21",Census Tract 519.21,WA,Snohomish County,Washington,CT,2453180,0,16.9596426946722,6.43650145428785,11.700257697928,1059.59220942117
"53","033","032323",1400000US53033032323,"53033032323","323.23",Census Tract 323.23,WA,King County,Washington,CT,3291835,0,16.9596426946722,6.43650145428785,11.700257697928,1123.55082452088
"53","061","052208",1400000US53061052208,"53061052208","522.08",Census Tract 522.08,WA,Snohomish County,Washington,CT,1870671,0,16.9596426946722,6.43650145428785,11.700257697928,1282.25417250267
"53","061","052904",1400000US53061052904,"53061052904","529.04",Census Tract 529.04,WA,Snohomish County,Washington,CT,3507368,15296,16.9596426946722,6.43650145428785,11.700257697928,1102.26484167326
"53","061","050102",1400000US53061050102,"53061050102","501.02",Census Tract 501.02,WA,Snohomish County,Washington,CT,1806646,0,16.9596426946722,6.43650145428785,11.700257697928,1066.14625019159
"53","061","051917",1400000US53061051917,"53061051917","519.17",Census Tract 519.17,WA,Snohomish County,Washington,CT,2932949,0,16.9596426946722,6.43650145428785,11.700257697928,1024.81005010867
"53","061","051927",1400000US53061051927,"53061051927","519.27",Census Tract 519.27,WA,Snohomish County,Washington,CT,4605385,0,16.9596426946722,6.43650145428785,11.700257697928,1064.67272130279
"53","061","053801",1400000US53061053801,"53061053801","538.01",Census Tract 538.01,WA,Snohomish County,Washington,CT,1135920117,5365698,16.9596426946722,6.43650145428785,11.700257697928,2825.97411636397
"53","061","050300",1400000US53061050300,"53061050300","503",Census Tract 503,WA,Snohomish County,Washington,CT,3731558,880957,16.9596426946722,6.43650145428785,11.700257697928,964.042629783893
"53","061","051804",1400000US53061051804,"53061051804","518.04",Census Tract 518.04,WA,Snohomish County,Washington,CT,2355533,0,16.9596426946722,6.43650145428785,11.700257697928,1072.72640844205
"53","041","972000",1400000US53041972000,"53041972000","9720",Census Tract 9720,WA,Lewis County,Washington,CT,1748453872,14106405,16.9596426946722,6.43650145428785,11.700257697928,1913.87990769061
"53","041","970500",1400000US53041970500,"53041970500","9705",Census Tract 9705,WA,Lewis County,Washington,CT,2477029,183443,16.9596426946722,6.43650145428785,11.700257697928,1130.01626613695
"53","033","031400",1400000US53033031400,"53033031400","314",Census Tract 314,WA,King County,Washington,CT,6362544,1179,16.9596426946722,6.43650145428785,11.700257697928,1267.11794261615
"53","033","026600",1400000US53033026600,"53033026600","266",Census Tract 266,WA,King County,Washington,CT,1160392,0,16.9596426946722,6.43650145428785,11.700257697928,1025.94235756175
"53","033","031502",1400000US53033031502,"53033031502","315.02",Census Tract 315.02,WA,King County,Washington,CT,1025836912,9158672,16.9596426946722,6.43650145428785,11.700257697928,2179.78855781763
"53","033","032211",1400000US53033032211,"53033032211","322.11",Census Tract 322.11,WA,King County,Washington,CT,2975309,0,16.9596426946722,6.43650145428785,11.700257697928,1225.37501017493
"53","033","021903",1400000US53033021903,"53033021903","219.03",Census Tract 219.03,WA,King County,Washington,CT,3175189,10680,16.9596426946722,6.43650145428785,11.700257697928,1071.24242594049
"53","033","025001",1400000US53033025001,"53033025001","250.01",Census Tract 250.01,WA,King County,Washington,CT,3696779,28798,16.9596426946722,6.43650145428785,11.700257697928,1133.31267664898
"53","033","031501",1400000US53033031501,"53033031501","315.01",Census Tract 315.01,WA,King County,Washington,CT,161493800,2001827,16.9596426946722,6.43650145428785,11.700257697928,1940.67464657535
"53","033","022604",1400000US53033022604,"53033022604","226.04",Census Tract 226.04,WA,King County,Washington,CT,2951989,0,16.9596426946722,6.43650145428785,11.700257697928,1080.8721161504
"53","033","030902",1400000US53033030902,"53033030902","309.02",Census Tract 309.02,WA,King County,Washington,CT,3905389,46988,16.9596426946722,6.43650145428785,11.700257697928,1084.99968711722
"53","033","030310",1400000US53033030310,"53033030310","303.10",Census Tract 303.10,WA,King County,Washington,CT,3205496,0,16.9596426946722,6.43650145428785,11.700257697928,1116.55252830069
"53","041","971700",1400000US53041971700,"53041971700","9717",Census Tract 9717,WA,Lewis County,Washington,CT,667520504,27594919,16.9596426946722,6.43650145428785,11.700257697928,1643.07611373105
"53","033","030006",1400000US53033030006,"53033030006","300.06",Census Tract 300.06,WA,King County,Washington,CT,1993786,164002,16.9596426946722,6.43650145428785,11.700257697928,1140.96551939176
"53","033","029504",1400000US53033029504,"53033029504","295.04",Census Tract 295.04,WA,King County,Washington,CT,1883417,0,16.9596426946722,6.43650145428785,11.700257697928,1105.39731066799
"53","033","029305",1400000US53033029305,"53033029305","293.05",Census Tract 293.05,WA,King County,Washington,CT,2897230,2246,16.9596426946722,6.43650145428785,11.700257697928,1090.06756406725
"53","033","028901",1400000US53033028901,"53033028901","289.01",Census Tract 289.01,WA,King County,Washington,CT,2295692,415797,16.9596426946722,6.43650145428785,11.700257697928,1045.11674130073
"53","033","028100",1400000US53033028100,"53033028100","281",Census Tract 281,WA,King County,Washington,CT,1590422,0,16.9596426946722,6.43650145428785,11.700257697928,1073.50524372589
"53","033","027400",1400000US53033027400,"53033027400","274",Census Tract 274,WA,King County,Washington,CT,3325455,0,16.9596426946722,6.43650145428785,11.700257697928,1051.99285425127
"53","033","021300",1400000US53033021300,"53033021300","213",Census Tract 213,WA,King County,Washington,CT,1784010,1204136,16.9596426946722,6.43650145428785,11.700257697928,990.358601705471
"53","033","020200",1400000US53033020200,"53033020200","202",Census Tract 202,WA,King County,Washington,CT,2591500,0,16.9596426946722,6.43650145428785,11.700257697928,987.774890859133
"53","033","010401",1400000US53033010401,"53033010401","104.01",Census Tract 104.01,WA,King County,Washington,CT,1629874,0,16.9596426946722,6.43650145428785,11.700257697928,988.079327128858
"53","033","009000",1400000US53033009000,"53033009000","90",Census Tract 90,WA,King County,Washington,CT,855872,0,16.9596426946722,6.43650145428785,11.700257697928,989.867029298226
"53","009","001500",1400000US53009001500,"53009001500","15",Census Tract 15,WA,Clallam County,Washington,CT,509949165,4634888,16.9596426946722,6.43650145428785,11.700257697928,1645.45463860861
"53","009","001000",1400000US53009001000,"53009001000","10",Census Tract 10,WA,Clallam County,Washington,CT,1782368,1946998,16.9596426946722,6.43650145428785,11.700257697928,666.617230843164
"53","031","950202",1400000US53031950202,"53031950202","9502.02",Census Tract 9502.02,WA,Jefferson County,Washington,CT,251347240,80613719,16.9596426946722,6.43650145428785,11.700257697928,1071.46819167383
"53","043","960200",1400000US53043960200,"53043960200","9602",Census Tract 9602,WA,Lincoln County,Washington,CT,1409927262,21819637,16.9596426946722,6.43650145428785,11.700257697928,393.097773410092
"53","043","960300",1400000US53043960300,"53043960300","9603",Census Tract 9603,WA,Lincoln County,Washington,CT,1910302767,40636369,16.9596426946722,6.43650145428785,11.700257697928,312.556602801784
"53","047","970800",1400000US53047970800,"53047970800","9708",Census Tract 9708,WA,Okanogan County,Washington,CT,540670627,6571567,16.9596426946722,6.43650145428785,11.700257697928,372.546260014047
"53","047","940200",1400000US53047940200,"53047940200","9402",Census Tract 9402,WA,Okanogan County,Washington,CT,1747633568,40432732,16.9596426946722,6.43650145428785,11.700257697928,354.7526465924
"53","047","970500",1400000US53047970500,"53047970500","9705",Census Tract 9705,WA,Okanogan County,Washington,CT,1033221076,8815425,16.9596426946722,6.43650145428785,11.700257697928,437.142504380304
"53","047","970400",1400000US53047970400,"53047970400","9704",Census Tract 9704,WA,Okanogan County,Washington,CT,586058396,4557702,16.9596426946722,6.43650145428785,11.700257697928,351.066031062425
"53","057","940700",1400000US53057940700,"53057940700","9407",Census Tract 9407,WA,Skagit County,Washington,CT,1449913,309443,16.9596426946722,6.43650145428785,11.700257697928,725.797674789515
"53","057","940500",1400000US53057940500,"53057940500","9405",Census Tract 9405,WA,Skagit County,Washington,CT,1422796,0,16.9596426946722,6.43650145428785,11.700257697928,728.545753510668
"53","057","952500",1400000US53057952500,"53057952500","9525",Census Tract 9525,WA,Skagit County,Washington,CT,1809558,187440,16.9596426946722,6.43650145428785,11.700257697928,871.99660939842
"53","063","003000",1400000US53063003000,"53063003000","30",Census Tract 30,WA,Spokane County,Washington,CT,1446924,0,16.9596426946722,6.43650145428785,11.700257697928,448.385148608585
"53","063","014001",1400000US53063014001,"53063014001","140.01",Census Tract 140.01,WA,Spokane County,Washington,CT,2783956,0,16.9596426946722,6.43650145428785,11.700257697928,469.279994286984
"53","063","011800",1400000US53063011800,"53063011800","118",Census Tract 118,WA,Spokane County,Washington,CT,2849286,0,16.9596426946722,6.43650145428785,11.700257697928,455.888022001069
"53","063","000700",1400000US53063000700,"53063000700","7",Census Tract 7,WA,Spokane County,Washington,CT,2154894,0,16.9596426946722,6.43650145428785,11.700257697928,443.546200825297
"53","063","002100",1400000US53063002100,"53063002100","21",Census Tract 21,WA,Spokane County,Washington,CT,1221241,0,16.9596426946722,6.43650145428785,11.700257697928,439.05181645088
"53","065","950200",1400000US53065950200,"53065950200","9502",Census Tract 9502,WA,Stevens County,Washington,CT,532650295,773560,16.9596426946722,6.43650145428785,11.700257697928,647.147278571509
"53","065","941000",1400000US53065941000,"53065941000","9410",Census Tract 9410,WA,Stevens County,Washington,CT,615308216,18316007,16.9596426946722,6.43650145428785,11.700257697928,477.302539985874
"53","065","951100",1400000US53065951100,"53065951100","9511",Census Tract 9511,WA,Stevens County,Washington,CT,611273567,2527674,16.9596426946722,6.43650145428785,11.700257697928,548.601145201649
"53","067","011300",1400000US53067011300,"53067011300","113",Census Tract 113,WA,Thurston County,Washington,CT,3328298,511557,16.9596426946722,6.43650145428785,11.700257697928,1305.96114709063
"53","067","010920",1400000US53067010920,"53067010920","109.20",Census Tract 109.20,WA,Thurston County,Washington,CT,9242421,115516,16.9596426946722,6.43650145428785,11.700257697928,1382.55273808938
"53","067","010520",1400000US53067010520,"53067010520","105.20",Census Tract 105.20,WA,Thurston County,Washington,CT,3714493,584953,16.9596426946722,6.43650145428785,11.700257697928,1343.91334511725
"53","073","000600",1400000US53073000600,"53073000600","6",Census Tract 6,WA,Whatcom County,Washington,CT,1117991,122832,16.9596426946722,6.43650145428785,11.700257697928,984.042949798955
"53","077","002900",1400000US53077002900,"53077002900","29",Census Tract 29,WA,Yakima County,Washington,CT,212458397,522480,16.9596426946722,6.43650145428785,11.700257697928,361.767159463188
"53","077","001901",1400000US53077001901,"53077001901","19.01",Census Tract 19.01,WA,Yakima County,Washington,CT,5292108,0,16.9596426946722,6.43650145428785,11.700257697928,200.571623249935
"53","077","000600",1400000US53077000600,"53077000600","6",Census Tract 6,WA,Yakima County,Washington,CT,1530445,0,16.9596426946722,6.43650145428785,11.700257697928,223.564496052709
"53","017","950800",1400000US53017950800,"53017950800","9508",Census Tract 9508,WA,Douglas County,Washington,CT,5588633,917920,16.9596426946722,6.43650145428785,11.700257697928,269.360721870396
"53","029","970800",1400000US53029970800,"53029970800","9708",Census Tract 9708,WA,Island County,Washington,CT,1564790,0,16.9596426946722,6.43650145428785,11.700257697928,628.121051569698
"53","029","970601",1400000US53029970601,"53029970601","9706.01",Census Tract 9706.01,WA,Island County,Washington,CT,1627514,0,16.9596426946722,6.43650145428785,11.700257697928,618.339770139526
"53","057","950100",1400000US53057950100,"53057950100","9501",Census Tract 9501,WA,Skagit County,Washington,CT,59058084,19271773,16.9596426946722,6.43650145428785,11.700257697928,742.323608279669
"53","011","040909",1400000US53011040909,"53011040909","409.09",Census Tract 409.09,WA,Clark County,Washington,CT,4216445,0,16.9596426946722,6.43650145428785,11.700257697928,1072.68515772659
"53","011","040711",1400000US53011040711,"53011040711","407.11",Census Tract 407.11,WA,Clark County,Washington,CT,2005786,0,16.9596426946722,6.43650145428785,11.700257697928,1207.29757119765
"53","011","041332",1400000US53011041332,"53011041332","413.32",Census Tract 413.32,WA,Clark County,Washington,CT,1570868,0,16.9596426946722,6.43650145428785,11.700257697928,1192.22823299778
"53","011","042700",1400000US53011042700,"53011042700","427",Census Tract 427,WA,Clark County,Washington,CT,1191516,0,16.9596426946722,6.43650145428785,11.700257697928,1082.48409854687
"53","067","011622",1400000US53067011622,"53067011622","116.22",Census Tract 116.22,WA,Thurston County,Washington,CT,2166820,460169,16.9596426946722,6.43650145428785,11.700257697928,1295.52045515264
"53","053","073122",1400000US53053073122,"53053073122","731.22",Census Tract 731.22,WA,Pierce County,Washington,CT,5032204,0,16.9596426946722,6.43650145428785,11.700257697928,1135.75187787446
"53","035","080800",1400000US53035080800,"53035080800","808",Census Tract 808,WA,Kitsap County,Washington,CT,1137381,592890,16.9596426946722,6.43650145428785,11.700257697928,1345.12846287616
"53","053","073116",1400000US53053073116,"53053073116","731.16",Census Tract 731.16,WA,Pierce County,Washington,CT,16089294,48340,16.9596426946722,6.43650145428785,11.700257697928,1132.79879732977
"53","053","072106",1400000US53053072106,"53053072106","721.06",Census Tract 721.06,WA,Pierce County,Washington,CT,3411072,0,16.9596426946722,6.43650145428785,11.700257697928,1110.84153940168
"53","053","070100",1400000US53053070100,"53053070100","701",Census Tract 701,WA,Pierce County,Washington,CT,1896921464,14234308,16.9596426946722,6.43650145428785,11.700257697928,2072.71503046532
"53","053","061200",1400000US53053061200,"53053061200","612",Census Tract 612,WA,Pierce County,Washington,CT,1890510,0,16.9596426946722,6.43650145428785,11.700257697928,1109.41168776186
"53","053","061700",1400000US53053061700,"53053061700","617",Census Tract 617,WA,Pierce County,Washington,CT,2643642,0,16.9596426946722,6.43650145428785,11.700257697928,1094.63746277797
"53","053","063502",1400000US53053063502,"53053063502","635.02",Census Tract 635.02,WA,Pierce County,Washington,CT,1931125,5938,16.9596426946722,6.43650145428785,11.700257697928,1087.259399423
"53","053","071209",1400000US53053071209,"53053071209","712.09",Census Tract 712.09,WA,Pierce County,Washington,CT,2324702,0,16.9596426946722,6.43650145428785,11.700257697928,1085.96295786902
"53","053","060906",1400000US53053060906,"53053060906","609.06",Census Tract 609.06,WA,Pierce County,Washington,CT,1573418,0,16.9596426946722,6.43650145428785,11.700257697928,1110.06883363649
"53","053","071505",1400000US53053071505,"53053071505","715.05",Census Tract 715.05,WA,Pierce County,Washington,CT,4531080,0,16.9596426946722,6.43650145428785,11.700257697928,1082.27372732327
"53","053","940009",1400000US53053940009,"53053940009","9400.09",Census Tract 9400.09,WA,Pierce County,Washington,CT,7888670,0,16.9596426946722,6.43650145428785,11.700257697928,1070.16525612815
"53","053","071601",1400000US53053071601,"53053071601","716.01",Census Tract 716.01,WA,Pierce County,Washington,CT,4032409,0,16.9596426946722,6.43650145428785,11.700257697928,1081.45437284117
"53","049","950200",1400000US53049950200,"53049950200","9502",Census Tract 9502,WA,Pacific County,Washington,CT,401391660,14800607,16.9596426946722,6.43650145428785,11.700257697928,2158.31355788266
"53","015","000901",1400000US53015000901,"53015000901","9.01",Census Tract 9.01,WA,Cowlitz County,Washington,CT,3467730,240833,16.9596426946722,6.43650145428785,11.700257697928,1273.11504494629
"53","071","920301",1400000US53071920301,"53071920301","9203.01",Census Tract 9203.01,WA,Walla Walla County,Washington,CT,2621060,0,16.9596426946722,6.43650145428785,11.700257697928,404.286876197841
"53","011","041337",1400000US53011041337,"53011041337","413.37",Census Tract 413.37,WA,Clark County,Washington,CT,2591237,7161,16.9596426946722,6.43650145428785,11.700257697928,1197.96364441109
"53","063","010604",1400000US53063010604,"53063010604","106.04",Census Tract 106.04,WA,Spokane County,Washington,CT,3460018,0,16.9596426946722,6.43650145428785,11.700257697928,447.374337736424
"53","063","004001",1400000US53063004001,"53063004001","40.01",Census Tract 40.01,WA,Spokane County,Washington,CT,828735,0,16.9596426946722,6.43650145428785,11.700257697928,448.453979408577
"53","063","002503",1400000US53063002503,"53063002503","25.03",Census Tract 25.03,WA,Spokane County,Washington,CT,902373,66363,16.9596426946722,6.43650145428785,11.700257697928,445.390901014186
"53","063","004701",1400000US53063004701,"53063004701","47.01",Census Tract 47.01,WA,Spokane County,Washington,CT,1307168,0,16.9596426946722,6.43650145428785,11.700257697928,511.595226572116
"53","063","000202",1400000US53063000202,"53063000202","2.02",Census Tract 2.02,WA,Spokane County,Washington,CT,627100,0,16.9596426946722,6.43650145428785,11.700257697928,463.154715142566
"53","033","029507",1400000US53033029507,"53033029507","295.07",Census Tract 295.07,WA,King County,Washington,CT,1749224,0,16.9596426946722,6.43650145428785,11.700257697928,1134.7140687936
"53","033","029309",1400000US53033029309,"53033029309","293.09",Census Tract 293.09,WA,King County,Washington,CT,2261673,0,16.9596426946722,6.43650145428785,11.700257697928,1074.24874021314
"53","033","005202",1400000US53033005202,"53033005202","52.02",Census Tract 52.02,WA,King County,Washington,CT,269234,19268,16.9596426946722,6.43650145428785,11.700257697928,981.634626826213
"53","033","020301",1400000US53033020301,"53033020301","203.01",Census Tract 203.01,WA,King County,Washington,CT,1262275,35402,16.9596426946722,6.43650145428785,11.700257697928,1010.16387898915
"53","033","032706",1400000US53033032706,"53033032706","327.06",Census Tract 327.06,WA,King County,Washington,CT,458845767,11916761,16.9596426946722,6.43650145428785,11.700257697928,3021.06682691708
"53","033","032222",1400000US53033032222,"53033032222","322.22",Census Tract 322.22,WA,King County,Washington,CT,1281699,0,16.9596426946722,6.43650145428785,11.700257697928,1253.72614175878
"53","033","023806",1400000US53033023806,"53033023806","238.06",Census Tract 238.06,WA,King County,Washington,CT,234791,0,16.9596426946722,6.43650145428785,11.700257697928,1042.31360497956
"53","033","024301",1400000US53033024301,"53033024301","243.01",Census Tract 243.01,WA,King County,Washington,CT,1381432,0,16.9596426946722,6.43650145428785,11.700257697928,1000.57237369766
"53","033","029506",1400000US53033029506,"53033029506","295.06",Census Tract 295.06,WA,King County,Washington,CT,953757,0,16.9596426946722,6.43650145428785,11.700257697928,1105.39731066799
"53","033","025401",1400000US53033025401,"53033025401","254.01",Census Tract 254.01,WA,King County,Washington,CT,1199148,0,16.9596426946722,6.43650145428785,11.700257697928,1079.19172382061
"53","033","020302",1400000US53033020302,"53033020302","203.02",Census Tract 203.02,WA,King County,Washington,CT,1294795,10048,16.9596426946722,6.43650145428785,11.700257697928,1003.6067907779
"53","033","004702",1400000US53033004702,"53033004702","47.02",Census Tract 47.02,WA,King County,Washington,CT,266414,0,16.9596426946722,6.43650145428785,11.700257697928,993.25681202142
"53","077","002003",1400000US53077002003,"53077002003","20.03",Census Tract 20.03,WA,Yakima County,Washington,CT,5387436,0,16.9596426946722,6.43650145428785,11.700257697928,191.484640478262
"53","077","000904",1400000US53077000904,"53077000904","9.04",Census Tract 9.04,WA,Yakima County,Washington,CT,3101280,0,16.9596426946722,6.43650145428785,11.700257697928,230.709561296273
"53","077","000301",1400000US53077000301,"53077000301","3.01",Census Tract 3.01,WA,Yakima County,Washington,CT,3966850,265584,16.9596426946722,6.43650145428785,11.700257697928,230.41546191496
"53","077","000302",1400000US53077000302,"53077000302","3.02",Census Tract 3.02,WA,Yakima County,Washington,CT,931103,0,16.9596426946722,6.43650145428785,11.700257697928,234.922612952865
"53","033","030407",1400000US53033030407,"53033030407","304.07",Census Tract 304.07,WA,King County,Washington,CT,4497215,184183,16.9596426946722,6.43650145428785,11.700257697928,1157.79199765354
"53","033","029505",1400000US53033029505,"53033029505","295.05",Census Tract 295.05,WA,King County,Washington,CT,1408180,0,16.9596426946722,6.43650145428785,11.700257697928,1105.39731066799
"53","033","029508",1400000US53033029508,"53033029508","295.08",Census Tract 295.08,WA,King County,Washington,CT,2562172,34833,16.9596426946722,6.43650145428785,11.700257697928,1134.7140687936
"53","033","032332",1400000US53033032332,"53033032332","323.32",Census Tract 323.32,WA,King County,Washington,CT,4774596,0,16.9596426946722,6.43650145428785,11.700257697928,1217.8892478671
"53","033","005307",1400000US53033005307,"53033005307","53.07",Census Tract 53.07,WA,King County,Washington,CT,130030,0,16.9596426946722,6.43650145428785,11.700257697928,976.783498353967
"53","007","960202",1400000US53007960202,"53007960202","9602.02",Census Tract 9602.02,WA,Chelan County,Washington,CT,296781774,0,16.9596426946722,6.43650145428785,11.700257697928,775.4422296877
"53","007","960501",1400000US53007960501,"53007960501","9605.01",Census Tract 9605.01,WA,Chelan County,Washington,CT,203810260,826882,16.9596426946722,6.43650145428785,11.700257697928,678.054547431507
"53","007","960201",1400000US53007960201,"53007960201","9602.01",Census Tract 9602.01,WA,Chelan County,Washington,CT,405302149,2737870,16.9596426946722,6.43650145428785,11.700257697928,1403.94590994672
"53","037","975403",1400000US53037975403,"53037975403","9754.03",Census Tract 9754.03,WA,Kittitas County,Washington,CT,4054605,0,16.9596426946722,6.43650145428785,11.700257697928,225.503257239654
"53","017","950101",1400000US53017950101,"53017950101","9501.01",Census Tract 9501.01,WA,Douglas County,Washington,CT,546699792,38330653,16.9596426946722,6.43650145428785,11.700257697928,315.18870671434
"53","049","950301",1400000US53049950301,"53049950301","9503.01",Census Tract 9503.01,WA,Pacific County,Washington,CT,370517401,147034322,16.9596426946722,6.43650145428785,11.700257697928,2238.44403406965
"53","049","950702",1400000US53049950702,"53049950702","9507.02",Census Tract 9507.02,WA,Pacific County,Washington,CT,22256569,17224386,16.9596426946722,6.43650145428785,11.700257697928,1947.88524124509
"53","021","020201",1400000US53021020201,"53021020201","202.01",Census Tract 202.01,WA,Franklin County,Washington,CT,655092,0,16.9596426946722,6.43650145428785,11.700257697928,204.907566986307
"53","021","020103",1400000US53021020103,"53021020103","201.03",Census Tract 201.03,WA,Franklin County,Washington,CT,2460299,0,16.9596426946722,6.43650145428785,11.700257697928,210.813593757075
"53","005","010816",1400000US53005010816,"53005010816","108.16",Census Tract 108.16,WA,Benton County,Washington,CT,4019477,0,16.9596426946722,6.43650145428785,11.700257697928,205.703610124858
"53","067","011627",1400000US53067011627,"53067011627","116.27",Census Tract 116.27,WA,Thurston County,Washington,CT,2474373,69600,16.9596426946722,6.43650145428785,11.700257697928,1301.18972099636
"53","047","970301",1400000US53047970301,"53047970301","9703.01",Census Tract 9703.01,WA,Okanogan County,Washington,CT,1039060701,21037504,16.9596426946722,6.43650145428785,11.700257697928,508.438389128963
"53","039","950102",1400000US53039950102,"53039950102","9501.02",Census Tract 9501.02,WA,Klickitat County,Washington,CT,676460620,117162,16.9596426946722,6.43650145428785,11.700257697928,532.143792519894
"53","027","000401",1400000US53027000401,"53027000401","4.01",Census Tract 4.01,WA,Grays Harbor County,Washington,CT,623255356,7366034,16.9596426946722,6.43650145428785,11.700257697928,2854.78679901872
"53","027","001601",1400000US53027001601,"53027001601","16.01",Census Tract 16.01,WA,Grays Harbor County,Washington,CT,13358807,24148728,16.9596426946722,6.43650145428785,11.700257697928,1954.98642847823
"53","065","951401",1400000US53065951401,"53065951401","9514.01",Census Tract 9514.01,WA,Stevens County,Washington,CT,197884867,9083162,16.9596426946722,6.43650145428785,11.700257697928,514.424489953014
"53","011","041329",1400000US53011041329,"53011041329","413.29",Census Tract 413.29,WA,Clark County,Washington,CT,3192374,0,16.9596426946722,6.43650145428785,11.700257697928,1247.47142665562
"53","011","041309",1400000US53011041309,"53011041309","413.09",Census Tract 413.09,WA,Clark County,Washington,CT,3049428,54670,16.9596426946722,6.43650145428785,11.700257697928,1148.17743167844
"53","021","020700",1400000US53021020700,"53021020700","207",Census Tract 207,WA,Franklin County,Washington,CT,1408051025,30710760,16.9596426946722,6.43650145428785,11.700257697928,260.342406671415
"53","033","004902",1400000US53033004902,"53033004902","49.02",Census Tract 49.02,WA,King County,Washington,CT,597604,17368,16.9596426946722,6.43650145428785,11.700257697928,987.445719423817
"53","033","007901",1400000US53033007901,"53033007901","79.01",Census Tract 79.01,WA,King County,Washington,CT,267231,0,16.9596426946722,6.43650145428785,11.700257697928,994.103400523792
"53","033","007405",1400000US53033007405,"53033007405","74.05",Census Tract 74.05,WA,King County,Washington,CT,131830,0,16.9596426946722,6.43650145428785,11.700257697928,997.214873877613
"53","059","950100",1400000US53059950100,"53059950100","9501",Census Tract 9501,WA,Skamania County,Washington,CT,3570844789,34843813,16.9596426946722,6.43650145428785,11.700257697928,2546.45587242885
"53","053","073129",1400000US53053073129,"53053073129","731.29",Census Tract 731.29,WA,Pierce County,Washington,CT,2844832,0,16.9596426946722,6.43650145428785,11.700257697928,1142.28956083171
"53","053","062902",1400000US53053062902,"53053062902","629.02",Census Tract 629.02,WA,Pierce County,Washington,CT,2014258,0,16.9596426946722,6.43650145428785,11.700257697928,1097.8249958695
"53","053","071417",1400000US53053071417,"53053071417","714.17",Census Tract 714.17,WA,Pierce County,Washington,CT,3459048,0,16.9596426946722,6.43650145428785,11.700257697928,1104.795620389
"53","053","071415",1400000US53053071415,"53053071415","714.15",Census Tract 714.15,WA,Pierce County,Washington,CT,5226515,0,16.9596426946722,6.43650145428785,11.700257697928,1119.08030189815
"53","053","073127",1400000US53053073127,"53053073127","731.27",Census Tract 731.27,WA,Pierce County,Washington,CT,4652726,0,16.9596426946722,6.43650145428785,11.700257697928,1111.47255882862
"53","057","951102",1400000US53057951102,"53057951102","9511.02",Census Tract 9511.02,WA,Skagit County,Washington,CT,1141288134,12431849,16.9596426946722,6.43650145428785,11.700257697928,2638.07145774347
"53","057","951101",1400000US53057951101,"53057951101","9511.01",Census Tract 9511.01,WA,Skagit County,Washington,CT,1197520295,13725063,16.9596426946722,6.43650145428785,11.700257697928,2386.96421429485
"53","057","952405",1400000US53057952405,"53057952405","9524.05",Census Tract 9524.05,WA,Skagit County,Washington,CT,331247,0,16.9596426946722,6.43650145428785,11.700257697928,898.685871683984
"53","057","952404",1400000US53057952404,"53057952404","9524.04",Census Tract 9524.04,WA,Skagit County,Washington,CT,462558,0,16.9596426946722,6.43650145428785,11.700257697928,966.096912008682
"53","061","051401",1400000US53061051401,"53061051401","514.01",Census Tract 514.01,WA,Snohomish County,Washington,CT,1550833,0,16.9596426946722,6.43650145428785,11.700257697928,1022.40225232256
"53","061","051302",1400000US53061051302,"53061051302","513.02",Census Tract 513.02,WA,Snohomish County,Washington,CT,1506893,0,16.9596426946722,6.43650145428785,11.700257697928,1026.57692634204
"53","061","041813",1400000US53061041813,"53061041813","418.13",Census Tract 418.13,WA,Snohomish County,Washington,CT,1410255,0,16.9596426946722,6.43650145428785,11.700257697928,1085.10228940226
"53","061","052008",1400000US53061052008,"53061052008","520.08",Census Tract 520.08,WA,Snohomish County,Washington,CT,1937400,27393,16.9596426946722,6.43650145428785,11.700257697928,1094.11466442174
"53","061","052809",1400000US53061052809,"53061052809","528.09",Census Tract 528.09,WA,Snohomish County,Washington,CT,1227809,0,16.9596426946722,6.43650145428785,11.700257697928,1114.02504273526
"53","073","010101",1400000US53073010101,"53073010101","101.01",Census Tract 101.01,WA,Whatcom County,Washington,CT,308376939,2828057,16.9596426946722,6.43650145428785,11.700257697928,2101.75670351957
"53","073","000903",1400000US53073000903,"53073000903","9.03",Census Tract 9.03,WA,Whatcom County,Washington,CT,3114282,0,16.9596426946722,6.43650145428785,11.700257697928,1029.11838545005
"53","073","001102",1400000US53073001102,"53073001102","11.02",Census Tract 11.02,WA,Whatcom County,Washington,CT,1391659,26701937,16.9596426946722,6.43650145428785,11.700257697928,960.509610364202
"53","073","001204",1400000US53073001204,"53073001204","12.04",Census Tract 12.04,WA,Whatcom County,Washington,CT,1660504,0,16.9596426946722,6.43650145428785,11.700257697928,1034.31039423991
"53","025","011102",1400000US53025011102,"53025011102","111.02",Census Tract 111.02,WA,Grant County,Washington,CT,3149368,2091255,16.9596426946722,6.43650145428785,11.700257697928,199.210142200542
"53","049","950502",1400000US53049950502,"53049950502","9505.02",Census Tract 9505.02,WA,Pacific County,Washington,CT,13001734,12114486,16.9596426946722,6.43650145428785,11.700257697928,1970.29004918082
"53","053","071506",1400000US53053071506,"53053071506","715.06",Census Tract 715.06,WA,Pierce County,Washington,CT,3897260,0,16.9596426946722,6.43650145428785,11.700257697928,1084.24488304183
"53","053","071100",1400000US53053071100,"53053071100","711",Census Tract 711,WA,Pierce County,Washington,CT,6512502,2443,16.9596426946722,6.43650145428785,11.700257697928,1076.67886724655
"53","053","072313",1400000US53053072313,"53053072313","723.13",Census Tract 723.13,WA,Pierce County,Washington,CT,2558618,0,16.9596426946722,6.43650145428785,11.700257697928,1112.64415471826
"53","049","950400",1400000US53049950400,"53049950400","9504",Census Tract 9504,WA,Pacific County,Washington,CT,1502696360,114963698,16.9596426946722,6.43650145428785,11.700257697928,2625.25260486649
"53","041","971502",1400000US53041971502,"53041971502","9715.02",Census Tract 9715.02,WA,Lewis County,Washington,CT,684733506,1753316,16.9596426946722,6.43650145428785,11.700257697928,1764.38653163568
"53","021","020607",1400000US53021020607,"53021020607","206.07",Census Tract 206.07,WA,Franklin County,Washington,CT,3760960,0,16.9596426946722,6.43650145428785,11.700257697928,205.784790906166
"53","067","012224",1400000US53067012224,"53067012224","122.24",Census Tract 122.24,WA,Thurston County,Washington,CT,5749275,0,16.9596426946722,6.43650145428785,11.700257697928,1304.22892190493
"53","031","950604",1400000US53031950604,"53031950604","9506.04",Census Tract 9506.04,WA,Jefferson County,Washington,CT,5475345,21915631,16.9596426946722,6.43650145428785,11.700257697928,533.609544869736
"53","025","010901",1400000US53025010901,"53025010901","109.01",Census Tract 109.01,WA,Grant County,Washington,CT,11253372,54586,16.9596426946722,6.43650145428785,11.700257697928,200.197686986094
"53","055","960103",1400000US53055960103,"53055960103","9601.03",Census Tract 9601.03,WA,San Juan County,Washington,CT,59107375,46805766,16.9596426946722,6.43650145428785,11.700257697928,720.530310874897
"53","011","040809",1400000US53011040809,"53011040809","408.09",Census Tract 408.09,WA,Clark County,Washington,CT,2290159,0,16.9596426946722,6.43650145428785,11.700257697928,1096.75976993939
"53","053","071309",1400000US53053071309,"53053071309","713.09",Census Tract 713.09,WA,Pierce County,Washington,CT,4133687,0,16.9596426946722,6.43650145428785,11.700257697928,1109.90033640995
"53","061","040500",1400000US53061040500,"53061040500","405",Census Tract 405,WA,Snohomish County,Washington,CT,1820024,206137,16.9596426946722,6.43650145428785,11.700257697928,978.965361106784
"53","027","000300",1400000US53027000300,"53027000300","3",Census Tract 3,WA,Grays Harbor County,Washington,CT,1445792261,25938917,16.9596426946722,6.43650145428785,11.700257697928,3245.15614832858
"53","039","950200",1400000US53039950200,"53039950200","9502",Census Tract 9502,WA,Klickitat County,Washington,CT,906391757,23337764,16.9596426946722,6.43650145428785,11.700257697928,544.872852003396
"53","047","940100",1400000US53047940100,"53047940100","9401",Census Tract 9401,WA,Okanogan County,Washington,CT,924671494,18362646,16.9596426946722,6.43650145428785,11.700257697928,390.15890692183
"53","057","951800",1400000US53057951800,"53057951800","9518",Census Tract 9518,WA,Skagit County,Washington,CT,10295225,319372,16.9596426946722,6.43650145428785,11.700257697928,896.600245187182
"53","063","011500",1400000US53063011500,"53063011500","115",Census Tract 115,WA,Spokane County,Washington,CT,1075570,44535,16.9596426946722,6.43650145428785,11.700257697928,475.520385201284
"53","063","012100",1400000US53063012100,"53063012100","121",Census Tract 121,WA,Spokane County,Washington,CT,2573400,0,16.9596426946722,6.43650145428785,11.700257697928,456.078379875965
"53","065","950600",1400000US53065950600,"53065950600","9506",Census Tract 9506,WA,Stevens County,Washington,CT,671984523,2314838,16.9596426946722,6.43650145428785,11.700257697928,716.977111662017
"53","067","012330",1400000US53067012330,"53067012330","123.30",Census Tract 123.30,WA,Thurston County,Washington,CT,3172318,0,16.9596426946722,6.43650145428785,11.700257697928,1283.18859168475
"53","029","970700",1400000US53029970700,"53029970700","9707",Census Tract 9707,WA,Island County,Washington,CT,2051921,456686,16.9596426946722,6.43650145428785,11.700257697928,617.915599706145
"53","033","024602",1400000US53033024602,"53033024602","246.02",Census Tract 246.02,WA,King County,Washington,CT,2893266,3542006,16.9596426946722,6.43650145428785,11.700257697928,1014.46596309059
"53","033","026802",1400000US53033026802,"53033026802","268.02",Census Tract 268.02,WA,King County,Washington,CT,2035736,18135,16.9596426946722,6.43650145428785,11.700257697928,1046.71104408436
"53","033","032800",1400000US53033032800,"53033032800","328",Census Tract 328,WA,King County,Washington,CT,1390641456,27389939,16.9596426946722,6.43650145428785,11.700257697928,2974.25847817313
"53","033","030901",1400000US53033030901,"53033030901","309.01",Census Tract 309.01,WA,King County,Washington,CT,3121700,0,16.9596426946722,6.43650145428785,11.700257697928,1089.81166381084
"53","033","028000",1400000US53033028000,"53033028000","280",Census Tract 280,WA,King County,Washington,CT,1951003,0,16.9596426946722,6.43650145428785,11.700257697928,1070.51300113116
"53","033","024701",1400000US53033024701,"53033024701","247.01",Census Tract 247.01,WA,King County,Washington,CT,2637026,0,16.9596426946722,6.43650145428785,11.700257697928,1078.67832316536
"53","033","009200",1400000US53033009200,"53033009200","92",Census Tract 92,WA,King County,Washington,CT,338451,154864,16.9596426946722,6.43650145428785,11.700257697928,989.967319886219
"53","033","002600",1400000US53033002600,"53033002600","26",Census Tract 26,WA,King County,Washington,CT,1216627,28175,16.9596426946722,6.43650145428785,11.700257697928,974.417767287709
"53","007","960100",1400000US53007960100,"53007960100","9601",Census Tract 9601,WA,Chelan County,Washington,CT,3050035412,86384699,16.9596426946722,6.43650145428785,11.700257697928,1161.67221026558
"53","007","960700",1400000US53007960700,"53007960700","9607",Census Tract 9607,WA,Chelan County,Washington,CT,136244192,6626088,16.9596426946722,6.43650145428785,11.700257697928,439.151698893729
"53","061","040700",1400000US53061040700,"53061040700","407",Census Tract 407,WA,Snohomish County,Washington,CT,2774974,70611,16.9596426946722,6.43650145428785,11.700257697928,981.22080930492
"53","061","041905",1400000US53061041905,"53061041905","419.05",Census Tract 419.05,WA,Snohomish County,Washington,CT,2226998,0,16.9596426946722,6.43650145428785,11.700257697928,1076.87598956697
"53","061","051928",1400000US53061051928,"53061051928","519.28",Census Tract 519.28,WA,Snohomish County,Washington,CT,2303496,0,16.9596426946722,6.43650145428785,11.700257697928,1064.67272130279
"53","061","053700",1400000US53061053700,"53061053700","537",Census Tract 537,WA,Snohomish County,Washington,CT,1686847628,7170557,16.9596426946722,6.43650145428785,11.700257697928,2824.0508089464
"53","061","052701",1400000US53061052701,"53061052701","527.01",Census Tract 527.01,WA,Snohomish County,Washington,CT,20451246,0,16.9596426946722,6.43650145428785,11.700257697928,1219.26238122411
"53","009","000600",1400000US53009000600,"53009000600","6",Census Tract 6,WA,Clallam County,Washington,CT,1066254788,45266677,16.9596426946722,6.43650145428785,11.700257697928,2575.10117814934
"53","057","951200",1400000US53057951200,"53057951200","9512",Census Tract 9512,WA,Skagit County,Washington,CT,758886958,6393987,16.9596426946722,6.43650145428785,11.700257697928,2806.57059745768
"53","063","002600",1400000US53063002600,"53063002600","26",Census Tract 26,WA,Spokane County,Washington,CT,1996581,82750,16.9596426946722,6.43650145428785,11.700257697928,448.385148608585
"53","063","012702",1400000US53063012702,"53063012702","127.02",Census Tract 127.02,WA,Spokane County,Washington,CT,1432047,0,16.9596426946722,6.43650145428785,11.700257697928,477.647464098646
"53","063","000600",1400000US53063000600,"53063000600","6",Census Tract 6,WA,Spokane County,Washington,CT,1299934,0,16.9596426946722,6.43650145428785,11.700257697928,448.094726297194
"53","077","001400",1400000US53077001400,"53077001400","14",Census Tract 14,WA,Yakima County,Washington,CT,5539750,0,16.9596426946722,6.43650145428785,11.700257697928,215.301201316077
"53","077","940001",1400000US53077940001,"53077940001","9400.01",Census Tract 9400.01,WA,Yakima County,Washington,CT,304835380,186302,16.9596426946722,6.43650145428785,11.700257697928,203.108815939176
"53","077","940003",1400000US53077940003,"53077940003","9400.03",Census Tract 9400.03,WA,Yakima County,Washington,CT,4621265520,3847213,16.9596426946722,6.43650145428785,11.700257697928,680.633952852992
"53","053","073126",1400000US53053073126,"53053073126","731.26",Census Tract 731.26,WA,Pierce County,Washington,CT,1403627,0,16.9596426946722,6.43650145428785,11.700257697928,1131.73857001763
"53","035","080102",1400000US53035080102,"53035080102","801.02",Census Tract 801.02,WA,Kitsap County,Washington,CT,2352097,303795,16.9596426946722,6.43650145428785,11.700257697928,1242.30754967598
"53","035","081400",1400000US53035081400,"53035081400","814",Census Tract 814,WA,Kitsap County,Washington,CT,1660484,1829481,16.9596426946722,6.43650145428785,11.700257697928,1280.90264265542
"53","061","051701",1400000US53061051701,"53061051701","517.01",Census Tract 517.01,WA,Snohomish County,Washington,CT,2488166,0,16.9596426946722,6.43650145428785,11.700257697928,1026.43410197953
"53","061","053506",1400000US53061053506,"53061053506","535.06",Census Tract 535.06,WA,Snohomish County,Washington,CT,257848763,1663553,16.9596426946722,6.43650145428785,11.700257697928,1749.2886028825
"53","061","050600",1400000US53061050600,"53061050600","506",Census Tract 506,WA,Snohomish County,Washington,CT,3211678,979015,16.9596426946722,6.43650145428785,11.700257697928,947.483975276417
"53","033","025803",1400000US53033025803,"53033025803","258.03",Census Tract 258.03,WA,King County,Washington,CT,1343483,0,16.9596426946722,6.43650145428785,11.700257697928,1092.04210834057
"53","033","030403",1400000US53033030403,"53033030403","304.03",Census Tract 304.03,WA,King County,Washington,CT,3758274,6562,16.9596426946722,6.43650145428785,11.700257697928,1115.83732417646
"53","019","940000",1400000US53019940000,"53019940000","9400",Census Tract 9400,WA,Ferry County,Washington,CT,2807565536,120249130,16.9596426946722,6.43650145428785,11.700257697928,485.782457970269
"53","033","024100",1400000US53033024100,"53033024100","241",Census Tract 241,WA,King County,Washington,CT,4469122,1617421,16.9596426946722,6.43650145428785,11.700257697928,1006.96890056302
"53","033","011300",1400000US53033011300,"53033011300","113",Census Tract 113,WA,King County,Washington,CT,3419308,42220,16.9596426946722,6.43650145428785,11.700257697928,1028.97324523782
"53","057","952301",1400000US53057952301,"53057952301","9523.01",Census Tract 9523.01,WA,Skagit County,Washington,CT,2586647,0,16.9596426946722,6.43650145428785,11.700257697928,958.088236017346
"53","033","023808",1400000US53033023808,"53033023808","238.08",Census Tract 238.08,WA,King County,Washington,CT,308971,0,16.9596426946722,6.43650145428785,11.700257697928,1042.31360497956
"53","035","091001",1400000US53035091001,"53035091001","910.01",Census Tract 910.01,WA,Kitsap County,Washington,CT,14194358,4925303,16.9596426946722,6.43650145428785,11.700257697928,1135.44653890389
"53","011","040303",1400000US53011040303,"53011040303","403.03",Census Tract 403.03,WA,Clark County,Washington,CT,21730778,21914,16.9596426946722,6.43650145428785,11.700257697928,1207.90636927416
"53","077","002004",1400000US53077002004,"53077002004","20.04",Census Tract 20.04,WA,Yakima County,Washington,CT,3238759,0,16.9596426946722,6.43650145428785,11.700257697928,191.484640478262
"53","025","011002",1400000US53025011002,"53025011002","110.02",Census Tract 110.02,WA,Grant County,Washington,CT,77327401,338939,16.9596426946722,6.43650145428785,11.700257697928,201.310902112707
"53","033","007302",1400000US53033007302,"53033007302","73.02",Census Tract 73.02,WA,King County,Washington,CT,312981,0,16.9596426946722,6.43650145428785,11.700257697928,997.214873877613
"53","033","010301",1400000US53033010301,"53033010301","103.01",Census Tract 103.01,WA,King County,Washington,CT,1002658,0,16.9596426946722,6.43650145428785,11.700257697928,986.391915547483
"53","053","073128",1400000US53053073128,"53053073128","731.28",Census Tract 731.28,WA,Pierce County,Washington,CT,5248236,0,16.9596426946722,6.43650145428785,11.700257697928,1121.18757920355
"53","057","951503",1400000US53057951503,"53057951503","9515.03",Census Tract 9515.03,WA,Skagit County,Washington,CT,3844908,0,16.9596426946722,6.43650145428785,11.700257697928,1218.41705502871
"53","061","051938",1400000US53061051938,"53061051938","519.38",Census Tract 519.38,WA,Snohomish County,Washington,CT,3961856,0,16.9596426946722,6.43650145428785,11.700257697928,1079.71438369501
"53","033","005306",1400000US53033005306,"53033005306","53.06",Census Tract 53.06,WA,King County,Washington,CT,200489,0,16.9596426946722,6.43650145428785,11.700257697928,981.634626826213
"53","033","004202",1400000US53033004202,"53033004202","42.02",Census Tract 42.02,WA,King County,Washington,CT,1220977,0,16.9596426946722,6.43650145428785,11.700257697928,971.932369881721
"53","033","024703",1400000US53033024703,"53033024703","247.03",Census Tract 247.03,WA,King County,Washington,CT,3750917,0,16.9596426946722,6.43650145428785,11.700257697928,1092.00246502206
"53","005","010708",1400000US53005010708,"53005010708","107.08",Census Tract 107.08,WA,Benton County,Washington,CT,6891858,107678,16.9596426946722,6.43650145428785,11.700257697928,200.362419538524
"53","077","001701",1400000US53077001701,"53077001701","17.01",Census Tract 17.01,WA,Yakima County,Washington,CT,1025186077,9051851,16.9596426946722,6.43650145428785,11.700257697928,241.362737875749
"53","011","041317",1400000US53011041317,"53011041317","413.17",Census Tract 413.17,WA,Clark County,Washington,CT,2939789,0,16.9596426946722,6.43650145428785,11.700257697928,1172.17428075139
"53","037","975103",1400000US53037975103,"53037975103","9751.03",Census Tract 9751.03,WA,Kittitas County,Washington,CT,4927522,0,16.9596426946722,6.43650145428785,11.700257697928,731.219622015979
"53","015","001501",1400000US53015001501,"53015001501","15.01",Census Tract 15.01,WA,Cowlitz County,Washington,CT,404685066,15782870,16.9596426946722,6.43650145428785,11.700257697928,2799.36991744875
"53","011","040712",1400000US53011040712,"53011040712","407.12",Census Tract 407.12,WA,Clark County,Washington,CT,2928182,0,16.9596426946722,6.43650145428785,11.700257697928,1224.22981807661
"53","033","023805",1400000US53033023805,"53033023805","238.05",Census Tract 238.05,WA,King County,Washington,CT,329175,0,16.9596426946722,6.43650145428785,11.700257697928,1042.31360497956
"53","033","030007",1400000US53033030007,"53033030007","300.07",Census Tract 300.07,WA,King County,Washington,CT,643528,0,16.9596426946722,6.43650145428785,11.700257697928,1098.96086224609
"53","033","000602",1400000US53033000602,"53033000602","6.02",Census Tract 6.02,WA,King County,Washington,CT,2355577,55191,16.9596426946722,6.43650145428785,11.700257697928,988.219941687913
"53","033","032325",1400000US53033032325,"53033032325","323.25",Census Tract 323.25,WA,King County,Washington,CT,2212937,0,16.9596426946722,6.43650145428785,11.700257697928,1110.46006580488
"53","033","022006",1400000US53033022006,"53033022006","220.06",Census Tract 220.06,WA,King County,Washington,CT,1409940,0,16.9596426946722,6.43650145428785,11.700257697928,1043.9449352564
"53","033","028403",1400000US53033028403,"53033028403","284.03",Census Tract 284.03,WA,King County,Washington,CT,2075832,32666,16.9596426946722,6.43650145428785,11.700257697928,1072.70438216562
"53","033","011401",1400000US53033011401,"53033011401","114.01",Census Tract 114.01,WA,King County,Washington,CT,1233155,0,16.9596426946722,6.43650145428785,11.700257697928,1024.52735028024
"53","037","975700",1400000US53037975700,"53037975700","9757",Census Tract 9757,WA,Kittitas County,Washington,CT,1062419903,23491225,16.9596426946722,6.43650145428785,11.700257697928,242.857454693784
"53","061","041607",1400000US53061041607,"53061041607","416.07",Census Tract 416.07,WA,Snohomish County,Washington,CT,2925954,0,16.9596426946722,6.43650145428785,11.700257697928,1065.95510894081
"53","061","041100",1400000US53061041100,"53061041100","411",Census Tract 411,WA,Snohomish County,Washington,CT,2741345,6510,16.9596426946722,6.43650145428785,11.700257697928,995.350139647512
"53","077","003003",1400000US53077003003,"53077003003","30.03",Census Tract 30.03,WA,Yakima County,Washington,CT,2489362791,19403205,16.9596426946722,6.43650145428785,11.700257697928,1162.32273117133
"53","063","012401",1400000US53063012401,"53063012401","124.01",Census Tract 124.01,WA,Spokane County,Washington,CT,17122684,0,16.9596426946722,6.43650145428785,11.700257697928,519.032940979957
"53","077","001000",1400000US53077001000,"53077001000","10",Census Tract 10,WA,Yakima County,Washington,CT,2600923,0,16.9596426946722,6.43650145428785,11.700257697928,222.380121009991
"53","053","073115",1400000US53053073115,"53053073115","731.15",Census Tract 731.15,WA,Pierce County,Washington,CT,6850713,3197,16.9596426946722,6.43650145428785,11.700257697928,1125.90193375834
"53","053","070311",1400000US53053070311,"53053070311","703.11",Census Tract 703.11,WA,Pierce County,Washington,CT,4982545,1573,16.9596426946722,6.43650145428785,11.700257697928,1208.1031159461
"53","067","011626",1400000US53067011626,"53067011626","116.26",Census Tract 116.26,WA,Thurston County,Washington,CT,3095133,94357,16.9596426946722,6.43650145428785,11.700257697928,1303.40006585179
"53","053","071604",1400000US53053071604,"53053071604","716.04",Census Tract 716.04,WA,Pierce County,Washington,CT,1946236,0,16.9596426946722,6.43650145428785,11.700257697928,1080.30257160471
"53","053","063401",1400000US53053063401,"53053063401","634.01",Census Tract 634.01,WA,Pierce County,Washington,CT,1931646,0,16.9596426946722,6.43650145428785,11.700257697928,1086.43501993523
"53","047","970303",1400000US53047970303,"53047970303","9703.03",Census Tract 9703.03,WA,Okanogan County,Washington,CT,1849587496,2510955,16.9596426946722,6.43650145428785,11.700257697928,452.189595239838
"53","061","053606",1400000US53061053606,"53061053606","536.06",Census Tract 536.06,WA,Snohomish County,Washington,CT,495251321,7600739,16.9596426946722,6.43650145428785,11.700257697928,2627.49894626185
"53","061","041814",1400000US53061041814,"53061041814","418.14",Census Tract 418.14,WA,Snohomish County,Washington,CT,1470890,0,16.9596426946722,6.43650145428785,11.700257697928,1077.71298893871
"53","011","040706",1400000US53011040706,"53011040706","407.06",Census Tract 407.06,WA,Clark County,Washington,CT,1891318,0,16.9596426946722,6.43650145428785,11.700257697928,1192.22823299778
"53","033","031707",1400000US53033031707,"53033031707","317.07",Census Tract 317.07,WA,King County,Washington,CT,3703354,19146,16.9596426946722,6.43650145428785,11.700257697928,1164.03082691921
"53","033","010501",1400000US53033010501,"53033010501","105.01",Census Tract 105.01,WA,King County,Washington,CT,742016,0,16.9596426946722,6.43650145428785,11.700257697928,1015.15129947565
"53","039","950302",1400000US53039950302,"53039950302","9503.02",Census Tract 9503.02,WA,Klickitat County,Washington,CT,625730850,5918298,16.9596426946722,6.43650145428785,11.700257697928,1023.54828212481
"53","071","920701",1400000US53071920701,"53071920701","9207.01",Census Tract 9207.01,WA,Walla Walla County,Washington,CT,1853528,0,16.9596426946722,6.43650145428785,11.700257697928,438.708221213411
"53","065","950101",1400000US53065950101,"53065950101","9501.01",Census Tract 9501.01,WA,Stevens County,Washington,CT,832795460,15627370,16.9596426946722,6.43650145428785,11.700257697928,668.866696849033
"53","007","960301",1400000US53007960301,"53007960301","9603.01",Census Tract 9603.01,WA,Chelan County,Washington,CT,300227979,37929865,16.9596426946722,6.43650145428785,11.700257697928,578.110128412233
"53","037","975202",1400000US53037975202,"53037975202","9752.02",Census Tract 9752.02,WA,Kittitas County,Washington,CT,302243507,1986324,16.9596426946722,6.43650145428785,11.700257697928,416.296286915185
"53","053","072108",1400000US53053072108,"53053072108","721.08",Census Tract 721.08,WA,Pierce County,Washington,CT,3215637,970812,16.9596426946722,6.43650145428785,11.700257697928,1114.89719750918
"53","053","072112",1400000US53053072112,"53053072112","721.12",Census Tract 721.12,WA,Pierce County,Washington,CT,2407945,0,16.9596426946722,6.43650145428785,11.700257697928,1097.35265709021
"53","033","022204",1400000US53033022204,"53033022204","222.04",Census Tract 222.04,WA,King County,Washington,CT,1603105,0,16.9596426946722,6.43650145428785,11.700257697928,1049.47037947965
"53","033","007404",1400000US53033007404,"53033007404","74.04",Census Tract 74.04,WA,King County,Washington,CT,153725,0,16.9596426946722,6.43650145428785,11.700257697928,997.214873877613
"53","011","041113",1400000US53011041113,"53011041113","411.13",Census Tract 411.13,WA,Clark County,Washington,CT,1271188,0,16.9596426946722,6.43650145428785,11.700257697928,1160.66348697381
"53","033","022502",1400000US53033022502,"53033022502","225.02",Census Tract 225.02,WA,King County,Washington,CT,1264562,230572,16.9596426946722,6.43650145428785,11.700257697928,1028.05638666434
"53","007","960203",1400000US53007960203,"53007960203","9602.03",Census Tract 9602.03,WA,Chelan County,Washington,CT,1843360337,17734063,16.9596426946722,6.43650145428785,11.700257697928,1629.02281287052
"53","037","975101",1400000US53037975101,"53037975101","9751.01",Census Tract 9751.01,WA,Kittitas County,Washington,CT,1709325885,52835747,16.9596426946722,6.43650145428785,11.700257697928,1560.74196025691
"53","049","950701",1400000US53049950701,"53049950701","9507.01",Census Tract 9507.01,WA,Pacific County,Washington,CT,6040787,6452553,16.9596426946722,6.43650145428785,11.700257697928,1937.3833638628
"53","011","041313",1400000US53011041313,"53011041313","413.13",Census Tract 413.13,WA,Clark County,Washington,CT,1726332,0,16.9596426946722,6.43650145428785,11.700257697928,1163.57782619816
"53","053","070312",1400000US53053070312,"53053070312","703.12",Census Tract 703.12,WA,Pierce County,Washington,CT,8287787,15975,16.9596426946722,6.43650145428785,11.700257697928,1101.48905019466
"53","005","011201",1400000US53005011201,"53005011201","112.01",Census Tract 112.01,WA,Benton County,Washington,CT,1449817,0,16.9596426946722,6.43650145428785,11.700257697928,202.937572804764
"53","053","061300",1400000US53053061300,"53053061300","613",Census Tract 613,WA,Pierce County,Washington,CT,1574646,0,16.9596426946722,6.43650145428785,11.700257697928,1094.63746277797
"53","053","940007",1400000US53053940007,"53053940007","9400.07",Census Tract 9400.07,WA,Pierce County,Washington,CT,2496188,26552,16.9596426946722,6.43650145428785,11.700257697928,1058.60768239127
"53","047","971000",1400000US53047971000,"53047971000","9710",Census Tract 9710,WA,Okanogan County,Washington,CT,1574938363,5753183,16.9596426946722,6.43650145428785,11.700257697928,628.922364118272
"53","063","003200",1400000US53063003200,"53063003200","32",Census Tract 32,WA,Spokane County,Washington,CT,1265841,0,16.9596426946722,6.43650145428785,11.700257697928,445.390901014186
"53","063","012600",1400000US53063012600,"53063012600","126",Census Tract 126,WA,Spokane County,Washington,CT,2630843,0,16.9596426946722,6.43650145428785,11.700257697928,462.759526355876
"53","067","010600",1400000US53067010600,"53067010600","106",Census Tract 106,WA,Thurston County,Washington,CT,4149849,442606,16.9596426946722,6.43650145428785,11.700257697928,1349.24702072382
"53","077","000800",1400000US53077000800,"53077000800","8",Census Tract 8,WA,Yakima County,Washington,CT,2582078,0,16.9596426946722,6.43650145428785,11.700257697928,222.380121009991
"53","017","950700",1400000US53017950700,"53017950700","9507",Census Tract 9507,WA,Douglas County,Washington,CT,2622134,0,16.9596426946722,6.43650145428785,11.700257697928,244.457661755593
"53","005","010901",1400000US53005010901,"53005010901","109.01",Census Tract 109.01,WA,Benton County,Washington,CT,6702092,348321,16.9596426946722,6.43650145428785,11.700257697928,203.335708863438
"53","015","000502",1400000US53015000502,"53015000502","5.02",Census Tract 5.02,WA,Cowlitz County,Washington,CT,1382262,0,16.9596426946722,6.43650145428785,11.700257697928,1186.0601284259
"53","015","001700",1400000US53015001700,"53015001700","17",Census Tract 17,WA,Cowlitz County,Washington,CT,393602992,497669,16.9596426946722,6.43650145428785,11.700257697928,1776.59265097773
"53","061","041201",1400000US53061041201,"53061041201","412.01",Census Tract 412.01,WA,Snohomish County,Washington,CT,1488873,0,16.9596426946722,6.43650145428785,11.700257697928,993.22409978987
"53","011","042100",1400000US53011042100,"53011042100","421",Census Tract 421,WA,Clark County,Washington,CT,1315649,0,16.9596426946722,6.43650145428785,11.700257697928,1037.24287503895
"53","033","032324",1400000US53033032324,"53033032324","323.24",Census Tract 323.24,WA,King County,Washington,CT,2048589,0,16.9596426946722,6.43650145428785,11.700257697928,1090.61143476769
"53","061","052708",1400000US53061052708,"53061052708","527.08",Census Tract 527.08,WA,Snohomish County,Washington,CT,3161372,0,16.9596426946722,6.43650145428785,11.700257697928,1174.45209863071
"53","061","051100",1400000US53061051100,"53061051100","511",Census Tract 511,WA,Snohomish County,Washington,CT,2057724,0,16.9596426946722,6.43650145428785,11.700257697928,1018.37040266559
"53","033","027000",1400000US53033027000,"53033027000","270",Census Tract 270,WA,King County,Washington,CT,1978896,12524,16.9596426946722,6.43650145428785,11.700257697928,1067.47973060698
"53","033","021804",1400000US53033021804,"53033021804","218.04",Census Tract 218.04,WA,King County,Washington,CT,3100405,0,16.9596426946722,6.43650145428785,11.700257697928,1067.59044892614
"53","053","073501",1400000US53053073501,"53053073501","735.01",Census Tract 735.01,WA,Pierce County,Washington,CT,8516011,0,16.9596426946722,6.43650145428785,11.700257697928,1114.15493750364
"53","057","952303",1400000US53057952303,"53057952303","9523.03",Census Tract 9523.03,WA,Skagit County,Washington,CT,2074919,0,16.9596426946722,6.43650145428785,11.700257697928,966.096912008682
"53","061","052010",1400000US53061052010,"53061052010","520.10",Census Tract 520.10,WA,Snohomish County,Washington,CT,1604539,0,16.9596426946722,6.43650145428785,11.700257697928,1091.79513903222
"53","033","029408",1400000US53033029408,"53033029408","294.08",Census Tract 294.08,WA,King County,Washington,CT,1263995,0,16.9596426946722,6.43650145428785,11.700257697928,1097.73243736762
"53","033","022901",1400000US53033022901,"53033022901","229.01",Census Tract 229.01,WA,King County,Washington,CT,1485129,0,16.9596426946722,6.43650145428785,11.700257697928,1101.79318436421
"53","033","007101",1400000US53033007101,"53033007101","71.01",Census Tract 71.01,WA,King County,Washington,CT,495054,0,16.9596426946722,6.43650145428785,11.700257697928,999.249814735668
"53","033","006800",1400000US53033006800,"53033006800","68",Census Tract 68,WA,King County,Washington,CT,718106,0,16.9596426946722,6.43650145428785,11.700257697928,999.249814735668
"53","025","010700",1400000US53025010700,"53025010700","107",Census Tract 107,WA,Grant County,Washington,CT,853667270,72977677,16.9596426946722,6.43650145428785,11.700257697928,191.909044476675
"53","001","950200",1400000US53001950200,"53001950200","9502",Census Tract 9502,WA,Adams County,Washington,CT,2629354892,2148452,16.9596426946722,6.43650145428785,11.700257697928,279.845403836947
"53","005","011100",1400000US53005011100,"53005011100","111",Census Tract 111,WA,Benton County,Washington,CT,5165167,0,16.9596426946722,6.43650145428785,11.700257697928,207.852312706163
"53","011","041010",1400000US53011041010,"53011041010","410.10",Census Tract 410.10,WA,Clark County,Washington,CT,3577006,0,16.9596426946722,6.43650145428785,11.700257697928,1092.48707679704
"53","033","032224",1400000US53033032224,"53033032224","322.24",Census Tract 322.24,WA,King County,Washington,CT,3018668,0,16.9596426946722,6.43650145428785,11.700257697928,1222.94804429906
"53","033","021701",1400000US53033021701,"53033021701","217.01",Census Tract 217.01,WA,King County,Washington,CT,2573147,0,16.9596426946722,6.43650145428785,11.700257697928,1030.95536380949
"53","073","010405",1400000US53073010405,"53073010405","104.05",Census Tract 104.05,WA,Whatcom County,Washington,CT,14219587,40917902,16.9596426946722,6.43650145428785,11.700257697928,1129.03565266434
"53","061","052810",1400000US53061052810,"53061052810","528.10",Census Tract 528.10,WA,Snohomish County,Washington,CT,1939990,0,16.9596426946722,6.43650145428785,11.700257697928,1114.02504273526
"53","033","023702",1400000US53033023702,"53033023702","237.02",Census Tract 237.02,WA,King County,Washington,CT,3498742,18268,16.9596426946722,6.43650145428785,11.700257697928,1099.13492990759
"53","075","000601",1400000US53075000601,"53075000601","6.01",Census Tract 6.01,WA,Whitman County,Washington,CT,1028996,0,16.9596426946722,6.43650145428785,11.700257697928,524.264623578819
"53","073","000302",1400000US53073000302,"53073000302","3.02",Census Tract 3.02,WA,Whatcom County,Washington,CT,2237282,0,16.9596426946722,6.43650145428785,11.700257697928,965.730529077699
"53","053","071705",1400000US53053071705,"53053071705","717.05",Census Tract 717.05,WA,Pierce County,Washington,CT,2385853,0,16.9596426946722,6.43650145428785,11.700257697928,1083.78098551385
"53","077","000500",1400000US53077000500,"53077000500","5",Census Tract 5,WA,Yakima County,Washington,CT,2487749,0,16.9596426946722,6.43650145428785,11.700257697928,228.651366981428
"53","007","960502",1400000US53007960502,"53007960502","9605.02",Census Tract 9605.02,WA,Chelan County,Washington,CT,628198418,721854,16.9596426946722,6.43650145428785,11.700257697928,830.824784331431
"53","001","950400",1400000US53001950400,"53001950400","9504",Census Tract 9504,WA,Adams County,Washington,CT,3559985,0,16.9596426946722,6.43650145428785,11.700257697928,209.440420363882
"53","063","011600",1400000US53063011600,"53063011600","116",Census Tract 116,WA,Spokane County,Washington,CT,1802927,14240,16.9596426946722,6.43650145428785,11.700257697928,478.220250245621
"53","011","040905",1400000US53011040905,"53011040905","409.05",Census Tract 409.05,WA,Clark County,Washington,CT,26166752,120315,16.9596426946722,6.43650145428785,11.700257697928,1105.95117529327
"53","011","041333",1400000US53011041333,"53011041333","413.33",Census Tract 413.33,WA,Clark County,Washington,CT,1462883,0,16.9596426946722,6.43650145428785,11.700257697928,1192.22823299778
"53","053","940008",1400000US53053940008,"53053940008","9400.08",Census Tract 9400.08,WA,Pierce County,Washington,CT,3054128,0,16.9596426946722,6.43650145428785,11.700257697928,1090.49575686569
"53","031","950702",1400000US53031950702,"53031950702","9507.02",Census Tract 9507.02,WA,Jefferson County,Washington,CT,3995259377,187428286,16.9596426946722,6.43650145428785,11.700257697928,3217.46282975543
"53","063","012000",1400000US53063012000,"53063012000","120",Census Tract 120,WA,Spokane County,Washington,CT,3186788,0,16.9596426946722,6.43650145428785,11.700257697928,455.437768489423
"53","063","001900",1400000US53063001900,"53063001900","19",Census Tract 19,WA,Spokane County,Washington,CT,1684240,0,16.9596426946722,6.43650145428785,11.700257697928,449.017076391639
"53","077","940005",1400000US53077940005,"53077940005","9400.05",Census Tract 9400.05,WA,Yakima County,Washington,CT,5135226,0,16.9596426946722,6.43650145428785,11.700257697928,195.496782738358
"53","033","022203",1400000US53033022203,"53033022203","222.03",Census Tract 222.03,WA,King County,Washington,CT,3134027,691133,16.9596426946722,6.43650145428785,11.700257697928,1015.28201032218
"53","033","023202",1400000US53033023202,"53033023202","232.02",Census Tract 232.02,WA,King County,Washington,CT,1491213,0,16.9596426946722,6.43650145428785,11.700257697928,1122.41227114775
"53","033","004301",1400000US53033004301,"53033004301","43.01",Census Tract 43.01,WA,King County,Washington,CT,979236,0,16.9596426946722,6.43650145428785,11.700257697928,971.932369881721
"53","061","052204",1400000US53061052204,"53061052204","522.04",Census Tract 522.04,WA,Snohomish County,Washington,CT,8919035,0,16.9596426946722,6.43650145428785,11.700257697928,1225.86595462064
"53","061","041810",1400000US53061041810,"53061041810","418.10",Census Tract 418.10,WA,Snohomish County,Washington,CT,893333,0,16.9596426946722,6.43650145428785,11.700257697928,1093.94041208225
"53","053","073131",1400000US53053073131,"53053073131","731.31",Census Tract 731.31,WA,Pierce County,Washington,CT,1781225,0,16.9596426946722,6.43650145428785,11.700257697928,1131.73857001763
"53","061","051930",1400000US53061051930,"53061051930","519.30",Census Tract 519.30,WA,Snohomish County,Washington,CT,3050716,0,16.9596426946722,6.43650145428785,11.700257697928,1042.75752422889
"53","061","051933",1400000US53061051933,"53061051933","519.33",Census Tract 519.33,WA,Snohomish County,Washington,CT,2078432,0,16.9596426946722,6.43650145428785,11.700257697928,1067.94402117226
"53","067","012002",1400000US53067012002,"53067012002","120.02",Census Tract 120.02,WA,Thurston County,Washington,CT,9363252,13685067,16.9596426946722,6.43650145428785,11.700257697928,1321.6229480088
"53","047","970302",1400000US53047970302,"53047970302","9703.02",Census Tract 9703.02,WA,Okanogan County,Washington,CT,396651181,6466943,16.9596426946722,6.43650145428785,11.700257697928,404.002185832196
"53","035","092801",1400000US53035092801,"53035092801","928.01",Census Tract 928.01,WA,Kitsap County,Washington,CT,11707865,228389,16.9596426946722,6.43650145428785,11.700257697928,1279.51735981894
"53","005","010204",1400000US53005010204,"53005010204","102.04",Census Tract 102.04,WA,Benton County,Washington,CT,893271,0,16.9596426946722,6.43650145428785,11.700257697928,192.817401392165
"53","045","960700",1400000US53045960700,"53045960700","9607",Census Tract 9607,WA,Mason County,Washington,CT,1936143,0,16.9596426946722,6.43650145428785,11.700257697928,1678.93199704413
"53","063","014400",1400000US53063014400,"53063014400","144",Census Tract 144,WA,Spokane County,Washington,CT,6308443,25162,16.9596426946722,6.43650145428785,11.700257697928,464.208935212344
"53","033","020100",1400000US53033020100,"53033020100","201",Census Tract 201,WA,King County,Washington,CT,1766031,691541,16.9596426946722,6.43650145428785,11.700257697928,955.871161454437
"53","033","008102",1400000US53033008102,"53033008102","81.02",Census Tract 81.02,WA,King County,Washington,CT,556705,91220,16.9596426946722,6.43650145428785,11.700257697928,993.591096881916
"53","057","951501",1400000US53057951501,"53057951501","9515.01",Census Tract 9515.01,WA,Skagit County,Washington,CT,2774045,0,16.9596426946722,6.43650145428785,11.700257697928,1176.74055586629
"53","053","061502",1400000US53053061502,"53053061502","615.02",Census Tract 615.02,WA,Pierce County,Washington,CT,621520,0,16.9596426946722,6.43650145428785,11.700257697928,1080.32306345438
"53","063","011102",1400000US53063011102,"53063011102","111.02",Census Tract 111.02,WA,Spokane County,Washington,CT,2391020,0,16.9596426946722,6.43650145428785,11.700257697928,447.324668432003
"53","053","063200",1400000US53053063200,"53053063200","632",Census Tract 632,WA,Pierce County,Washington,CT,2361070,0,16.9596426946722,6.43650145428785,11.700257697928,1089.08905435661
"53","077","002006",1400000US53077002006,"53077002006","20.06",Census Tract 20.06,WA,Yakima County,Washington,CT,4872543,0,16.9596426946722,6.43650145428785,11.700257697928,189.917294203982
"53","033","024904",1400000US53033024904,"53033024904","249.04",Census Tract 249.04,WA,King County,Washington,CT,2083512,0,16.9596426946722,6.43650145428785,11.700257697928,1271.11072589933
"53","027","000700",1400000US53027000700,"53027000700","7",Census Tract 7,WA,Grays Harbor County,Washington,CT,979887278,4381913,16.9596426946722,6.43650145428785,11.700257697928,2058.09131299646
"53","051","970100",1400000US53051970100,"53051970100","9701",Census Tract 9701,WA,Pend Oreille County,Washington,CT,1741354960,19744468,16.9596426946722,6.43650145428785,11.700257697928,1018.01760629354
"53","011","040413",1400000US53011040413,"53011040413","404.13",Census Tract 404.13,WA,Clark County,Washington,CT,6561903,0,16.9596426946722,6.43650145428785,11.700257697928,1262.9995393062
"53","063","001600",1400000US53063001600,"53063001600","16",Census Tract 16,WA,Spokane County,Washington,CT,2126182,0,16.9596426946722,6.43650145428785,11.700257697928,457.267055672775
"53","065","950900",1400000US53065950900,"53065950900","9509",Census Tract 9509,WA,Stevens County,Washington,CT,678568196,48897324,16.9596426946722,6.43650145428785,11.700257697928,520.588378118638
"53","067","010700",1400000US53067010700,"53067010700","107",Census Tract 107,WA,Thurston County,Washington,CT,5264016,17669,16.9596426946722,6.43650145428785,11.700257697928,1313.38117242877
"53","053","072907",1400000US53053072907,"53053072907","729.07",Census Tract 729.07,WA,Pierce County,Washington,CT,16198912,0,16.9596426946722,6.43650145428785,11.700257697928,1137.15674197299
"53","011","042602",1400000US53011042602,"53011042602","426.02",Census Tract 426.02,WA,Clark County,Washington,CT,2986122,0,16.9596426946722,6.43650145428785,11.700257697928,1059.71250301359
"53","033","006500",1400000US53033006500,"53033006500","65",Census Tract 65,WA,King County,Washington,CT,1147619,0,16.9596426946722,6.43650145428785,11.700257697928,997.214873877613
"53","015","001800",1400000US53015001800,"53015001800","18",Census Tract 18,WA,Cowlitz County,Washington,CT,1149248791,6150814,16.9596426946722,6.43650145428785,11.700257697928,2322.97702289369
"53","037","975402",1400000US53037975402,"53037975402","9754.02",Census Tract 9754.02,WA,Kittitas County,Washington,CT,14133920,93363,16.9596426946722,6.43650145428785,11.700257697928,226.424028685871
"53","053","073005",1400000US53053073005,"53053073005","730.05",Census Tract 730.05,WA,Pierce County,Washington,CT,53685629,74036,16.9596426946722,6.43650145428785,11.700257697928,1122.04324709213
"53","033","008402",1400000US53033008402,"53033008402","84.02",Census Tract 84.02,WA,King County,Washington,CT,145446,0,16.9596426946722,6.43650145428785,11.700257697928,997.214873877613
"53","033","006701",1400000US53033006701,"53033006701","67.01",Census Tract 67.01,WA,King County,Washington,CT,380256,105441,16.9596426946722,6.43650145428785,11.700257697928,997.214873877613
"53","035","090501",1400000US53035090501,"53035090501","905.01",Census Tract 905.01,WA,Kitsap County,Washington,CT,5790252,2322942,16.9596426946722,6.43650145428785,11.700257697928,1031.92223328161
"53","033","024901",1400000US53033024901,"53033024901","249.01",Census Tract 249.01,WA,King County,Washington,CT,3024840,0,16.9596426946722,6.43650145428785,11.700257697928,1137.61327741497
"53","061","052402",1400000US53061052402,"53061052402","524.02",Census Tract 524.02,WA,Snohomish County,Washington,CT,2430117,39531,16.9596426946722,6.43650145428785,11.700257697928,1143.00251457382
"53","033","032500",1400000US53033032500,"53033032500","325",Census Tract 325,WA,King County,Washington,CT,213738466,3896831,16.9596426946722,6.43650145428785,11.700257697928,1804.14221492375
"53","033","023604",1400000US53033023604,"53033023604","236.04",Census Tract 236.04,WA,King County,Washington,CT,2904411,0,16.9596426946722,6.43650145428785,11.700257697928,1114.31383490365
"53","033","030005",1400000US53033030005,"53033030005","300.05",Census Tract 300.05,WA,King County,Washington,CT,2163062,0,16.9596426946722,6.43650145428785,11.700257697928,1140.96551939176
"53","033","012000",1400000US53033012000,"53033012000","120",Census Tract 120,WA,King County,Washington,CT,1437048,0,16.9596426946722,6.43650145428785,11.700257697928,1025.94235756175
"53","033","007502",1400000US53033007502,"53033007502","75.02",Census Tract 75.02,WA,King County,Washington,CT,315931,0,16.9596426946722,6.43650145428785,11.700257697928,997.214873877613
"53","045","960202",1400000US53045960202,"53045960202","9602.02",Census Tract 9602.02,WA,Mason County,Washington,CT,510758897,1666492,16.9596426946722,6.43650145428785,11.700257697928,2273.34156441619
"53","033","030406",1400000US53033030406,"53033030406","304.06",Census Tract 304.06,WA,King County,Washington,CT,2680316,70290,16.9596426946722,6.43650145428785,11.700257697928,1141.69786116674
"53","003","960500",1400000US53003960500,"53003960500","9605",Census Tract 9605,WA,Asotin County,Washington,CT,1875146,0,16.9596426946722,6.43650145428785,11.700257697928,286.190434395155
"53","059","950500",1400000US53059950500,"53059950500","9505",Census Tract 9505,WA,Skamania County,Washington,CT,92894374,1190221,16.9596426946722,6.43650145428785,11.700257697928,2296.1887488899
"53","071","920500",1400000US53071920500,"53071920500","9205",Census Tract 9205,WA,Walla Walla County,Washington,CT,3825251,0,16.9596426946722,6.43650145428785,11.700257697928,446.49011502343
"53","021","980100",1400000US53021980100,"53021980100","9801",Census Tract 9801,WA,Franklin County,Washington,CT,7210000,0,16.9596426946722,6.43650145428785,11.700257697928,205.569156133167
"53","011","042500",1400000US53011042500,"53011042500","425",Census Tract 425,WA,Clark County,Washington,CT,931480,0,16.9596426946722,6.43650145428785,11.700257697928,1036.94090748031
"53","011","041105",1400000US53011041105,"53011041105","411.05",Census Tract 411.05,WA,Clark County,Washington,CT,4604390,0,16.9596426946722,6.43650145428785,11.700257697928,1140.57353185984
"53","005","011501",1400000US53005011501,"53005011501","115.01",Census Tract 115.01,WA,Benton County,Washington,CT,52613799,17020203,16.9596426946722,6.43650145428785,11.700257697928,208.529229488662
"53","005","010100",1400000US53005010100,"53005010100","101",Census Tract 101,WA,Benton County,Washington,CT,6310324,4195902,16.9596426946722,6.43650145428785,11.700257697928,196.11661997185
"53","005","010500",1400000US53005010500,"53005010500","105",Census Tract 105,WA,Benton County,Washington,CT,2603015,0,16.9596426946722,6.43650145428785,11.700257697928,192.817401392165
"53","011","040416",1400000US53011040416,"53011040416","404.16",Census Tract 404.16,WA,Clark County,Washington,CT,20039349,102869,16.9596426946722,6.43650145428785,11.700257697928,1510.88667902338
"53","011","040202",1400000US53011040202,"53011040202","402.02",Census Tract 402.02,WA,Clark County,Washington,CT,69875465,444729,16.9596426946722,6.43650145428785,11.700257697928,1684.50670115956
"53","011","040603",1400000US53011040603,"53011040603","406.03",Census Tract 406.03,WA,Clark County,Washington,CT,55555418,0,16.9596426946722,6.43650145428785,11.700257697928,1626.85344817214
"53","011","041321",1400000US53011041321,"53011041321","413.21",Census Tract 413.21,WA,Clark County,Washington,CT,4097581,0,16.9596426946722,6.43650145428785,11.700257697928,1219.89011211146
"53","011","041800",1400000US53011041800,"53011041800","418",Census Tract 418,WA,Clark County,Washington,CT,1469623,0,16.9596426946722,6.43650145428785,11.700257697928,1073.9716870248
"53","011","040509",1400000US53011040509,"53011040509","405.09",Census Tract 405.09,WA,Clark County,Washington,CT,1926683,817590,16.9596426946722,6.43650145428785,11.700257697928,1288.01315819557
"53","025","010800",1400000US53025010800,"53025010800","108",Census Tract 108,WA,Grant County,Washington,CT,37738068,651077,16.9596426946722,6.43650145428785,11.700257697928,202.432112735467
"53","011","040703",1400000US53011040703,"53011040703","407.03",Census Tract 407.03,WA,Clark County,Washington,CT,4780282,0,16.9596426946722,6.43650145428785,11.700257697928,1191.10972599712
"53","011","041005",1400000US53011041005,"53011041005","410.05",Census Tract 410.05,WA,Clark County,Washington,CT,36636383,21967831,16.9596426946722,6.43650145428785,11.700257697928,1027.98028604191
"53","011","040904",1400000US53011040904,"53011040904","409.04",Census Tract 409.04,WA,Clark County,Washington,CT,4239415,0,16.9596426946722,6.43650145428785,11.700257697928,1069.99843376903
"53","027","001500",1400000US53027001500,"53027001500","15",Census Tract 15,WA,Grays Harbor County,Washington,CT,26460548,56977360,16.9596426946722,6.43650145428785,11.700257697928,2222.84446595796
"53","043","960400",1400000US53043960400,"53043960400","9604",Census Tract 9604,WA,Lincoln County,Washington,CT,2659248971,12809944,16.9596426946722,6.43650145428785,11.700257697928,318.946158054503
"53","045","961300",1400000US53045961300,"53045961300","9613",Census Tract 9613,WA,Mason County,Washington,CT,177160837,7702367,16.9596426946722,6.43650145428785,11.700257697928,1914.21473628598
"53","045","940000",1400000US53045940000,"53045940000","9400",Census Tract 9400,WA,Mason County,Washington,CT,21475278,671861,16.9596426946722,6.43650145428785,11.700257697928,1992.39993252173
"53","045","961200",1400000US53045961200,"53045961200","9612",Census Tract 9612,WA,Mason County,Washington,CT,65366516,8148518,16.9596426946722,6.43650145428785,11.700257697928,1610.77061388942
"53","057","940600",1400000US53057940600,"53057940600","9406",Census Tract 9406,WA,Skagit County,Washington,CT,2609027,5125608,16.9596426946722,6.43650145428785,11.700257697928,726.245511292497
"53","057","952700",1400000US53057952700,"53057952700","9527",Census Tract 9527,WA,Skagit County,Washington,CT,163426877,11547624,16.9596426946722,6.43650145428785,11.700257697928,1017.94174972377
"53","057","951400",1400000US53057951400,"53057951400","9514",Census Tract 9514,WA,Skagit County,Washington,CT,9834763,480337,16.9596426946722,6.43650145428785,11.700257697928,1176.74055586629
"53","063","003100",1400000US53063003100,"53063003100","31",Census Tract 31,WA,Spokane County,Washington,CT,2275949,0,16.9596426946722,6.43650145428785,11.700257697928,464.646438464989
"53","063","012901",1400000US53063012901,"53063012901","129.01",Census Tract 129.01,WA,Spokane County,Washington,CT,2804455,0,16.9596426946722,6.43650145428785,11.700257697928,456.978886899257
"53","063","010504",1400000US53063010504,"53063010504","105.04",Census Tract 105.04,WA,Spokane County,Washington,CT,9351747,0,16.9596426946722,6.43650145428785,11.700257697928,427.366523170714
"53","063","001000",1400000US53063001000,"53063001000","10",Census Tract 10,WA,Spokane County,Washington,CT,3793745,97630,16.9596426946722,6.43650145428785,11.700257697928,440.921897193574
"53","063","014002",1400000US53063014002,"53063014002","140.02",Census Tract 140.02,WA,Spokane County,Washington,CT,26193503,0,16.9596426946722,6.43650145428785,11.700257697928,470.410052428542
"53","063","014300",1400000US53063014300,"53063014300","143",Census Tract 143,WA,Spokane County,Washington,CT,861407573,0,16.9596426946722,6.43650145428785,11.700257697928,524.220785974837
"53","063","003800",1400000US53063003800,"53063003800","38",Census Tract 38,WA,Spokane County,Washington,CT,3282680,0,16.9596426946722,6.43650145428785,11.700257697928,446.113042307872
"53","063","011202",1400000US53063011202,"53063011202","112.02",Census Tract 112.02,WA,Spokane County,Washington,CT,33152464,0,16.9596426946722,6.43650145428785,11.700257697928,480.046768742512
"53","063","011701",1400000US53063011701,"53063011701","117.01",Census Tract 117.01,WA,Spokane County,Washington,CT,2607340,0,16.9596426946722,6.43650145428785,11.700257697928,455.437768489423
"53","063","011702",1400000US53063011702,"53063011702","117.02",Census Tract 117.02,WA,Spokane County,Washington,CT,7157584,205845,16.9596426946722,6.43650145428785,11.700257697928,468.724374338785
"53","063","004900",1400000US53063004900,"53063004900","49",Census Tract 49,WA,Spokane County,Washington,CT,4025199,0,16.9596426946722,6.43650145428785,11.700257697928,477.940542140538
"53","063","012802",1400000US53063012802,"53063012802","128.02",Census Tract 128.02,WA,Spokane County,Washington,CT,2233684,0,16.9596426946722,6.43650145428785,11.700257697928,494.877418294414
"53","063","012500",1400000US53063012500,"53063012500","125",Census Tract 125,WA,Spokane County,Washington,CT,2023853,0,16.9596426946722,6.43650145428785,11.700257697928,475.157593391919
"53","063","011900",1400000US53063011900,"53063011900","119",Census Tract 119,WA,Spokane County,Washington,CT,3079762,0,16.9596426946722,6.43650145428785,11.700257697928,454.79715710288
"53","063","000500",1400000US53063000500,"53063000500","5",Census Tract 5,WA,Spokane County,Washington,CT,1743250,0,16.9596426946722,6.43650145428785,11.700257697928,452.643251769092
"53","063","001100",1400000US53063001100,"53063001100","11",Census Tract 11,WA,Spokane County,Washington,CT,2299314,0,16.9596426946722,6.43650145428785,11.700257697928,441.299008638088
"53","063","002400",1400000US53063002400,"53063002400","24",Census Tract 24,WA,Spokane County,Washington,CT,2092900,72733,16.9596426946722,6.43650145428785,11.700257697928,442.221358732533
"53","063","010304",1400000US53063010304,"53063010304","103.04",Census Tract 103.04,WA,Spokane County,Washington,CT,187114987,2809277,16.9596426946722,6.43650145428785,11.700257697928,566.377106908379
"53","029","971700",1400000US53029971700,"53029971700","9717",Census Tract 9717,WA,Island County,Washington,CT,25456586,20816332,16.9596426946722,6.43650145428785,11.700257697928,684.425056098854
"53","029","971100",1400000US53029971100,"53029971100","9711",Census Tract 9711,WA,Island County,Washington,CT,45284507,18977893,16.9596426946722,6.43650145428785,11.700257697928,592.162381177234
"53","029","970300",1400000US53029970300,"53029970300","9703",Census Tract 9703,WA,Island County,Washington,CT,46867289,14531395,16.9596426946722,6.43650145428785,11.700257697928,668.212100230696
"53","029","971800",1400000US53029971800,"53029971800","9718",Census Tract 9718,WA,Island County,Washington,CT,21768150,13043959,16.9596426946722,6.43650145428785,11.700257697928,699.148112175909
"53","067","010100",1400000US53067010100,"53067010100","101",Census Tract 101,WA,Thurston County,Washington,CT,3189991,1816694,16.9596426946722,6.43650145428785,11.700257697928,1328.42310148158
"53","067","010400",1400000US53067010400,"53067010400","104",Census Tract 104,WA,Thurston County,Washington,CT,4095859,141994,16.9596426946722,6.43650145428785,11.700257697928,1334.60084596509
"53","067","011822",1400000US53067011822,"53067011822","118.22",Census Tract 118.22,WA,Thurston County,Washington,CT,36090869,343850,16.9596426946722,6.43650145428785,11.700257697928,1393.79277567552
"53","067","012221",1400000US53067012221,"53067012221","122.21",Census Tract 122.21,WA,Thurston County,Washington,CT,34814947,5234868,16.9596426946722,6.43650145428785,11.700257697928,1302.60383807051
"53","067","010910",1400000US53067010910,"53067010910","109.10",Census Tract 109.10,WA,Thurston County,Washington,CT,6288871,6221,16.9596426946722,6.43650145428785,11.700257697928,1374.41748596393
"53","073","000805",1400000US53073000805,"53073000805","8.05",Census Tract 8.05,WA,Whatcom County,Washington,CT,26784075,1152586,16.9596426946722,6.43650145428785,11.700257697928,1344.58497521126
"53","029","972100",1400000US53029972100,"53029972100","9721",Census Tract 9721,WA,Island County,Washington,CT,31815960,18130753,16.9596426946722,6.43650145428785,11.700257697928,875.861242859338
"53","073","010600",1400000US53073010600,"53073010600","106",Census Tract 106,WA,Whatcom County,Washington,CT,49660273,1014602,16.9596426946722,6.43650145428785,11.700257697928,1102.02482290385
"53","077","000700",1400000US53077000700,"53077000700","7",Census Tract 7,WA,Yakima County,Washington,CT,2930011,0,16.9596426946722,6.43650145428785,11.700257697928,215.630047828596
"53","077","003200",1400000US53077003200,"53077003200","32",Census Tract 32,WA,Yakima County,Washington,CT,10836575,77134,16.9596426946722,6.43650145428785,11.700257697928,229.576670106068
"53","077","002801",1400000US53077002801,"53077002801","28.01",Census Tract 28.01,WA,Yakima County,Washington,CT,90754049,0,16.9596426946722,6.43650145428785,11.700257697928,282.726235143212
"53","077","001502",1400000US53077001502,"53077001502","15.02",Census Tract 15.02,WA,Yakima County,Washington,CT,1743770,0,16.9596426946722,6.43650145428785,11.700257697928,212.495695086396
"53","017","950200",1400000US53017950200,"53017950200","9502",Census Tract 9502,WA,Douglas County,Washington,CT,2345375741,4156068,16.9596426946722,6.43650145428785,11.700257697928,289.020889295496
"53","009","001800",1400000US53009001800,"53009001800","18",Census Tract 18,WA,Clallam County,Washington,CT,222533196,0,16.9596426946722,6.43650145428785,11.700257697928,918.286842864775
"53","009","000900",1400000US53009000900,"53009000900","9",Census Tract 9,WA,Clallam County,Washington,CT,2320319,543601,16.9596426946722,6.43650145428785,11.700257697928,666.617230843164
"53","009","940000",1400000US53009940000,"53009940000","9400",Census Tract 9400,WA,Clallam County,Washington,CT,110360969,35581915,16.9596426946722,6.43650145428785,11.700257697928,3048.19352002497
"53","033","032326",1400000US53033032326,"53033032326","323.26",Census Tract 323.26,WA,King County,Washington,CT,10288287,0,16.9596426946722,6.43650145428785,11.700257697928,1147.05287708706
"53","033","025601",1400000US53033025601,"53033025601","256.01",Census Tract 256.01,WA,King County,Washington,CT,2809358,0,16.9596426946722,6.43650145428785,11.700257697928,1085.61691608059
"53","033","027200",1400000US53033027200,"53033027200","272",Census Tract 272,WA,King County,Washington,CT,3245737,84995,16.9596426946722,6.43650145428785,11.700257697928,1017.98583101567
"53","033","026700",1400000US53033026700,"53033026700","267",Census Tract 267,WA,King County,Washington,CT,3084838,419292,16.9596426946722,6.43650145428785,11.700257697928,1025.94235756175
"53","033","026400",1400000US53033026400,"53033026400","264",Census Tract 264,WA,King County,Washington,CT,4724320,294417,16.9596426946722,6.43650145428785,11.700257697928,1017.45025491811
"53","033","031206",1400000US53033031206,"53033031206","312.06",Census Tract 312.06,WA,King County,Washington,CT,3633545,59492,16.9596426946722,6.43650145428785,11.700257697928,1114.48594004071
"53","033","032313",1400000US53033032313,"53033032313","323.13",Census Tract 323.13,WA,King County,Washington,CT,13092583,415255,16.9596426946722,6.43650145428785,11.700257697928,1097.36930708888
"53","033","010200",1400000US53033010200,"53033010200","102",Census Tract 102,WA,King County,Washington,CT,2795533,2076618,16.9596426946722,6.43650145428785,11.700257697928,986.84312123448
"53","033","009701",1400000US53033009701,"53033009701","97.01",Census Tract 97.01,WA,King County,Washington,CT,1861358,1607123,16.9596426946722,6.43650145428785,11.700257697928,1024.18253390363
"53","033","007600",1400000US53033007600,"53033007600","76",Census Tract 76,WA,King County,Washington,CT,571882,0,16.9596426946722,6.43650145428785,11.700257697928,994.103400523792
"53","033","006600",1400000US53033006600,"53033006600","66",Census Tract 66,WA,King County,Washington,CT,1109813,838435,16.9596426946722,6.43650145428785,11.700257697928,997.214873877613
"53","033","006300",1400000US53033006300,"53033006300","63",Census Tract 63,WA,King County,Washington,CT,2610569,3533560,16.9596426946722,6.43650145428785,11.700257697928,980.107476914969
"53","033","005700",1400000US53033005700,"53033005700","57",Census Tract 57,WA,King County,Washington,CT,5085640,2365806,16.9596426946722,6.43650145428785,11.700257697928,993.938740155154
"53","033","032401",1400000US53033032401,"53033032401","324.01",Census Tract 324.01,WA,King County,Washington,CT,56328122,1081012,16.9596426946722,6.43650145428785,11.700257697928,1305.12887284923
"53","033","032007",1400000US53033032007,"53033032007","320.07",Census Tract 320.07,WA,King County,Washington,CT,11642036,143682,16.9596426946722,6.43650145428785,11.700257697928,1248.84344043472
"53","033","024601",1400000US53033024601,"53033024601","246.01",Census Tract 246.01,WA,King County,Washington,CT,3968267,2707956,16.9596426946722,6.43650145428785,11.700257697928,1012.30310409694
"53","033","032402",1400000US53033032402,"53033032402","324.02",Census Tract 324.02,WA,King County,Washington,CT,25143316,628419,16.9596426946722,6.43650145428785,11.700257697928,1244.43463585181
"53","033","032322",1400000US53033032322,"53033032322","323.22",Census Tract 323.22,WA,King County,Washington,CT,4628580,0,16.9596426946722,6.43650145428785,11.700257697928,1141.96346334118
"53","033","032011",1400000US53033032011,"53033032011","320.11",Census Tract 320.11,WA,King County,Washington,CT,3321208,280902,16.9596426946722,6.43650145428785,11.700257697928,1276.94803252494
"53","033","003100",1400000US53033003100,"53033003100","31",Census Tract 31,WA,King County,Washington,CT,2236733,472744,16.9596426946722,6.43650145428785,11.700257697928,981.278742438841
"53","033","002200",1400000US53033002200,"53033002200","22",Census Tract 22,WA,King County,Washington,CT,2804076,1154953,16.9596426946722,6.43650145428785,11.700257697928,974.905849534915
"53","033","002000",1400000US53033002000,"53033002000","20",Census Tract 20,WA,King County,Washington,CT,1103313,28680,16.9596426946722,6.43650145428785,11.700257697928,972.05203622145
"53","033","000900",1400000US53033000900,"53033000900","9",Census Tract 9,WA,King County,Washington,CT,1004853,1849039,16.9596426946722,6.43650145428785,11.700257697928,975.666488510838
"53","033","031705",1400000US53033031705,"53033031705","317.05",Census Tract 317.05,WA,King County,Washington,CT,5049492,4701,16.9596426946722,6.43650145428785,11.700257697928,1195.9633778128
"53","033","022803",1400000US53033022803,"53033022803","228.03",Census Tract 228.03,WA,King County,Washington,CT,4772681,0,16.9596426946722,6.43650145428785,11.700257697928,1101.79318436421
"53","033","030311",1400000US53033030311,"53033030311","303.11",Census Tract 303.11,WA,King County,Washington,CT,1900457,3993,16.9596426946722,6.43650145428785,11.700257697928,1077.87998074642
"53","033","030313",1400000US53033030313,"53033030313","303.13",Census Tract 303.13,WA,King County,Washington,CT,4061855,0,16.9596426946722,6.43650145428785,11.700257697928,1141.33169027925
"53","033","030003",1400000US53033030003,"53033030003","300.03",Census Tract 300.03,WA,King County,Washington,CT,4604664,963078,16.9596426946722,6.43650145428785,11.700257697928,1070.39037652663
"53","033","029902",1400000US53033029902,"53033029902","299.02",Census Tract 299.02,WA,King County,Washington,CT,6244310,0,16.9596426946722,6.43650145428785,11.700257697928,1132.83471267014
"53","033","029203",1400000US53033029203,"53033029203","292.03",Census Tract 292.03,WA,King County,Washington,CT,2009030,0,16.9596426946722,6.43650145428785,11.700257697928,1060.37963435311
"53","033","029102",1400000US53033029102,"53033029102","291.02",Census Tract 291.02,WA,King County,Washington,CT,2567137,0,16.9596426946722,6.43650145428785,11.700257697928,1092.45615118162
"53","033","028200",1400000US53033028200,"53033028200","282",Census Tract 282,WA,King County,Washington,CT,2658633,612,16.9596426946722,6.43650145428785,11.700257697928,1049.33208555643
"53","015","002001",1400000US53015002001,"53015002001","20.01",Census Tract 20.01,WA,Cowlitz County,Washington,CT,228112851,1411251,16.9596426946722,6.43650145428785,11.700257697928,1703.84453750963
"53","015","001200",1400000US53015001200,"53015001200","12",Census Tract 12,WA,Cowlitz County,Washington,CT,19680107,0,16.9596426946722,6.43650145428785,11.700257697928,1327.21383136235
"53","015","000602",1400000US53015000602,"53015000602","6.02",Census Tract 6.02,WA,Cowlitz County,Washington,CT,2253029,0,16.9596426946722,6.43650145428785,11.700257697928,1246.15824063381
"53","033","027701",1400000US53033027701,"53033027701","277.01",Census Tract 277.01,WA,King County,Washington,CT,44157315,9775801,16.9596426946722,6.43650145428785,11.700257697928,1181.87488454008
"53","033","024800",1400000US53033024800,"53033024800","248",Census Tract 248,WA,King County,Washington,CT,3770491,0,16.9596426946722,6.43650145428785,11.700257697928,1117.85406927963
"53","033","031904",1400000US53033031904,"53033031904","319.04",Census Tract 319.04,WA,King County,Washington,CT,18890095,168049,16.9596426946722,6.43650145428785,11.700257697928,1252.54963275809
"53","033","032311",1400000US53033032311,"53033032311","323.11",Census Tract 323.11,WA,King County,Washington,CT,23710057,92770,16.9596426946722,6.43650145428785,11.700257697928,1190.77516066758
"53","033","023000",1400000US53033023000,"53033023000","230",Census Tract 230,WA,King County,Washington,CT,3328634,2210425,16.9596426946722,6.43650145428785,11.700257697928,1106.60396039952
"53","033","023100",1400000US53033023100,"53033023100","231",Census Tract 231,WA,King County,Washington,CT,2529558,1838407,16.9596426946722,6.43650145428785,11.700257697928,1125.21614811638
"53","033","023300",1400000US53033023300,"53033023300","233",Census Tract 233,WA,King County,Washington,CT,3589674,248744,16.9596426946722,6.43650145428785,11.700257697928,1136.07615908222
"53","007","961200",1400000US53007961200,"53007961200","9612",Census Tract 9612,WA,Chelan County,Washington,CT,315469094,5108815,16.9596426946722,6.43650145428785,11.700257697928,442.691852251082
"53","007","960400",1400000US53007960400,"53007960400","9604",Census Tract 9604,WA,Chelan County,Washington,CT,136945096,19189804,16.9596426946722,6.43650145428785,11.700257697928,350.952072540988
"53","033","023500",1400000US53033023500,"53033023500","235",Census Tract 235,WA,King County,Washington,CT,2443751,0,16.9596426946722,6.43650145428785,11.700257697928,1092.55151072508
"53","033","023801",1400000US53033023801,"53033023801","238.01",Census Tract 238.01,WA,King County,Washington,CT,3621819,0,16.9596426946722,6.43650145428785,11.700257697928,1061.6338537754
"53","033","025005",1400000US53033025005,"53033025005","250.05",Census Tract 250.05,WA,King County,Washington,CT,7684828,0,16.9596426946722,6.43650145428785,11.700257697928,1177.13169368566
"53","033","021500",1400000US53033021500,"53033021500","215",Census Tract 215,WA,King County,Washington,CT,3457612,438417,16.9596426946722,6.43650145428785,11.700257697928,1004.93040789514
"53","033","021100",1400000US53033021100,"53033021100","211",Census Tract 211,WA,King County,Washington,CT,2619718,0,16.9596426946722,6.43650145428785,11.700257697928,993.704152136058
"53","033","011700",1400000US53033011700,"53033011700","117",Census Tract 117,WA,King County,Washington,CT,3515808,0,16.9596426946722,6.43650145428785,11.700257697928,1002.18887328158
"53","033","011200",1400000US53033011200,"53033011200","112",Census Tract 112,WA,King County,Washington,CT,2483779,139646,16.9596426946722,6.43650145428785,11.700257697928,997.94354250233
"53","033","010800",1400000US53033010800,"53033010800","108",Census Tract 108,WA,King County,Washington,CT,4140525,322633,16.9596426946722,6.43650145428785,11.700257697928,1004.55336533496
"53","033","010701",1400000US53033010701,"53033010701","107.01",Census Tract 107.01,WA,King County,Washington,CT,1457384,3664,16.9596426946722,6.43650145428785,11.700257697928,1024.52735028024
"53","035","080200",1400000US53035080200,"53035080200","802",Census Tract 802,WA,Kitsap County,Washington,CT,2488267,0,16.9596426946722,6.43650145428785,11.700257697928,1205.85333453428
"53","035","080600",1400000US53035080600,"53035080600","806",Census Tract 806,WA,Kitsap County,Washington,CT,2348816,880486,16.9596426946722,6.43650145428785,11.700257697928,1271.04020850916
"53","035","091800",1400000US53035091800,"53035091800","918",Census Tract 918,WA,Kitsap County,Washington,CT,6592832,1950183,16.9596426946722,6.43650145428785,11.700257697928,1180.824754171
"53","035","091301",1400000US53035091301,"53035091301","913.01",Census Tract 913.01,WA,Kitsap County,Washington,CT,35051853,4542751,16.9596426946722,6.43650145428785,11.700257697928,1281.2818773959
"53","035","092200",1400000US53035092200,"53035092200","922",Census Tract 922,WA,Kitsap County,Washington,CT,5518650,2426413,16.9596426946722,6.43650145428785,11.700257697928,1293.18139867361
"53","035","090400",1400000US53035090400,"53035090400","904",Census Tract 904,WA,Kitsap County,Washington,CT,23445392,620382,16.9596426946722,6.43650145428785,11.700257697928,1052.82864067622
"53","061","053803",1400000US53061053803,"53061053803","538.03",Census Tract 538.03,WA,Snohomish County,Washington,CT,271116666,5319312,16.9596426946722,6.43650145428785,11.700257697928,2779.65980411763
"53","061","051916",1400000US53061051916,"53061051916","519.16",Census Tract 519.16,WA,Snohomish County,Washington,CT,2954715,0,16.9596426946722,6.43650145428785,11.700257697928,1045.21421906664
"53","061","052005",1400000US53061052005,"53061052005","520.05",Census Tract 520.05,WA,Snohomish County,Washington,CT,3584648,0,16.9596426946722,6.43650145428785,11.700257697928,1080.27525540011
"53","061","051913",1400000US53061051913,"53061051913","519.13",Census Tract 519.13,WA,Snohomish County,Washington,CT,3961459,0,16.9596426946722,6.43650145428785,11.700257697928,1025.69348822535
"53","061","052604",1400000US53061052604,"53061052604","526.04",Census Tract 526.04,WA,Snohomish County,Washington,CT,3687742,2126944,16.9596426946722,6.43650145428785,11.700257697928,1147.69453992353
"53","061","053302",1400000US53061053302,"53061053302","533.02",Census Tract 533.02,WA,Snohomish County,Washington,CT,89008683,486479,16.9596426946722,6.43650145428785,11.700257697928,1005.01966907273
"53","061","053201",1400000US53061053201,"53061053201","532.01",Census Tract 532.01,WA,Snohomish County,Washington,CT,46703765,6353076,16.9596426946722,6.43650145428785,11.700257697928,868.049095885222
"53","061","052006",1400000US53061052006,"53061052006","520.06",Census Tract 520.06,WA,Snohomish County,Washington,CT,1931646,0,16.9596426946722,6.43650145428785,11.700257697928,1080.27525540011
"53","061","050200",1400000US53061050200,"53061050200","502",Census Tract 502,WA,Snohomish County,Washington,CT,4565265,1271142,16.9596426946722,6.43650145428785,11.700257697928,997.897804797006
"53","061","053603",1400000US53061053603,"53061053603","536.03",Census Tract 536.03,WA,Snohomish County,Washington,CT,41049955,427034,16.9596426946722,6.43650145428785,11.700257697928,1251.73798089498
"53","061","053202",1400000US53061053202,"53061053202","532.02",Census Tract 532.02,WA,Snohomish County,Washington,CT,22199403,4447585,16.9596426946722,6.43650145428785,11.700257697928,848.822723274341
"53","061","041904",1400000US53061041904,"53061041904","419.04",Census Tract 419.04,WA,Snohomish County,Washington,CT,1430062,0,16.9596426946722,6.43650145428785,11.700257697928,1085.10228940226
"53","061","050700",1400000US53061050700,"53061050700","507",Census Tract 507,WA,Snohomish County,Washington,CT,3098903,0,16.9596426946722,6.43650145428785,11.700257697928,971.240448070266
"53","061","052603",1400000US53061052603,"53061052603","526.03",Census Tract 526.03,WA,Snohomish County,Washington,CT,7544543,669542,16.9596426946722,6.43650145428785,11.700257697928,1221.7920618918
"53","061","051000",1400000US53061051000,"53061051000","510",Census Tract 510,WA,Snohomish County,Washington,CT,3340711,253903,16.9596426946722,6.43650145428785,11.700257697928,1010.16387898915
"53","061","041202",1400000US53061041202,"53061041202","412.02",Census Tract 412.02,WA,Snohomish County,Washington,CT,2667865,44326,16.9596426946722,6.43650145428785,11.700257697928,1036.53156429311
"53","061","041500",1400000US53061041500,"53061041500","415",Census Tract 415,WA,Snohomish County,Washington,CT,5314200,291327,16.9596426946722,6.43650145428785,11.700257697928,1011.2589330926
"53","061","051912",1400000US53061051912,"53061051912","519.12",Census Tract 519.12,WA,Snohomish County,Washington,CT,13271244,187053,16.9596426946722,6.43650145428785,11.700257697928,1168.35912567295
"53","061","052107",1400000US53061052107,"53061052107","521.07",Census Tract 521.07,WA,Snohomish County,Washington,CT,12464839,0,16.9596426946722,6.43650145428785,11.700257697928,1111.00720611314
"53","061","052108",1400000US53061052108,"53061052108","521.08",Census Tract 521.08,WA,Snohomish County,Washington,CT,23455578,0,16.9596426946722,6.43650145428785,11.700257697928,1174.37420148804
"53","061","041805",1400000US53061041805,"53061041805","418.05",Census Tract 418.05,WA,Snohomish County,Washington,CT,3269840,0,16.9596426946722,6.43650145428785,11.700257697928,1077.71298893871
"53","061","052905",1400000US53061052905,"53061052905","529.05",Census Tract 529.05,WA,Snohomish County,Washington,CT,2047342,0,16.9596426946722,6.43650145428785,11.700257697928,1049.1967094352
"53","061","052302",1400000US53061052302,"53061052302","523.02",Census Tract 523.02,WA,Snohomish County,Washington,CT,34210958,0,16.9596426946722,6.43650145428785,11.700257697928,1222.80735136908
"53","061","052502",1400000US53061052502,"53061052502","525.02",Census Tract 525.02,WA,Snohomish County,Washington,CT,14114984,316194,16.9596426946722,6.43650145428785,11.700257697928,1067.32242574942
"53","041","970200",1400000US53041970200,"53041970200","9702",Census Tract 9702,WA,Lewis County,Washington,CT,34121697,1023554,16.9596426946722,6.43650145428785,11.700257697928,1165.91955856502
"53","041","970400",1400000US53041970400,"53041970400","9704",Census Tract 9704,WA,Lewis County,Washington,CT,35628446,220713,16.9596426946722,6.43650145428785,11.700257697928,1151.09688341565
"53","041","971000",1400000US53041971000,"53041971000","9710",Census Tract 9710,WA,Lewis County,Washington,CT,9252882,271655,16.9596426946722,6.43650145428785,11.700257697928,1193.57564262309
"53","041","971300",1400000US53041971300,"53041971300","9713",Census Tract 9713,WA,Lewis County,Washington,CT,106707672,0,16.9596426946722,6.43650145428785,11.700257697928,1323.42889094595
"53","033","024500",1400000US53033024500,"53033024500","245",Census Tract 245,WA,King County,Washington,CT,3838553,1901481,16.9596426946722,6.43650145428785,11.700257697928,1006.4377388973
"53","033","022606",1400000US53033022606,"53033022606","226.06",Census Tract 226.06,WA,King County,Washington,CT,2758122,27137,16.9596426946722,6.43650145428785,11.700257697928,1105.66037592596
"53","053","071409",1400000US53053071409,"53053071409","714.09",Census Tract 714.09,WA,Pierce County,Washington,CT,2125874,0,16.9596426946722,6.43650145428785,11.700257697928,1094.52025171541
"53","053","072407",1400000US53053072407,"53053072407","724.07",Census Tract 724.07,WA,Pierce County,Washington,CT,5422703,4068418,16.9596426946722,6.43650145428785,11.700257697928,1152.36941058944
"53","053","072312",1400000US53053072312,"53053072312","723.12",Census Tract 723.12,WA,Pierce County,Washington,CT,2458908,0,16.9596426946722,6.43650145428785,11.700257697928,1112.64415471826
"53","053","073408",1400000US53053073408,"53053073408","734.08",Census Tract 734.08,WA,Pierce County,Washington,CT,2745996,65728,16.9596426946722,6.43650145428785,11.700257697928,1050.35372507012
"53","053","072504",1400000US53053072504,"53053072504","725.04",Census Tract 725.04,WA,Pierce County,Washington,CT,14820179,7813881,16.9596426946722,6.43650145428785,11.700257697928,1218.92904524834
"53","053","071504",1400000US53053071504,"53053071504","715.04",Census Tract 715.04,WA,Pierce County,Washington,CT,2651531,0,16.9596426946722,6.43650145428785,11.700257697928,1086.71332203914
"53","053","070206",1400000US53053070206,"53053070206","702.06",Census Tract 702.06,WA,Pierce County,Washington,CT,39031801,371862,16.9596426946722,6.43650145428785,11.700257697928,1250.81801121987
"53","053","072601",1400000US53053072601,"53053072601","726.01",Census Tract 726.01,WA,Pierce County,Washington,CT,44340912,2325719,16.9596426946722,6.43650145428785,11.700257697928,1346.15605408651
"53","053","072305",1400000US53053072305,"53053072305","723.05",Census Tract 723.05,WA,Pierce County,Washington,CT,4066566,0,16.9596426946722,6.43650145428785,11.700257697928,1117.48903845692
"53","053","061100",1400000US53053061100,"53053061100","611",Census Tract 611,WA,Pierce County,Washington,CT,4353613,41555,16.9596426946722,6.43650145428785,11.700257697928,1124.18591274575
"53","053","060800",1400000US53053060800,"53053060800","608",Census Tract 608,WA,Pierce County,Washington,CT,2583066,0,16.9596426946722,6.43650145428785,11.700257697928,1110.06883363649
"53","053","062801",1400000US53053062801,"53053062801","628.01",Census Tract 628.01,WA,Pierce County,Washington,CT,3760442,12847,16.9596426946722,6.43650145428785,11.700257697928,1109.4531663463
"53","053","070313",1400000US53053070313,"53053070313","703.13",Census Tract 703.13,WA,Pierce County,Washington,CT,13855013,143206,16.9596426946722,6.43650145428785,11.700257697928,1170.38080933268
"53","053","071206",1400000US53053071206,"53053071206","712.06",Census Tract 712.06,WA,Pierce County,Washington,CT,7888219,2406,16.9596426946722,6.43650145428785,11.700257697928,1076.15847000997
"53","053","062300",1400000US53053062300,"53053062300","623",Census Tract 623,WA,Pierce County,Washington,CT,2455986,0,16.9596426946722,6.43650145428785,11.700257697928,1082.60617407764
"53","053","060700",1400000US53053060700,"53053060700","607",Census Tract 607,WA,Pierce County,Washington,CT,2105870,0,16.9596426946722,6.43650145428785,11.700257697928,1109.41168776186
"53","053","072310",1400000US53053072310,"53053072310","723.10",Census Tract 723.10,WA,Pierce County,Washington,CT,2098991,0,16.9596426946722,6.43650145428785,11.700257697928,1118.11705878337
"53","053","073118",1400000US53053073118,"53053073118","731.18",Census Tract 731.18,WA,Pierce County,Washington,CT,31276309,247139,16.9596426946722,6.43650145428785,11.700257697928,1173.22316104298
"53","053","071305",1400000US53053071305,"53053071305","713.05",Census Tract 713.05,WA,Pierce County,Washington,CT,9953795,9826,16.9596426946722,6.43650145428785,11.700257697928,1082.4261448899
"53","053","061001",1400000US53053061001,"53053061001","610.01",Census Tract 610.01,WA,Pierce County,Washington,CT,2874168,1736876,16.9596426946722,6.43650145428785,11.700257697928,1120.48193164539
"53","053","072000",1400000US53053072000,"53053072000","720",Census Tract 720,WA,Pierce County,Washington,CT,2633844,493470,16.9596426946722,6.43650145428785,11.700257697928,1124.62047527671
"53","053","071704",1400000US53053071704,"53053071704","717.04",Census Tract 717.04,WA,Pierce County,Washington,CT,1352620,0,16.9596426946722,6.43650145428785,11.700257697928,1087.259399423
"53","053","071306",1400000US53053071306,"53053071306","713.06",Census Tract 713.06,WA,Pierce County,Washington,CT,12236872,0,16.9596426946722,6.43650145428785,11.700257697928,1088.4782576665
"53","053","071304",1400000US53053071304,"53053071304","713.04",Census Tract 713.04,WA,Pierce County,Washington,CT,5346853,27397,16.9596426946722,6.43650145428785,11.700257697928,1100.4229790476
"53","053","062400",1400000US53053062400,"53053062400","624",Census Tract 624,WA,Pierce County,Washington,CT,2266568,0,16.9596426946722,6.43650145428785,11.700257697928,1089.08905435661
"53","053","071411",1400000US53053071411,"53053071411","714.11",Census Tract 714.11,WA,Pierce County,Washington,CT,3371510,0,16.9596426946722,6.43650145428785,11.700257697928,1104.795620389
"53","033","029101",1400000US53033029101,"53033029101","291.01",Census Tract 291.01,WA,King County,Washington,CT,3368999,166228,16.9596426946722,6.43650145428785,11.700257697928,1068.78161137238
"53","033","003900",1400000US53033003900,"53033003900","39",Census Tract 39,WA,King County,Washington,CT,973808,0,16.9596426946722,6.43650145428785,11.700257697928,971.932369881721
"53","067","012510",1400000US53067012510,"53067012510","125.10",Census Tract 125.10,WA,Thurston County,Washington,CT,140374260,6881429,16.9596426946722,6.43650145428785,11.700257697928,1065.24246675326
"53","077","003002",1400000US53077003002,"53077003002","30.02",Census Tract 30.02,WA,Yakima County,Washington,CT,28837360,248655,16.9596426946722,6.43650145428785,11.700257697928,289.203112478863
"53","053","070316",1400000US53053070316,"53053070316","703.16",Census Tract 703.16,WA,Pierce County,Washington,CT,3495746,2673,16.9596426946722,6.43650145428785,11.700257697928,1120.45954944361
"53","053","072409",1400000US53053072409,"53053072409","724.09",Census Tract 724.09,WA,Pierce County,Washington,CT,5871772,2575269,16.9596426946722,6.43650145428785,11.700257697928,1174.64442919099
"53","035","090300",1400000US53035090300,"53035090300","903",Census Tract 903,WA,Kitsap County,Washington,CT,28714543,2962518,16.9596426946722,6.43650145428785,11.700257697928,1055.62875608401
"53","035","091204",1400000US53035091204,"53035091204","912.04",Census Tract 912.04,WA,Kitsap County,Washington,CT,3555844,1352266,16.9596426946722,6.43650145428785,11.700257697928,1180.69867374305
"53","061","041303",1400000US53061041303,"53061041303","413.03",Census Tract 413.03,WA,Snohomish County,Washington,CT,3803711,0,16.9596426946722,6.43650145428785,11.700257697928,993.22409978987
"53","061","051802",1400000US53061051802,"53061051802","518.02",Census Tract 518.02,WA,Snohomish County,Washington,CT,4921445,0,16.9596426946722,6.43650145428785,11.700257697928,1059.82156023242
"53","061","052707",1400000US53061052707,"53061052707","527.07",Census Tract 527.07,WA,Snohomish County,Washington,CT,5286796,0,16.9596426946722,6.43650145428785,11.700257697928,1171.80799074124
"53","011","040910",1400000US53011040910,"53011040910","409.10",Census Tract 409.10,WA,Clark County,Washington,CT,6995676,0,16.9596426946722,6.43650145428785,11.700257697928,1154.3219647456
"53","005","010809",1400000US53005010809,"53005010809","108.09",Census Tract 108.09,WA,Benton County,Washington,CT,3852695,0,16.9596426946722,6.43650145428785,11.700257697928,201.41026849358
"53","011","041111",1400000US53011041111,"53011041111","411.11",Census Tract 411.11,WA,Clark County,Washington,CT,747715,0,16.9596426946722,6.43650145428785,11.700257697928,1121.21038742218
"53","011","040808",1400000US53011040808,"53011040808","408.08",Census Tract 408.08,WA,Clark County,Washington,CT,3698423,0,16.9596426946722,6.43650145428785,11.700257697928,1148.4621111122
"53","005","010701",1400000US53005010701,"53005010701","107.01",Census Tract 107.01,WA,Benton County,Washington,CT,38863837,459144,16.9596426946722,6.43650145428785,11.700257697928,205.71657126928
"53","033","022605",1400000US53033022605,"53033022605","226.05",Census Tract 226.05,WA,King County,Washington,CT,4726391,0,16.9596426946722,6.43650145428785,11.700257697928,1084.41330751561
"53","067","012331",1400000US53067012331,"53067012331","123.31",Census Tract 123.31,WA,Thurston County,Washington,CT,9166331,18124,16.9596426946722,6.43650145428785,11.700257697928,1276.3867618622
"53","067","011901",1400000US53067011901,"53067011901","119.01",Census Tract 119.01,WA,Thurston County,Washington,CT,94332724,3115025,16.9596426946722,6.43650145428785,11.700257697928,1823.26008068308
"53","067","010801",1400000US53067010801,"53067010801","108.01",Census Tract 108.01,WA,Thurston County,Washington,CT,8715648,0,16.9596426946722,6.43650145428785,11.700257697928,1359.00349117136
"53","067","011721",1400000US53067011721,"53067011721","117.21",Census Tract 117.21,WA,Thurston County,Washington,CT,4242657,260134,16.9596426946722,6.43650145428785,11.700257697928,1311.07236632516
"53","067","012225",1400000US53067012225,"53067012225","122.25",Census Tract 122.25,WA,Thurston County,Washington,CT,9708771,2618650,16.9596426946722,6.43650145428785,11.700257697928,1285.79410409183
"53","067","012332",1400000US53067012332,"53067012332","123.32",Census Tract 123.32,WA,Thurston County,Washington,CT,4073329,0,16.9596426946722,6.43650145428785,11.700257697928,1284.41539688649
"53","067","012421",1400000US53067012421,"53067012421","124.21",Census Tract 124.21,WA,Thurston County,Washington,CT,13311603,64880,16.9596426946722,6.43650145428785,11.700257697928,1219.86341962837
"53","031","950302",1400000US53031950302,"53031950302","9503.02",Census Tract 9503.02,WA,Jefferson County,Washington,CT,39477729,39018032,16.9596426946722,6.43650145428785,11.700257697928,701.706483366906
"53","021","020608",1400000US53021020608,"53021020608","206.08",Census Tract 206.08,WA,Franklin County,Washington,CT,530270585,8507584,16.9596426946722,6.43650145428785,11.700257697928,218.37587818377
"53","021","020801",1400000US53021020801,"53021020801","208.01",Census Tract 208.01,WA,Franklin County,Washington,CT,599016544,10992090,16.9596426946722,6.43650145428785,11.700257697928,215.486918739261
"53","021","020504",1400000US53021020504,"53021020504","205.04",Census Tract 205.04,WA,Franklin County,Washington,CT,6625905,0,16.9596426946722,6.43650145428785,11.700257697928,200.753673243841
"53","021","020101",1400000US53021020101,"53021020101","201.01",Census Tract 201.01,WA,Franklin County,Washington,CT,10829762,4053261,16.9596426946722,6.43650145428785,11.700257697928,206.712802712446
"53","005","011702",1400000US53005011702,"53005011702","117.02",Census Tract 117.02,WA,Benton County,Washington,CT,21389640,0,16.9596426946722,6.43650145428785,11.700257697928,216.658345909878
"53","021","020202",1400000US53021020202,"53021020202","202.02",Census Tract 202.02,WA,Franklin County,Washington,CT,1818320,0,16.9596426946722,6.43650145428785,11.700257697928,204.907566986307
"53","005","011506",1400000US53005011506,"53005011506","115.06",Census Tract 115.06,WA,Benton County,Washington,CT,80826685,0,16.9596426946722,6.43650145428785,11.700257697928,232.179717110706
"53","005","010820",1400000US53005010820,"53005010820","108.20",Census Tract 108.20,WA,Benton County,Washington,CT,5539314,2005792,16.9596426946722,6.43650145428785,11.700257697928,196.504163885398
"53","065","951302",1400000US53065951302,"53065951302","9513.02",Census Tract 9513.02,WA,Stevens County,Washington,CT,268252017,5336365,16.9596426946722,6.43650145428785,11.700257697928,670.611619416348
"53","047","970602",1400000US53047970602,"53047970602","9706.02",Census Tract 9706.02,WA,Okanogan County,Washington,CT,15293903,264613,16.9596426946722,6.43650145428785,11.700257697928,301.307029530149
"53","049","950802",1400000US53049950802,"53049950802","9508.02",Census Tract 9508.02,WA,Pacific County,Washington,CT,5135578,3585392,16.9596426946722,6.43650145428785,11.700257697928,1931.46419392391
"53","049","950801",1400000US53049950801,"53049950801","9508.01",Census Tract 9508.01,WA,Pacific County,Washington,CT,37021623,103827208,16.9596426946722,6.43650145428785,11.700257697928,1917.587576696
"53","063","003601",1400000US53063003601,"53063003601","36.01",Census Tract 36.01,WA,Spokane County,Washington,CT,3407295,370231,16.9596426946722,6.43650145428785,11.700257697928,441.610423548698
"53","063","011302",1400000US53063011302,"53063011302","113.02",Census Tract 113.02,WA,Spokane County,Washington,CT,9884349,190305,16.9596426946722,6.43650145428785,11.700257697928,479.088006676809
"53","063","010203",1400000US53063010203,"53063010203","102.03",Census Tract 102.03,WA,Spokane County,Washington,CT,52280335,0,16.9596426946722,6.43650145428785,11.700257697928,483.383412566173
"53","063","010404",1400000US53063010404,"53063010404","104.04",Census Tract 104.04,WA,Spokane County,Washington,CT,274193486,9481226,16.9596426946722,6.43650145428785,11.700257697928,452.291872061551
"53","063","010702",1400000US53063010702,"53063010702","107.02",Census Tract 107.02,WA,Spokane County,Washington,CT,7837952,0,16.9596426946722,6.43650145428785,11.700257697928,455.264071122475
"53","063","002501",1400000US53063002501,"53063002501","25.01",Census Tract 25.01,WA,Spokane County,Washington,CT,1235947,0,16.9596426946722,6.43650145428785,11.700257697928,445.390901014186
"53","063","010101",1400000US53063010101,"53063010101","101.01",Census Tract 101.01,WA,Spokane County,Washington,CT,80960536,0,16.9596426946722,6.43650145428785,11.700257697928,622.816037028572
"53","063","000301",1400000US53063000301,"53063000301","3.01",Census Tract 3.01,WA,Spokane County,Washington,CT,1006631,0,16.9596426946722,6.43650145428785,11.700257697928,463.154715142566
"53","007","961303",1400000US53007961303,"53007961303","9613.03",Census Tract 9613.03,WA,Chelan County,Washington,CT,1902565,0,16.9596426946722,6.43650145428785,11.700257697928,261.154321495232
"53","007","960302",1400000US53007960302,"53007960302","9603.02",Census Tract 9603.02,WA,Chelan County,Washington,CT,147118333,5287764,16.9596426946722,6.43650145428785,11.700257697928,347.530329001372
"53","033","022501",1400000US53033022501,"53033022501","225.01",Census Tract 225.01,WA,King County,Washington,CT,2472567,0,16.9596426946722,6.43650145428785,11.700257697928,1071.6403209269
"53","033","032604",1400000US53033032604,"53033032604","326.04",Census Tract 326.04,WA,King County,Washington,CT,12971916,81082,16.9596426946722,6.43650145428785,11.700257697928,1816.44823691457
"53","033","030405",1400000US53033030405,"53033030405","304.05",Census Tract 304.05,WA,King County,Washington,CT,4929005,87963,16.9596426946722,6.43650145428785,11.700257697928,1123.80183073219
"53","033","023901",1400000US53033023901,"53033023901","239.01",Census Tract 239.01,WA,King County,Washington,CT,2453360,1775304,16.9596426946722,6.43650145428785,11.700257697928,1030.71619682571
"53","033","011801",1400000US53033011801,"53033011801","118.01",Census Tract 118.01,WA,King County,Washington,CT,1160802,630417,16.9596426946722,6.43650145428785,11.700257697928,989.251702489998
"53","033","024001",1400000US53033024001,"53033024001","240.01",Census Tract 240.01,WA,King County,Washington,CT,2811309,0,16.9596426946722,6.43650145428785,11.700257697928,1042.31360497956
"53","015","001504",1400000US53015001504,"53015001504","15.04",Census Tract 15.04,WA,Cowlitz County,Washington,CT,34279092,8818675,16.9596426946722,6.43650145428785,11.700257697928,1108.79041249196
"53","015","000902",1400000US53015000902,"53015000902","9.02",Census Tract 9.02,WA,Cowlitz County,Washington,CT,9698992,93765,16.9596426946722,6.43650145428785,11.700257697928,1316.5290657238
"53","015","000802",1400000US53015000802,"53015000802","8.02",Census Tract 8.02,WA,Cowlitz County,Washington,CT,10986777,0,16.9596426946722,6.43650145428785,11.700257697928,1288.77324208676
"53","033","031708",1400000US53033031708,"53033031708","317.08",Census Tract 317.08,WA,King County,Washington,CT,3437397,623236,16.9596426946722,6.43650145428785,11.700257697928,1179.99710236601
"53","033","031207",1400000US53033031207,"53033031207","312.07",Census Tract 312.07,WA,King County,Washington,CT,3261583,3323,16.9596426946722,6.43650145428785,11.700257697928,1157.54102584978
"53","033","000201",1400000US53033000201,"53033000201","2.01",Census Tract 2.01,WA,King County,Washington,CT,1806749,0,16.9596426946722,6.43650145428785,11.700257697928,982.878094178754
"53","033","003301",1400000US53033003301,"53033003301","33.01",Census Tract 33.01,WA,King County,Washington,CT,669207,0,16.9596426946722,6.43650145428785,11.700257697928,993.25681202142
"53","033","005402",1400000US53033005402,"53033005402","54.02",Census Tract 54.02,WA,King County,Washington,CT,463900,0,16.9596426946722,6.43650145428785,11.700257697928,981.634626826213
"53","033","004201",1400000US53033004201,"53033004201","42.01",Census Tract 42.01,WA,King County,Washington,CT,1244114,0,16.9596426946722,6.43650145428785,11.700257697928,974.145210558992
"53","033","006702",1400000US53033006702,"53033006702","67.02",Census Tract 67.02,WA,King County,Washington,CT,304748,0,16.9596426946722,6.43650145428785,11.700257697928,997.214873877613
"53","033","007501",1400000US53033007501,"53033007501","75.01",Census Tract 75.01,WA,King County,Washington,CT,298283,0,16.9596426946722,6.43650145428785,11.700257697928,997.214873877613
"53","033","008004",1400000US53033008004,"53033008004","80.04",Census Tract 80.04,WA,King County,Washington,CT,284626,526767,16.9596426946722,6.43650145428785,11.700257697928,999.249814735668
"53","033","007303",1400000US53033007303,"53033007303","73.03",Census Tract 73.03,WA,King County,Washington,CT,313527,0,16.9596426946722,6.43650145428785,11.700257697928,997.214873877613
"53","033","004402",1400000US53033004402,"53033004402","44.02",Census Tract 44.02,WA,King County,Washington,CT,294988,0,16.9596426946722,6.43650145428785,11.700257697928,981.634626826213
"53","033","003202",1400000US53033003202,"53033003202","32.02",Census Tract 32.02,WA,King County,Washington,CT,956016,0,16.9596426946722,6.43650145428785,11.700257697928,993.597776088287
"53","033","004102",1400000US53033004102,"53033004102","41.02",Census Tract 41.02,WA,King County,Washington,CT,1689910,2027249,16.9596426946722,6.43650145428785,11.700257697928,976.358051236264
"53","033","003601",1400000US53033003601,"53033003601","36.01",Census Tract 36.01,WA,King County,Washington,CT,674139,0,16.9596426946722,6.43650145428785,11.700257697928,981.634626826213
"53","033","005303",1400000US53033005303,"53033005303","53.03",Census Tract 53.03,WA,King County,Washington,CT,2432843,749176,16.9596426946722,6.43650145428785,11.700257697928,976.783498353967
"53","033","032217",1400000US53033032217,"53033032217","322.17",Census Tract 322.17,WA,King County,Washington,CT,5744875,5098073,16.9596426946722,6.43650145428785,11.700257697928,1122.10831390154
"53","033","031912",1400000US53033031912,"53033031912","319.12",Census Tract 319.12,WA,King County,Washington,CT,7672904,0,16.9596426946722,6.43650145428785,11.700257697928,1249.15059278731
"53","033","006703",1400000US53033006703,"53033006703","67.03",Census Tract 67.03,WA,King County,Washington,CT,597133,0,16.9596426946722,6.43650145428785,11.700257697928,997.214873877613
"53","033","026102",1400000US53033026102,"53033026102","261.02",Census Tract 261.02,WA,King County,Washington,CT,1576655,0,16.9596426946722,6.43650145428785,11.700257697928,1018.79168107791
"53","033","005304",1400000US53033005304,"53033005304","53.04",Census Tract 53.04,WA,King County,Washington,CT,73030,0,16.9596426946722,6.43650145428785,11.700257697928,981.634626826213
"53","033","024704",1400000US53033024704,"53033024704","247.04",Census Tract 247.04,WA,King County,Washington,CT,2649459,804870,16.9596426946722,6.43650145428785,11.700257697928,1104.81320622351
"53","033","030102",1400000US53033030102,"53033030102","301.02",Census Tract 301.02,WA,King County,Washington,CT,2586301,0,16.9596426946722,6.43650145428785,11.700257697928,1097.25871937905
"53","033","005401",1400000US53033005401,"53033005401","54.01",Census Tract 54.01,WA,King County,Washington,CT,756239,615226,16.9596426946722,6.43650145428785,11.700257697928,989.424750351913
"53","033","031913",1400000US53033031913,"53033031913","319.13",Census Tract 319.13,WA,King County,Washington,CT,4071514,0,16.9596426946722,6.43650145428785,11.700257697928,1212.5798066565
"53","077","000402",1400000US53077000402,"53077000402","4.02",Census Tract 4.02,WA,Yakima County,Washington,CT,3773480,0,16.9596426946722,6.43650145428785,11.700257697928,238.402805429138
"53","077","002804",1400000US53077002804,"53077002804","28.04",Census Tract 28.04,WA,Yakima County,Washington,CT,9315218,0,16.9596426946722,6.43650145428785,11.700257697928,250.020865277635
"53","077","002201",1400000US53077002201,"53077002201","22.01",Census Tract 22.01,WA,Yakima County,Washington,CT,61234235,0,16.9596426946722,6.43650145428785,11.700257697928,200.60325928921
"53","077","002803",1400000US53077002803,"53077002803","28.03",Census Tract 28.03,WA,Yakima County,Washington,CT,21939736,0,16.9596426946722,6.43650145428785,11.700257697928,235.42328114336
"53","009","002301",1400000US53009002301,"53009002301","23.01",Census Tract 23.01,WA,Clallam County,Washington,CT,53225989,9262483,16.9596426946722,6.43650145428785,11.700257697928,641.721806071482
"53","009","002001",1400000US53009002001,"53009002001","20.01",Census Tract 20.01,WA,Clallam County,Washington,CT,6039794,0,16.9596426946722,6.43650145428785,11.700257697928,481.214345956168
"53","009","002302",1400000US53009002302,"53009002302","23.02",Census Tract 23.02,WA,Clallam County,Washington,CT,236341521,940292,16.9596426946722,6.43650145428785,11.700257697928,1136.10180591642
"53","009","001902",1400000US53009001902,"53009001902","19.02",Census Tract 19.02,WA,Clallam County,Washington,CT,22112914,10440217,16.9596426946722,6.43650145428785,11.700257697928,459.506616056822
"53","011","041114",1400000US53011041114,"53011041114","411.14",Census Tract 411.14,WA,Clark County,Washington,CT,1956862,0,16.9596426946722,6.43650145428785,11.700257697928,1160.66348697381
"53","011","040305",1400000US53011040305,"53011040305","403.05",Census Tract 403.05,WA,Clark County,Washington,CT,20538528,5854358,16.9596426946722,6.43650145428785,11.700257697928,1111.55921178836
"53","011","040812",1400000US53011040812,"53011040812","408.12",Census Tract 408.12,WA,Clark County,Washington,CT,8399716,4329,16.9596426946722,6.43650145428785,11.700257697928,1156.35069036456
"53","011","040714",1400000US53011040714,"53011040714","407.14",Census Tract 407.14,WA,Clark County,Washington,CT,1226529,0,16.9596426946722,6.43650145428785,11.700257697928,1234.28478537044
"53","053","071412",1400000US53053071412,"53053071412","714.12",Census Tract 714.12,WA,Pierce County,Washington,CT,6834912,19209,16.9596426946722,6.43650145428785,11.700257697928,1095.21213049242
"53","053","072908",1400000US53053072908,"53053072908","729.08",Census Tract 729.08,WA,Pierce County,Washington,CT,5849300,0,16.9596426946722,6.43650145428785,11.700257697928,1164.82824892558
"53","053","063402",1400000US53053063402,"53053063402","634.02",Census Tract 634.02,WA,Pierce County,Washington,CT,1928713,0,16.9596426946722,6.43650145428785,11.700257697928,1083.78098551385
"53","053","071414",1400000US53053071414,"53053071414","714.14",Census Tract 714.14,WA,Pierce County,Washington,CT,3214456,0,16.9596426946722,6.43650145428785,11.700257697928,1111.16741552964
"53","053","063301",1400000US53053063301,"53053063301","633.01",Census Tract 633.01,WA,Pierce County,Washington,CT,1886028,0,16.9596426946722,6.43650145428785,11.700257697928,1070.51255940463
"53","053","070209",1400000US53053070209,"53053070209","702.09",Census Tract 702.09,WA,Pierce County,Washington,CT,13672628,190016,16.9596426946722,6.43650145428785,11.700257697928,1215.26827810638
"53","073","000102",1400000US53073000102,"53073000102","1.02",Census Tract 1.02,WA,Whatcom County,Washington,CT,19005457,56261,16.9596426946722,6.43650145428785,11.700257697928,1013.48900057843
"53","073","000201",1400000US53073000201,"53073000201","2.01",Census Tract 2.01,WA,Whatcom County,Washington,CT,22885121,3760496,16.9596426946722,6.43650145428785,11.700257697928,941.660884427733
"53","073","001101",1400000US53073001101,"53073001101","11.01",Census Tract 11.01,WA,Whatcom County,Washington,CT,4288810,39160512,16.9596426946722,6.43650145428785,11.700257697928,982.051706580547
"53","073","000807",1400000US53073000807,"53073000807","8.07",Census Tract 8.07,WA,Whatcom County,Washington,CT,84381937,10748590,16.9596426946722,6.43650145428785,11.700257697928,1583.37400722072
"53","025","011001",1400000US53025011001,"53025011001","110.01",Census Tract 110.01,WA,Grant County,Washington,CT,21672323,5511692,16.9596426946722,6.43650145428785,11.700257697928,199.64694340882
"53","025","010401",1400000US53025010401,"53025010401","104.01",Census Tract 104.01,WA,Grant County,Washington,CT,39518316,0,16.9596426946722,6.43650145428785,11.700257697928,215.246083002191
"53","025","010904",1400000US53025010904,"53025010904","109.04",Census Tract 109.04,WA,Grant County,Washington,CT,10950816,5094900,16.9596426946722,6.43650145428785,11.700257697928,198.618969393705
"53","057","951502",1400000US53057951502,"53057951502","9515.02",Census Tract 9515.02,WA,Skagit County,Washington,CT,16557569,14953,16.9596426946722,6.43650145428785,11.700257697928,1231.72110244126
"53","057","950803",1400000US53057950803,"53057950803","9508.03",Census Tract 9508.03,WA,Skagit County,Washington,CT,38149682,56010,16.9596426946722,6.43650145428785,11.700257697928,1655.92235643876
"53","057","940201",1400000US53057940201,"53057940201","9402.01",Census Tract 9402.01,WA,Skagit County,Washington,CT,3249675,1958589,16.9596426946722,6.43650145428785,11.700257697928,701.43372258452
"53","061","051929",1400000US53061051929,"53061051929","519.29",Census Tract 519.29,WA,Snohomish County,Washington,CT,2263399,0,16.9596426946722,6.43650145428785,11.700257697928,1040.77366275205
"53","061","052807",1400000US53061052807,"53061052807","528.07",Census Tract 528.07,WA,Snohomish County,Washington,CT,2676236,0,16.9596426946722,6.43650145428785,11.700257697928,1088.32406754117
"53","061","052119",1400000US53061052119,"53061052119","521.19",Census Tract 521.19,WA,Snohomish County,Washington,CT,1350849,0,16.9596426946722,6.43650145428785,11.700257697928,1095.62283921554
"53","061","053510",1400000US53061053510,"53061053510","535.10",Census Tract 535.10,WA,Snohomish County,Washington,CT,4149248,0,16.9596426946722,6.43650145428785,11.700257697928,1232.17689687574
"53","061","041816",1400000US53061041816,"53061041816","418.16",Census Tract 418.16,WA,Snohomish County,Washington,CT,1703865,0,16.9596426946722,6.43650145428785,11.700257697928,1085.63125665168
"53","061","050404",1400000US53061050404,"53061050404","504.04",Census Tract 504.04,WA,Snohomish County,Washington,CT,1040970,0,16.9596426946722,6.43650145428785,11.700257697928,1004.03084189308
"53","061","052122",1400000US53061052122,"53061052122","521.22",Census Tract 521.22,WA,Snohomish County,Washington,CT,8592063,0,16.9596426946722,6.43650145428785,11.700257697928,1110.36653616712
"53","045","960403",1400000US53045960403,"53045960403","9604.03",Census Tract 9604.03,WA,Mason County,Washington,CT,48612935,12507985,16.9596426946722,6.43650145428785,11.700257697928,1465.90049250997
"53","035","092101",1400000US53035092101,"53035092101","921.01",Census Tract 921.01,WA,Kitsap County,Washington,CT,46834840,1221687,16.9596426946722,6.43650145428785,11.700257697928,1397.31032264591
"53","035","091205",1400000US53035091205,"53035091205","912.05",Census Tract 912.05,WA,Kitsap County,Washington,CT,4218746,114181,16.9596426946722,6.43650145428785,11.700257697928,1121.17866441933
"53","035","091206",1400000US53035091206,"53035091206","912.06",Census Tract 912.06,WA,Kitsap County,Washington,CT,1921034,0,16.9596426946722,6.43650145428785,11.700257697928,1121.17866441933
"53","035","090902",1400000US53035090902,"53035090902","909.02",Census Tract 909.02,WA,Kitsap County,Washington,CT,5239025,2300389,16.9596426946722,6.43650145428785,11.700257697928,1046.08641430444
"53","033","025703",1400000US53033025703,"53033025703","257.03",Census Tract 257.03,WA,King County,Washington,CT,944219,0,16.9596426946722,6.43650145428785,11.700257697928,1058.42991635903
"53","033","011602",1400000US53033011602,"53033011602","116.02",Census Tract 116.02,WA,King County,Washington,CT,1565825,786358,16.9596426946722,6.43650145428785,11.700257697928,1024.61026234913
"53","033","023701",1400000US53033023701,"53033023701","237.01",Census Tract 237.01,WA,King County,Washington,CT,4192703,0,16.9596426946722,6.43650145428785,11.700257697928,1074.91289395568
"53","033","007403",1400000US53033007403,"53033007403","74.03",Census Tract 74.03,WA,King County,Washington,CT,118559,0,16.9596426946722,6.43650145428785,11.700257697928,997.214873877613
"53","033","005305",1400000US53033005305,"53033005305","53.05",Census Tract 53.05,WA,King County,Washington,CT,212967,0,16.9596426946722,6.43650145428785,11.700257697928,981.634626826213
"53","003","960200",1400000US53003960200,"53003960200","9602",Census Tract 9602,WA,Asotin County,Washington,CT,294305193,2158770,16.9596426946722,6.43650145428785,11.700257697928,388.154646383989
"53","003","960600",1400000US53003960600,"53003960600","9606",Census Tract 9606,WA,Asotin County,Washington,CT,5528538,298858,16.9596426946722,6.43650145428785,11.700257697928,300.126773850173
"53","013","960200",1400000US53013960200,"53013960200","9602",Census Tract 9602,WA,Columbia County,Washington,CT,2249624779,12561759,16.9596426946722,6.43650145428785,11.700257697928,728.3923880984
"53","005","011900",1400000US53005011900,"53005011900","119",Census Tract 119,WA,Benton County,Washington,CT,165095738,1044095,16.9596426946722,6.43650145428785,11.700257697928,238.256240776796
"53","005","011504",1400000US53005011504,"53005011504","115.04",Census Tract 115.04,WA,Benton County,Washington,CT,13239323,0,16.9596426946722,6.43650145428785,11.700257697928,209.90734588074
"53","005","011001",1400000US53005011001,"53005011001","110.01",Census Tract 110.01,WA,Benton County,Washington,CT,4343233,1377319,16.9596426946722,6.43650145428785,11.700257697928,201.260561119234
"53","005","010600",1400000US53005010600,"53005010600","106",Census Tract 106,WA,Benton County,Washington,CT,7766784,1792213,16.9596426946722,6.43650145428785,11.700257697928,195.743281011482
"53","005","010201",1400000US53005010201,"53005010201","102.01",Census Tract 102.01,WA,Benton County,Washington,CT,43547419,898047,16.9596426946722,6.43650145428785,11.700257697928,194.253421345712
"53","071","920801",1400000US53071920801,"53071920801","9208.01",Census Tract 9208.01,WA,Walla Walla County,Washington,CT,3687588,61931,16.9596426946722,6.43650145428785,11.700257697928,479.573773233182
"53","071","920702",1400000US53071920702,"53071920702","9207.02",Census Tract 9207.02,WA,Walla Walla County,Washington,CT,3547598,0,16.9596426946722,6.43650145428785,11.700257697928,452.330071886668
"53","001","950500",1400000US53001950500,"53001950500","9505",Census Tract 9505,WA,Adams County,Washington,CT,12385953,0,16.9596426946722,6.43650145428785,11.700257697928,208.957075365507
"53","075","000400",1400000US53075000400,"53075000400","4",Census Tract 4,WA,Whitman County,Washington,CT,136779343,0,16.9596426946722,6.43650145428785,11.700257697928,570.371215666499
"53","025","010100",1400000US53025010100,"53025010100","101",Census Tract 101,WA,Grant County,Washington,CT,1361205286,127907709,16.9596426946722,6.43650145428785,11.700257697928,260.638027836418
"53","025","010500",1400000US53025010500,"53025010500","105",Census Tract 105,WA,Grant County,Washington,CT,716418957,4610384,16.9596426946722,6.43650145428785,11.700257697928,220.921822675453
"53","025","011300",1400000US53025011300,"53025011300","113",Census Tract 113,WA,Grant County,Washington,CT,284874524,5315640,16.9596426946722,6.43650145428785,11.700257697928,215.219798234071
"53","021","020501",1400000US53021020501,"53021020501","205.01",Census Tract 205.01,WA,Franklin County,Washington,CT,9262210,2236684,16.9596426946722,6.43650145428785,11.700257697928,198.413425623568
"53","011","041400",1400000US53011041400,"53011041400","414",Census Tract 414,WA,Clark County,Washington,CT,8711230,4450072,16.9596426946722,6.43650145428785,11.700257697928,1250.95804455873
"53","011","042400",1400000US53011042400,"53011042400","424",Census Tract 424,WA,Clark County,Washington,CT,1027075,454695,16.9596426946722,6.43650145428785,11.700257697928,1032.09238527587
"53","011","042900",1400000US53011042900,"53011042900","429",Census Tract 429,WA,Clark County,Washington,CT,1578449,0,16.9596426946722,6.43650145428785,11.700257697928,1116.12186657133
"53","011","040201",1400000US53011040201,"53011040201","402.01",Census Tract 402.01,WA,Clark County,Washington,CT,59070416,1483751,16.9596426946722,6.43650145428785,11.700257697928,1321.04595288819
"53","011","040408",1400000US53011040408,"53011040408","404.08",Census Tract 404.08,WA,Clark County,Washington,CT,20318884,6272,16.9596426946722,6.43650145428785,11.700257697928,1252.7551172739
"53","011","040102",1400000US53011040102,"53011040102","401.02",Census Tract 401.02,WA,Clark County,Washington,CT,53817000,42966,16.9596426946722,6.43650145428785,11.700257697928,1971.42096261996
"53","011","040203",1400000US53011040203,"53011040203","402.03",Census Tract 402.03,WA,Clark County,Washington,CT,61585092,219341,16.9596426946722,6.43650145428785,11.700257697928,1408.76275657797
"53","011","040907",1400000US53011040907,"53011040907","409.07",Census Tract 409.07,WA,Clark County,Washington,CT,5510437,322537,16.9596426946722,6.43650145428785,11.700257697928,1042.10586411747
"53","011","041009",1400000US53011041009,"53011041009","410.09",Census Tract 410.09,WA,Clark County,Washington,CT,2441491,0,16.9596426946722,6.43650145428785,11.700257697928,1067.24450530862
"53","011","040505",1400000US53011040505,"53011040505","405.05",Census Tract 405.05,WA,Clark County,Washington,CT,39887643,0,16.9596426946722,6.43650145428785,11.700257697928,1495.62131786605
"53","011","040510",1400000US53011040510,"53011040510","405.10",Census Tract 405.10,WA,Clark County,Washington,CT,47114563,370931,16.9596426946722,6.43650145428785,11.700257697928,1648.70790974959
"53","011","041310",1400000US53011041310,"53011041310","413.10",Census Tract 413.10,WA,Clark County,Washington,CT,3540208,572854,16.9596426946722,6.43650145428785,11.700257697928,1160.65196055265
"53","011","040504",1400000US53011040504,"53011040504","405.04",Census Tract 405.04,WA,Clark County,Washington,CT,194574980,96938,16.9596426946722,6.43650145428785,11.700257697928,2521.17777138196
"53","011","040608",1400000US53011040608,"53011040608","406.08",Census Tract 406.08,WA,Clark County,Washington,CT,9571069,623560,16.9596426946722,6.43650145428785,11.700257697928,1275.05274119978
"53","011","041008",1400000US53011041008,"53011041008","410.08",Census Tract 410.08,WA,Clark County,Washington,CT,2565114,0,16.9596426946722,6.43650145428785,11.700257697928,1049.22275687264
"53","011","041110",1400000US53011041110,"53011041110","411.10",Census Tract 411.10,WA,Clark County,Washington,CT,3071655,11892,16.9596426946722,6.43650145428785,11.700257697928,1120.48357674587
"53","011","041600",1400000US53011041600,"53011041600","416",Census Tract 416,WA,Clark County,Washington,CT,2706132,0,16.9596426946722,6.43650145428785,11.700257697928,1101.48383764637
"53","011","041700",1400000US53011041700,"53011041700","417",Census Tract 417,WA,Clark County,Washington,CT,1134023,0,16.9596426946722,6.43650145428785,11.700257697928,1079.96952759102
"53","011","041900",1400000US53011041900,"53011041900","419",Census Tract 419,WA,Clark County,Washington,CT,1175771,0,16.9596426946722,6.43650145428785,11.700257697928,1050.71574216426
"53","033","031204",1400000US53033031204,"53033031204","312.04",Census Tract 312.04,WA,King County,Washington,CT,36877757,601520,16.9596426946722,6.43650145428785,11.700257697928,1173.33184099371
"53","033","025500",1400000US53033025500,"53033025500","255",Census Tract 255,WA,King County,Washington,CT,1525774,0,16.9596426946722,6.43650145428785,11.700257697928,1136.83824471873
"53","015","001100",1400000US53015001100,"53015001100","11",Census Tract 11,WA,Cowlitz County,Washington,CT,6606539,695835,16.9596426946722,6.43650145428785,11.700257697928,1185.60133805723
"53","015","001300",1400000US53015001300,"53015001300","13",Census Tract 13,WA,Cowlitz County,Washington,CT,10341642,331007,16.9596426946722,6.43650145428785,11.700257697928,1351.24904738143
"53","015","000702",1400000US53015000702,"53015000702","7.02",Census Tract 7.02,WA,Cowlitz County,Washington,CT,2980798,0,16.9596426946722,6.43650145428785,11.700257697928,1261.69741165595
"53","033","032318",1400000US53033032318,"53033032318","323.18",Census Tract 323.18,WA,King County,Washington,CT,7326618,28260,16.9596426946722,6.43650145428785,11.700257697928,1191.97967659532
"53","033","021905",1400000US53033021905,"53033021905","219.05",Census Tract 219.05,WA,King County,Washington,CT,2683422,0,16.9596426946722,6.43650145428785,11.700257697928,1071.24242594049
"53","033","027300",1400000US53033027300,"53033027300","273",Census Tract 273,WA,King County,Washington,CT,3549642,5405,16.9596426946722,6.43650145428785,11.700257697928,1058.11901226861
"53","033","027100",1400000US53033027100,"53033027100","271",Census Tract 271,WA,King County,Washington,CT,1566609,0,16.9596426946722,6.43650145428785,11.700257697928,1042.73278081132
"53","033","026801",1400000US53033026801,"53033026801","268.01",Census Tract 268.01,WA,King County,Washington,CT,1541369,3031,16.9596426946722,6.43650145428785,11.700257697928,1046.71104408436
"53","033","026500",1400000US53033026500,"53033026500","265",Census Tract 265,WA,King County,Washington,CT,2045074,1625,16.9596426946722,6.43650145428785,11.700257697928,1030.45521022368
"53","033","026300",1400000US53033026300,"53033026300","263",Census Tract 263,WA,King County,Washington,CT,4224982,323989,16.9596426946722,6.43650145428785,11.700257697928,1007.72314254702
"53","033","031605",1400000US53033031605,"53033031605","316.05",Census Tract 316.05,WA,King County,Washington,CT,15390911,1564307,16.9596426946722,6.43650145428785,11.700257697928,1278.5712691758
"53","033","032328",1400000US53033032328,"53033032328","323.28",Census Tract 323.28,WA,King County,Washington,CT,8504236,0,16.9596426946722,6.43650145428785,11.700257697928,1222.90058218822
"53","033","032102",1400000US53033032102,"53033032102","321.02",Census Tract 321.02,WA,King County,Washington,CT,79709009,90596,16.9596426946722,6.43650145428785,11.700257697928,1964.24389417136
"53","033","032104",1400000US53033032104,"53033032104","321.04",Census Tract 321.04,WA,King County,Washington,CT,22279675,0,16.9596426946722,6.43650145428785,11.700257697928,1409.073040771
"53","033","032703",1400000US53033032703,"53033032703","327.03",Census Tract 327.03,WA,King County,Washington,CT,9930977,181212,16.9596426946722,6.43650145428785,11.700257697928,1823.46953721716
"53","033","031800",1400000US53033031800,"53033031800","318",Census Tract 318,WA,King County,Washington,CT,24906521,3267355,16.9596426946722,6.43650145428785,11.700257697928,1202.98909728659
"53","033","021904",1400000US53033021904,"53033021904","219.04",Census Tract 219.04,WA,King County,Washington,CT,3419305,0,16.9596426946722,6.43650145428785,11.700257697928,1093.01447240134
"53","033","032003",1400000US53033032003,"53033032003","320.03",Census Tract 320.03,WA,King County,Washington,CT,121672955,304929,16.9596426946722,6.43650145428785,11.700257697928,1979.62840652319
"53","033","032006",1400000US53033032006,"53033032006","320.06",Census Tract 320.06,WA,King County,Washington,CT,7614212,122944,16.9596426946722,6.43650145428785,11.700257697928,1231.81150840899
"53","033","032704",1400000US53033032704,"53033032704","327.04",Census Tract 327.04,WA,King County,Washington,CT,16775239,545880,16.9596426946722,6.43650145428785,11.700257697928,1722.78789589276
"53","035","090700",1400000US53035090700,"53035090700","907",Census Tract 907,WA,Kitsap County,Washington,CT,16564017,5741681,16.9596426946722,6.43650145428785,11.700257697928,969.372405402043
"53","035","080400",1400000US53035080400,"53035080400","804",Census Tract 804,WA,Kitsap County,Washington,CT,2880224,4201651,16.9596426946722,6.43650145428785,11.700257697928,1203.27614617575
"53","035","091302",1400000US53035091302,"53035091302","913.02",Census Tract 913.02,WA,Kitsap County,Washington,CT,34276059,3261226,16.9596426946722,6.43650145428785,11.700257697928,1152.43900826784
"53","033","031603",1400000US53033031603,"53033031603","316.03",Census Tract 316.03,WA,King County,Washington,CT,55964494,1522722,16.9596426946722,6.43650145428785,11.700257697928,1386.22211084342
"53","035","091500",1400000US53035091500,"53035091500","915",Census Tract 915,WA,Kitsap County,Washington,CT,5085451,3345310,16.9596426946722,6.43650145428785,11.700257697928,1202.91631911942
"53","035","081000",1400000US53035081000,"53035081000","810",Census Tract 810,WA,Kitsap County,Washington,CT,3137288,1243123,16.9596426946722,6.43650145428785,11.700257697928,1321.91686354381
"53","035","091201",1400000US53035091201,"53035091201","912.01",Census Tract 912.01,WA,Kitsap County,Washington,CT,5792107,964311,16.9596426946722,6.43650145428785,11.700257697928,1173.29279195093
"53","035","092400",1400000US53035092400,"53035092400","924",Census Tract 924,WA,Kitsap County,Washington,CT,6106259,0,16.9596426946722,6.43650145428785,11.700257697928,1255.31384219587
"53","035","092300",1400000US53035092300,"53035092300","923",Census Tract 923,WA,Kitsap County,Washington,CT,7447741,0,16.9596426946722,6.43650145428785,11.700257697928,1281.36928252207
"53","035","090202",1400000US53035090202,"53035090202","902.02",Census Tract 902.02,WA,Kitsap County,Washington,CT,52225853,5620888,16.9596426946722,6.43650145428785,11.700257697928,961.547854552897
"53","035","092802",1400000US53035092802,"53035092802","928.02",Census Tract 928.02,WA,Kitsap County,Washington,CT,26383180,1831071,16.9596426946722,6.43650145428785,11.700257697928,1250.50548064304
"53","033","032103",1400000US53033032103,"53033032103","321.03",Census Tract 321.03,WA,King County,Washington,CT,3987303,0,16.9596426946722,6.43650145428785,11.700257697928,1175.15556163467
"53","033","032005",1400000US53033032005,"53033032005","320.05",Census Tract 320.05,WA,King County,Washington,CT,6258304,123230,16.9596426946722,6.43650145428785,11.700257697928,1228.08867933435
"53","061","052207",1400000US53061052207,"53061052207","522.07",Census Tract 522.07,WA,Snohomish County,Washington,CT,67001267,280666,16.9596426946722,6.43650145428785,11.700257697928,1439.97524511241
"53","033","032315",1400000US53033032315,"53033032315","323.15",Census Tract 323.15,WA,King County,Washington,CT,44513525,1359055,16.9596426946722,6.43650145428785,11.700257697928,1232.55197046144
"53","033","021906",1400000US53033021906,"53033021906","219.06",Census Tract 219.06,WA,King County,Washington,CT,3783792,0,16.9596426946722,6.43650145428785,11.700257697928,1101.61563728706
"53","033","022005",1400000US53033022005,"53033022005","220.05",Census Tract 220.05,WA,King County,Washington,CT,2421648,0,16.9596426946722,6.43650145428785,11.700257697928,1064.17912138601
"53","033","022102",1400000US53033022102,"53033022102","221.02",Census Tract 221.02,WA,King County,Washington,CT,4679991,0,16.9596426946722,6.43650145428785,11.700257697928,1026.42575967041
"53","033","022603",1400000US53033022603,"53033022603","226.03",Census Tract 226.03,WA,King County,Washington,CT,2888544,23234,16.9596426946722,6.43650145428785,11.700257697928,1107.27998089343
"53","033","032008",1400000US53033032008,"53033032008","320.08",Census Tract 320.08,WA,King County,Washington,CT,2292972,157783,16.9596426946722,6.43650145428785,11.700257697928,1252.51835592965
"53","033","023403",1400000US53033023403,"53033023403","234.03",Census Tract 234.03,WA,King County,Washington,CT,3354192,1962037,16.9596426946722,6.43650145428785,11.700257697928,1149.7400470167
"53","033","030802",1400000US53033030802,"53033030802","308.02",Census Tract 308.02,WA,King County,Washington,CT,1385571,0,16.9596426946722,6.43650145428785,11.700257697928,1085.61285592181
"53","061","053802",1400000US53061053802,"53061053802","538.02",Census Tract 538.02,WA,Snohomish County,Washington,CT,22505115,14961,16.9596426946722,6.43650145428785,11.700257697928,1482.94533717001
"53","061","052007",1400000US53061052007,"53061052007","520.07",Census Tract 520.07,WA,Snohomish County,Washington,CT,2194446,0,16.9596426946722,6.43650145428785,11.700257697928,1067.94402117226
"53","061","051702",1400000US53061051702,"53061051702","517.02",Census Tract 517.02,WA,Snohomish County,Washington,CT,2166147,0,16.9596426946722,6.43650145428785,11.700257697928,1054.97039916206
"53","061","052004",1400000US53061052004,"53061052004","520.04",Census Tract 520.04,WA,Snohomish County,Washington,CT,3313819,10540,16.9596426946722,6.43650145428785,11.700257697928,1092.60648962795
"53","061","052206",1400000US53061052206,"53061052206","522.06",Census Tract 522.06,WA,Snohomish County,Washington,CT,51544459,656136,16.9596426946722,6.43650145428785,11.700257697928,1355.85170806628
"53","061","041400",1400000US53061041400,"53061041400","414",Census Tract 414,WA,Snohomish County,Washington,CT,3466238,0,16.9596426946722,6.43650145428785,11.700257697928,997.476179505155
"53","061","041000",1400000US53061041000,"53061041000","410",Census Tract 410,WA,Snohomish County,Washington,CT,3050205,0,16.9596426946722,6.43650145428785,11.700257697928,997.476179505155
"53","061","051914",1400000US53061051914,"53061051914","519.14",Census Tract 519.14,WA,Snohomish County,Washington,CT,3426954,0,16.9596426946722,6.43650145428785,11.700257697928,1025.69348822535
"53","061","051926",1400000US53061051926,"53061051926","519.26",Census Tract 519.26,WA,Snohomish County,Washington,CT,8484888,0,16.9596426946722,6.43650145428785,11.700257697928,1113.26888160156
"53","061","052606",1400000US53061052606,"53061052606","526.06",Census Tract 526.06,WA,Snohomish County,Washington,CT,13063427,1091389,16.9596426946722,6.43650145428785,11.700257697928,1196.21940211953
"53","061","052607",1400000US53061052607,"53061052607","526.07",Census Tract 526.07,WA,Snohomish County,Washington,CT,10156194,0,16.9596426946722,6.43650145428785,11.700257697928,1165.55845287168
"53","061","053400",1400000US53061053400,"53061053400","534",Census Tract 534,WA,Snohomish County,Washington,CT,129729217,349052,16.9596426946722,6.43650145428785,11.700257697928,1291.04769700822
"53","061","052301",1400000US53061052301,"53061052301","523.01",Census Tract 523.01,WA,Snohomish County,Washington,CT,39269982,731026,16.9596426946722,6.43650145428785,11.700257697928,1254.90506810994
"53","061","050101",1400000US53061050101,"53061050101","501.01",Census Tract 501.01,WA,Snohomish County,Washington,CT,2527904,183421,16.9596426946722,6.43650145428785,11.700257697928,1021.87633487975
"53","061","040800",1400000US53061040800,"53061040800","408",Census Tract 408,WA,Snohomish County,Washington,CT,1451147,1513961,16.9596426946722,6.43650145428785,11.700257697928,976.620350637145
"53","061","052112",1400000US53061052112,"53061052112","521.12",Census Tract 521.12,WA,Snohomish County,Washington,CT,14664696,0,16.9596426946722,6.43650145428785,11.700257697928,1205.24254563707
"53","061","052805",1400000US53061052805,"53061052805","528.05",Census Tract 528.05,WA,Snohomish County,Washington,CT,4252778,0,16.9596426946722,6.43650145428785,11.700257697928,1049.1967094352
"53","061","053509",1400000US53061053509,"53061053509","535.09",Census Tract 535.09,WA,Snohomish County,Washington,CT,8419525,0,16.9596426946722,6.43650145428785,11.700257697928,1178.24404993412
"53","061","053508",1400000US53061053508,"53061053508","535.08",Census Tract 535.08,WA,Snohomish County,Washington,CT,15008815,0,16.9596426946722,6.43650145428785,11.700257697928,1170.02647692398
"53","061","053604",1400000US53061053604,"53061053604","536.04",Census Tract 536.04,WA,Snohomish County,Washington,CT,16007917,70106,16.9596426946722,6.43650145428785,11.700257697928,1247.9119872631
"53","061","052114",1400000US53061052114,"53061052114","521.14",Census Tract 521.14,WA,Snohomish County,Washington,CT,6566075,0,16.9596426946722,6.43650145428785,11.700257697928,1120.21034017763
"53","061","041301",1400000US53061041301,"53061041301","413.01",Census Tract 413.01,WA,Snohomish County,Washington,CT,4611438,1683121,16.9596426946722,6.43650145428785,11.700257697928,959.545852431728
"53","061","041701",1400000US53061041701,"53061041701","417.01",Census Tract 417.01,WA,Snohomish County,Washington,CT,2963181,401753,16.9596426946722,6.43650145428785,11.700257697928,1085.62353006179
"53","033","030503",1400000US53033030503,"53033030503","305.03",Census Tract 305.03,WA,King County,Washington,CT,3121911,64270,16.9596426946722,6.43650145428785,11.700257697928,1079.02709364665
"53","033","030501",1400000US53033030501,"53033030501","305.01",Census Tract 305.01,WA,King County,Washington,CT,11369294,43830,16.9596426946722,6.43650145428785,11.700257697928,1099.06286981173
"53","033","030308",1400000US53033030308,"53033030308","303.08",Census Tract 303.08,WA,King County,Washington,CT,2154063,0,16.9596426946722,6.43650145428785,11.700257697928,1094.65560138796
"53","041","971800",1400000US53041971800,"53041971800","9718",Census Tract 9718,WA,Lewis County,Washington,CT,1119140123,6585978,16.9596426946722,6.43650145428785,11.700257697928,1969.23221207305
"53","041","971600",1400000US53041971600,"53041971600","9716",Census Tract 9716,WA,Lewis County,Washington,CT,182567624,900744,16.9596426946722,6.43650145428785,11.700257697928,1355.84130766788
"53","061","042001",1400000US53061042001,"53061042001","420.01",Census Tract 420.01,WA,Snohomish County,Washington,CT,4847697,1095563,16.9596426946722,6.43650145428785,11.700257697928,986.051517614319
"53","061","042005",1400000US53061042005,"53061042005","420.05",Census Tract 420.05,WA,Snohomish County,Washington,CT,6375057,825973,16.9596426946722,6.43650145428785,11.700257697928,1001.68504269714
"53","061","052104",1400000US53061052104,"53061052104","521.04",Census Tract 521.04,WA,Snohomish County,Washington,CT,43472968,6874692,16.9596426946722,6.43650145428785,11.700257697928,1005.72850997385
"53","061","050402",1400000US53061050402,"53061050402","504.02",Census Tract 504.02,WA,Snohomish County,Washington,CT,2856107,0,16.9596426946722,6.43650145428785,11.700257697928,990.702163529706
"53","061","042004",1400000US53061042004,"53061042004","420.04",Census Tract 420.04,WA,Snohomish County,Washington,CT,2382616,153461,16.9596426946722,6.43650145428785,11.700257697928,1077.32210122112
"53","061","040300",1400000US53061040300,"53061040300","403",Census Tract 403,WA,Snohomish County,Washington,CT,1049264,0,16.9596426946722,6.43650145428785,11.700257697928,964.965439104685
"53","061","040900",1400000US53061040900,"53061040900","409",Census Tract 409,WA,Snohomish County,Washington,CT,3307583,1063926,16.9596426946722,6.43650145428785,11.700257697928,995.350139647512
"53","041","970600",1400000US53041970600,"53041970600","9706",Census Tract 9706,WA,Lewis County,Washington,CT,1168638,80511,16.9596426946722,6.43650145428785,11.700257697928,1114.37048642211
"53","041","971200",1400000US53041971200,"53041971200","9712",Census Tract 9712,WA,Lewis County,Washington,CT,142674543,2424161,16.9596426946722,6.43650145428785,11.700257697928,1349.37912913567
"53","041","971100",1400000US53041971100,"53041971100","9711",Census Tract 9711,WA,Lewis County,Washington,CT,352339724,1044624,16.9596426946722,6.43650145428785,11.700257697928,1434.94551962453
"53","015","001900",1400000US53015001900,"53015001900","19",Census Tract 19,WA,Cowlitz County,Washington,CT,293362487,8359152,16.9596426946722,6.43650145428785,11.700257697928,1786.00810115151
"53","015","000400",1400000US53015000400,"53015000400","4",Census Tract 4,WA,Cowlitz County,Washington,CT,2263365,129348,16.9596426946722,6.43650145428785,11.700257697928,1246.15824063381
"53","033","008500",1400000US53033008500,"53033008500","85",Census Tract 85,WA,King County,Washington,CT,450978,0,16.9596426946722,6.43650145428785,11.700257697928,993.591096881916
"53","033","008002",1400000US53033008002,"53033008002","80.02",Census Tract 80.02,WA,King County,Washington,CT,234314,0,16.9596426946722,6.43650145428785,11.700257697928,997.214873877613
"53","033","007700",1400000US53033007700,"53033007700","77",Census Tract 77,WA,King County,Washington,CT,1058322,0,16.9596426946722,6.43650145428785,11.700257697928,990.991927169971
"53","033","006900",1400000US53033006900,"53033006900","69",Census Tract 69,WA,King County,Washington,CT,905121,0,16.9596426946722,6.43650145428785,11.700257697928,1001.28475559372
"53","033","006200",1400000US53033006200,"53033006200","62",Census Tract 62,WA,King County,Washington,CT,2437426,239356,16.9596426946722,6.43650145428785,11.700257697928,985.443449438879
"53","033","006000",1400000US53033006000,"53033006000","60",Census Tract 60,WA,King County,Washington,CT,1340653,160754,16.9596426946722,6.43650145428785,11.700257697928,993.347767079742
"53","033","005801",1400000US53033005801,"53033005801","58.01",Census Tract 58.01,WA,King County,Washington,CT,1822365,260223,16.9596426946722,6.43650145428785,11.700257697928,993.597776088287
"53","033","005600",1400000US53033005600,"53033005600","56",Census Tract 56,WA,King County,Washington,CT,3022785,1546484,16.9596426946722,6.43650145428785,11.700257697928,1000.98675733389
"53","033","004000",1400000US53033004000,"53033004000","40",Census Tract 40,WA,King County,Washington,CT,2574586,3232248,16.9596426946722,6.43650145428785,11.700257697928,978.303168835313
"53","033","003500",1400000US53033003500,"53033003500","35",Census Tract 35,WA,King County,Washington,CT,1284745,0,16.9596426946722,6.43650145428785,11.700257697928,987.445719423817
"53","033","003400",1400000US53033003400,"53033003400","34",Census Tract 34,WA,King County,Washington,CT,787161,0,16.9596426946722,6.43650145428785,11.700257697928,993.25681202142
"53","033","003000",1400000US53033003000,"53033003000","30",Census Tract 30,WA,King County,Washington,CT,1493249,0,16.9596426946722,6.43650145428785,11.700257697928,985.601083811392
"53","033","002400",1400000US53033002400,"53033002400","24",Census Tract 24,WA,King County,Washington,CT,962528,0,16.9596426946722,6.43650145428785,11.700257697928,968.32313075772
"53","033","002100",1400000US53033002100,"53033002100","21",Census Tract 21,WA,King County,Washington,CT,1365468,0,16.9596426946722,6.43650145428785,11.700257697928,964.71389163372
"53","033","001900",1400000US53033001900,"53033001900","19",Census Tract 19,WA,King County,Washington,CT,1667272,0,16.9596426946722,6.43650145428785,11.700257697928,979.39018080918
"53","033","001701",1400000US53033001701,"53033001701","17.01",Census Tract 17.01,WA,King County,Washington,CT,892768,0,16.9596426946722,6.43650145428785,11.700257697928,978.667768205272
"53","033","001600",1400000US53033001600,"53033001600","16",Census Tract 16,WA,King County,Washington,CT,2020358,320118,16.9596426946722,6.43650145428785,11.700257697928,977.945355601363
"53","033","000800",1400000US53033000800,"53033000800","8",Census Tract 8,WA,King County,Washington,CT,1141931,0,16.9596426946722,6.43650145428785,11.700257697928,964.71389163372
"53","033","000700",1400000US53033000700,"53033000700","7",Census Tract 7,WA,King County,Washington,CT,1294438,0,16.9596426946722,6.43650145428785,11.700257697928,972.05203622145
"53","033","000402",1400000US53033000402,"53033000402","4.02",Census Tract 4.02,WA,King County,Washington,CT,1798938,0,16.9596426946722,6.43650145428785,11.700257697928,978.667768205272
"53","033","030304",1400000US53033030304,"53033030304","303.04",Census Tract 303.04,WA,King County,Washington,CT,7535865,0,16.9596426946722,6.43650145428785,11.700257697928,1125.60372467993
"53","033","030314",1400000US53033030314,"53033030314","303.14",Census Tract 303.14,WA,King County,Washington,CT,2492084,0,16.9596426946722,6.43650145428785,11.700257697928,1111.43122202949
"53","033","030201",1400000US53033030201,"53033030201","302.01",Census Tract 302.01,WA,King County,Washington,CT,2807515,64020,16.9596426946722,6.43650145428785,11.700257697928,1072.75867447522
"53","033","029901",1400000US53033029901,"53033029901","299.01",Census Tract 299.01,WA,King County,Washington,CT,3958812,107134,16.9596426946722,6.43650145428785,11.700257697928,1184.67231940446
"53","033","029406",1400000US53033029406,"53033029406","294.06",Census Tract 294.06,WA,King County,Washington,CT,2620731,89031,16.9596426946722,6.43650145428785,11.700257697928,1128.04216223103
"53","033","029405",1400000US53033029405,"53033029405","294.05",Census Tract 294.05,WA,King County,Washington,CT,2492138,0,16.9596426946722,6.43650145428785,11.700257697928,1121.37025566847
"53","033","029307",1400000US53033029307,"53033029307","293.07",Census Tract 293.07,WA,King County,Washington,CT,3830941,39589,16.9596426946722,6.43650145428785,11.700257697928,1152.67294726968
"53","033","029205",1400000US53033029205,"53033029205","292.05",Census Tract 292.05,WA,King County,Washington,CT,1868767,40687,16.9596426946722,6.43650145428785,11.700257697928,1059.2772553959
"53","033","029003",1400000US53033029003,"53033029003","290.03",Census Tract 290.03,WA,King County,Washington,CT,2568431,0,16.9596426946722,6.43650145428785,11.700257697928,1060.94122940382
"53","033","028902",1400000US53033028902,"53033028902","289.02",Census Tract 289.02,WA,King County,Washington,CT,2065170,0,16.9596426946722,6.43650145428785,11.700257697928,1056.95159377095
"53","033","028801",1400000US53033028801,"53033028801","288.01",Census Tract 288.01,WA,King County,Washington,CT,5221717,0,16.9596426946722,6.43650145428785,11.700257697928,1056.94698244149
"53","033","028600",1400000US53033028600,"53033028600","286",Census Tract 286,WA,King County,Washington,CT,6378626,1972936,16.9596426946722,6.43650145428785,11.700257697928,1043.64273967018
"53","033","028500",1400000US53033028500,"53033028500","285",Census Tract 285,WA,King County,Washington,CT,3509793,0,16.9596426946722,6.43650145428785,11.700257697928,1070.51300113116
"53","033","027800",1400000US53033027800,"53033027800","278",Census Tract 278,WA,King County,Washington,CT,2582664,1104566,16.9596426946722,6.43650145428785,11.700257697928,1042.9727660691
"53","033","027702",1400000US53033027702,"53033027702","277.02",Census Tract 277.02,WA,King County,Washington,CT,51502878,23418662,16.9596426946722,6.43650145428785,11.700257697928,1135.21417397081
"53","033","027600",1400000US53033027600,"53033027600","276",Census Tract 276,WA,King County,Washington,CT,2854126,1287647,16.9596426946722,6.43650145428785,11.700257697928,1044.84190507673
"53","033","021600",1400000US53033021600,"53033021600","216",Census Tract 216,WA,King County,Washington,CT,2863323,163654,16.9596426946722,6.43650145428785,11.700257697928,1009.90031844852
"53","033","024902",1400000US53033024902,"53033024902","249.02",Census Tract 249.02,WA,King County,Washington,CT,2029991,0,16.9596426946722,6.43650145428785,11.700257697928,1230.65383293845
"53","033","021400",1400000US53033021400,"53033021400","214",Census Tract 214,WA,King County,Washington,CT,3136342,265701,16.9596426946722,6.43650145428785,11.700257697928,990.358601705471
"53","033","021000",1400000US53033021000,"53033021000","210",Census Tract 210,WA,King County,Washington,CT,2629269,5753,16.9596426946722,6.43650145428785,11.700257697928,997.049702566645
"53","033","020700",1400000US53033020700,"53033020700","207",Census Tract 207,WA,King County,Washington,CT,1711190,0,16.9596426946722,6.43650145428785,11.700257697928,984.84761818856
"53","033","020402",1400000US53033020402,"53033020402","204.02",Census Tract 204.02,WA,King County,Washington,CT,2789589,0,16.9596426946722,6.43650145428785,11.700257697928,1009.03313567889
"53","033","011500",1400000US53033011500,"53033011500","115",Census Tract 115,WA,King County,Washington,CT,1538373,0,16.9596426946722,6.43650145428785,11.700257697928,1024.52735028024
"53","033","011402",1400000US53033011402,"53033011402","114.02",Census Tract 114.02,WA,King County,Washington,CT,1186191,0,16.9596426946722,6.43650145428785,11.700257697928,1025.23485392099
"53","033","011102",1400000US53033011102,"53033011102","111.02",Census Tract 111.02,WA,King County,Washington,CT,1303226,1143440,16.9596426946722,6.43650145428785,11.700257697928,989.251702489998
"53","033","010702",1400000US53033010702,"53033010702","107.02",Census Tract 107.02,WA,King County,Washington,CT,780115,0,16.9596426946722,6.43650145428785,11.700257697928,1024.52735028024
"53","033","010402",1400000US53033010402,"53033010402","104.02",Census Tract 104.02,WA,King County,Washington,CT,1742871,0,16.9596426946722,6.43650145428785,11.700257697928,991.434259312011
"53","033","009702",1400000US53033009702,"53033009702","97.02",Census Tract 97.02,WA,King County,Washington,CT,2220441,0,16.9596426946722,6.43650145428785,11.700257697928,1018.04677215943
"53","033","009600",1400000US53033009600,"53033009600","96",Census Tract 96,WA,King County,Washington,CT,1906922,1385222,16.9596426946722,6.43650145428785,11.700257697928,1014.72357103014
"53","033","009100",1400000US53033009100,"53033009100","91",Census Tract 91,WA,King County,Washington,CT,410621,0,16.9596426946722,6.43650145428785,11.700257697928,989.967319886219
"53","033","008800",1400000US53033008800,"53033008800","88",Census Tract 88,WA,King County,Washington,CT,948581,0,16.9596426946722,6.43650145428785,11.700257697928,990.379332940102
"53","017","950300",1400000US53017950300,"53017950300","9503",Census Tract 9503,WA,Douglas County,Washington,CT,183760720,10057788,16.9596426946722,6.43650145428785,11.700257697928,278.912479956973
"53","017","950500",1400000US53017950500,"53017950500","9505",Census Tract 9505,WA,Douglas County,Washington,CT,2348347,371217,16.9596426946722,6.43650145428785,11.700257697928,244.457661755593
"53","063","010601",1400000US53063010601,"53063010601","106.01",Census Tract 106.01,WA,Spokane County,Washington,CT,7413661,627477,16.9596426946722,6.43650145428785,11.700257697928,436.920540851604
"53","063","001300",1400000US53063001300,"53063001300","13",Census Tract 13,WA,Spokane County,Washington,CT,1577519,0,16.9596426946722,6.43650145428785,11.700257697928,452.643251769092
"53","063","001400",1400000US53063001400,"53063001400","14",Census Tract 14,WA,Spokane County,Washington,CT,2617450,0,16.9596426946722,6.43650145428785,11.700257697928,449.017076391639
"53","063","001800",1400000US53063001800,"53063001800","18",Census Tract 18,WA,Spokane County,Washington,CT,1605511,67683,16.9596426946722,6.43650145428785,11.700257697928,448.385148608585
"53","063","002300",1400000US53063002300,"53063002300","23",Census Tract 23,WA,Spokane County,Washington,CT,2519295,224706,16.9596426946722,6.43650145428785,11.700257697928,439.05181645088
"53","063","013300",1400000US53063013300,"53063013300","133",Census Tract 133,WA,Spokane County,Washington,CT,203580728,0,16.9596426946722,6.43650145428785,11.700257697928,653.494173744885
"53","063","010305",1400000US53063010305,"53063010305","103.05",Census Tract 103.05,WA,Spokane County,Washington,CT,64015775,0,16.9596426946722,6.43650145428785,11.700257697928,467.011230083836
"53","065","950700",1400000US53065950700,"53065950700","9507",Census Tract 9507,WA,Stevens County,Washington,CT,15403250,0,16.9596426946722,6.43650145428785,11.700257697928,575.844999505371
"53","067","011200",1400000US53067011200,"53067011200","112",Census Tract 112,WA,Thurston County,Washington,CT,6775255,50357,16.9596426946722,6.43650145428785,11.700257697928,1308.52222832946
"53","067","011810",1400000US53067011810,"53067011810","118.10",Census Tract 118.10,WA,Thurston County,Washington,CT,190053190,340451,16.9596426946722,6.43650145428785,11.700257697928,1925.07772271098
"53","067","010300",1400000US53067010300,"53067010300","103",Census Tract 103,WA,Thurston County,Washington,CT,3970069,712,16.9596426946722,6.43650145428785,11.700257697928,1322.85772873531
"53","045","961000",1400000US53045961000,"53045961000","9610",Census Tract 9610,WA,Mason County,Washington,CT,58621381,10633101,16.9596426946722,6.43650145428785,11.700257697928,1553.83136334985
"53","067","012530",1400000US53067012530,"53067012530","125.30",Census Tract 125.30,WA,Thurston County,Washington,CT,67909621,602271,16.9596426946722,6.43650145428785,11.700257697928,1251.80876506938
"53","067","011720",1400000US53067011720,"53067011720","117.20",Census Tract 117.20,WA,Thurston County,Washington,CT,20367197,588840,16.9596426946722,6.43650145428785,11.700257697928,1319.45354742742
"53","067","012100",1400000US53067012100,"53067012100","121",Census Tract 121,WA,Thurston County,Washington,CT,29115310,16943629,16.9596426946722,6.43650145428785,11.700257697928,1304.92509878757
"53","067","011410",1400000US53067011410,"53067011410","114.10",Census Tract 114.10,WA,Thurston County,Washington,CT,2648011,0,16.9596426946722,6.43650145428785,11.700257697928,1304.85597466291
"53","067","011000",1400000US53067011000,"53067011000","110",Census Tract 110,WA,Thurston County,Washington,CT,27941098,2553136,16.9596426946722,6.43650145428785,11.700257697928,1514.75843139972
"53","073","001000",1400000US53073001000,"53073001000","10",Census Tract 10,WA,Whatcom County,Washington,CT,2493438,0,16.9596426946722,6.43650145428785,11.700257697928,983.379202059486
"53","045","960500",1400000US53045960500,"53045960500","9605",Census Tract 9605,WA,Mason County,Washington,CT,124835361,18941230,16.9596426946722,6.43650145428785,11.700257697928,1814.34923206377
"53","045","960100",1400000US53045960100,"53045960100","9601",Census Tract 9601,WA,Mason County,Washington,CT,923626249,18549959,16.9596426946722,6.43650145428785,11.700257697928,3451.45761893603
"53","073","000804",1400000US53073000804,"53073000804","8.04",Census Tract 8.04,WA,Whatcom County,Washington,CT,11115753,3295504,16.9596426946722,6.43650145428785,11.700257697928,1155.5261813429
"53","073","000502",1400000US53073000502,"53073000502","5.02",Census Tract 5.02,WA,Whatcom County,Washington,CT,1247174,372581,16.9596426946722,6.43650145428785,11.700257697928,984.042949798955
"53","073","010302",1400000US53073010302,"53073010302","103.02",Census Tract 103.02,WA,Whatcom County,Washington,CT,4259243,86175,16.9596426946722,6.43650145428785,11.700257697928,1252.1361536749
"53","073","011000",1400000US53073011000,"53073011000","110",Census Tract 110,WA,Whatcom County,Washington,CT,12652764,335915179,16.9596426946722,6.43650145428785,11.700257697928,954.359524943275
"53","077","001100",1400000US53077001100,"53077001100","11",Census Tract 11,WA,Yakima County,Washington,CT,12779683,0,16.9596426946722,6.43650145428785,11.700257697928,218.764400570795
"53","077","000100",1400000US53077000100,"53077000100","1",Census Tract 1,WA,Yakima County,Washington,CT,2225019,0,16.9596426946722,6.43650145428785,11.700257697928,220.797295811131
"53","077","001602",1400000US53077001602,"53077001602","16.02",Census Tract 16.02,WA,Yakima County,Washington,CT,20467070,1419943,16.9596426946722,6.43650145428785,11.700257697928,221.513625672373
"53","051","970300",1400000US53051970300,"53051970300","9703",Census Tract 9703,WA,Pend Oreille County,Washington,CT,92643329,2438332,16.9596426946722,6.43650145428785,11.700257697928,738.62821594753
"53","051","970500",1400000US53051970500,"53051970500","9705",Census Tract 9705,WA,Pend Oreille County,Washington,CT,166592774,3604165,16.9596426946722,6.43650145428785,11.700257697928,715.030324562617
"53","057","951900",1400000US53057951900,"53057951900","9519",Census Tract 9519,WA,Skagit County,Washington,CT,58486645,7230899,16.9596426946722,6.43650145428785,11.700257697928,826.928232938034
"53","077","003100",1400000US53077003100,"53077003100","31",Census Tract 31,WA,Yakima County,Washington,CT,66036786,524606,16.9596426946722,6.43650145428785,11.700257697928,249.834228824023
"53","077","001300",1400000US53077001300,"53077001300","13",Census Tract 13,WA,Yakima County,Washington,CT,8043789,0,16.9596426946722,6.43650145428785,11.700257697928,221.62927439527
"53","057","951300",1400000US53057951300,"53057951300","9513",Census Tract 9513,WA,Skagit County,Washington,CT,61386472,3761678,16.9596426946722,6.43650145428785,11.700257697928,1443.0132013538
"53","057","952100",1400000US53057952100,"53057952100","9521",Census Tract 9521,WA,Skagit County,Washington,CT,84865690,3421729,16.9596426946722,6.43650145428785,11.700257697928,804.481000845641
"53","057","950900",1400000US53057950900,"53057950900","9509",Census Tract 9509,WA,Skagit County,Washington,CT,161806926,1483190,16.9596426946722,6.43650145428785,11.700257697928,1909.6075430931
"53","063","002900",1400000US53063002900,"53063002900","29",Census Tract 29,WA,Spokane County,Washington,CT,1619947,0,16.9596426946722,6.43650145428785,11.700257697928,482.622526468359
"53","063","004601",1400000US53063004601,"53063004601","46.01",Census Tract 46.01,WA,Spokane County,Washington,CT,2488547,15828,16.9596426946722,6.43650145428785,11.700257697928,475.569150602008
"53","063","004300",1400000US53063004300,"53063004300","43",Census Tract 43,WA,Spokane County,Washington,CT,2373407,0,16.9596426946722,6.43650145428785,11.700257697928,462.056551641756
"53","063","012902",1400000US53063012902,"53063012902","129.02",Census Tract 129.02,WA,Spokane County,Washington,CT,5261974,0,16.9596426946722,6.43650145428785,11.700257697928,470.775959743839
"53","063","010201",1400000US53063010201,"53063010201","102.01",Census Tract 102.01,WA,Spokane County,Washington,CT,208439983,235676,16.9596426946722,6.43650145428785,11.700257697928,641.930486257358
"53","063","004800",1400000US53063004800,"53063004800","48",Census Tract 48,WA,Spokane County,Washington,CT,2690660,0,16.9596426946722,6.43650145428785,11.700257697928,525.052908471581
"53","063","005000",1400000US53063005000,"53063005000","50",Census Tract 50,WA,Spokane County,Washington,CT,10663413,0,16.9596426946722,6.43650145428785,11.700257697928,497.824830425163
"53","063","012402",1400000US53063012402,"53063012402","124.02",Census Tract 124.02,WA,Spokane County,Washington,CT,31514473,0,16.9596426946722,6.43650145428785,11.700257697928,525.301070745648
"53","063","013900",1400000US53063013900,"53063013900","139",Census Tract 139,WA,Spokane County,Washington,CT,39234225,5740637,16.9596426946722,6.43650145428785,11.700257697928,451.583609012955
"53","063","012801",1400000US53063012801,"53063012801","128.01",Census Tract 128.01,WA,Spokane County,Washington,CT,2510440,0,16.9596426946722,6.43650145428785,11.700257697928,470.721895608871
"53","063","000400",1400000US53063000400,"53063000400","4",Census Tract 4,WA,Spokane County,Washington,CT,1923224,0,16.9596426946722,6.43650145428785,11.700257697928,452.643251769092
"53","063","000800",1400000US53063000800,"53063000800","8",Census Tract 8,WA,Spokane County,Washington,CT,3692004,0,16.9596426946722,6.43650145428785,11.700257697928,444.760888515219
"53","027","001100",1400000US53027001100,"53027001100","11",Census Tract 11,WA,Grays Harbor County,Washington,CT,5563426,69994,16.9596426946722,6.43650145428785,11.700257697928,2296.37755268187
"53","027","001400",1400000US53027001400,"53027001400","14",Census Tract 14,WA,Grays Harbor County,Washington,CT,29029333,925724,16.9596426946722,6.43650145428785,11.700257697928,2274.63348181431
"53","027","000600",1400000US53027000600,"53027000600","6",Census Tract 6,WA,Grays Harbor County,Washington,CT,99153357,376260,16.9596426946722,6.43650145428785,11.700257697928,2251.73963809492
"53","031","950602",1400000US53031950602,"53031950602","9506.02",Census Tract 9506.02,WA,Jefferson County,Washington,CT,11224456,13264353,16.9596426946722,6.43650145428785,11.700257697928,532.356753872285
"53","043","960100",1400000US53043960100,"53043960100","9601",Census Tract 9601,WA,Lincoln County,Washington,CT,4942204,0,16.9596426946722,6.43650145428785,11.700257697928,360.789954457838
"53","045","960900",1400000US53045960900,"53045960900","9609",Census Tract 9609,WA,Mason County,Washington,CT,5667647,0,16.9596426946722,6.43650145428785,11.700257697928,1648.6042930532
"53","009","002100",1400000US53009002100,"53009002100","21",Census Tract 21,WA,Clallam County,Washington,CT,3783826,0,16.9596426946722,6.43650145428785,11.700257697928,475.424085243919
"53","009","000700",1400000US53009000700,"53009000700","7",Census Tract 7,WA,Clallam County,Washington,CT,12436402,11564300,16.9596426946722,6.43650145428785,11.700257697928,718.80686173108
"53","009","001400",1400000US53009001400,"53009001400","14",Census Tract 14,WA,Clallam County,Washington,CT,92521267,2668182,16.9596426946722,6.43650145428785,11.700257697928,893.671338930636
"53","009","001600",1400000US53009001600,"53009001600","16",Census Tract 16,WA,Clallam County,Washington,CT,21592071,4787643,16.9596426946722,6.43650145428785,11.700257697928,513.211256867672
"53","027","000900",1400000US53027000900,"53027000900","9",Census Tract 9,WA,Grays Harbor County,Washington,CT,23527407,3627700,16.9596426946722,6.43650145428785,11.700257697928,2179.006289626
"53","029","971500",1400000US53029971500,"53029971500","9715",Census Tract 9715,WA,Island County,Washington,CT,27621449,12843325,16.9596426946722,6.43650145428785,11.700257697928,733.080998426486
"53","029","971000",1400000US53029971000,"53029971000","9710",Census Tract 9710,WA,Island County,Washington,CT,35036935,14436598,16.9596426946722,6.43650145428785,11.700257697928,578.726750564003
"53","029","970200",1400000US53029970200,"53029970200","9702",Census Tract 9702,WA,Island County,Washington,CT,18048387,3705620,16.9596426946722,6.43650145428785,11.700257697928,624.817318738931
"53","029","970900",1400000US53029970900,"53029970900","9709",Census Tract 9709,WA,Island County,Washington,CT,11632465,6215642,16.9596426946722,6.43650145428785,11.700257697928,627.320318682323
"53","055","960400",1400000US53055960400,"53055960400","9604",Census Tract 9604,WA,San Juan County,Washington,CT,15115489,11585324,16.9596426946722,6.43650145428785,11.700257697928,669.55746179199
"53","075","000500",1400000US53075000500,"53075000500","5",Census Tract 5,WA,Whitman County,Washington,CT,1473238,0,16.9596426946722,6.43650145428785,11.700257697928,532.873620888088
"53","073","010701",1400000US53073010701,"53073010701","107.01",Census Tract 107.01,WA,Whatcom County,Washington,CT,85533486,1486478,16.9596426946722,6.43650145428785,11.700257697928,1158.7899141364
"53","073","000902",1400000US53073000902,"53073000902","9.02",Census Tract 9.02,WA,Whatcom County,Washington,CT,16488623,584596,16.9596426946722,6.43650145428785,11.700257697928,1187.10397078118
"53","067","012710",1400000US53067012710,"53067012710","127.10",Census Tract 127.10,WA,Thurston County,Washington,CT,41405583,95841,16.9596426946722,6.43650145428785,11.700257697928,1221.1084998854
"53","067","010510",1400000US53067010510,"53067010510","105.10",Census Tract 105.10,WA,Thurston County,Washington,CT,2686589,0,16.9596426946722,6.43650145428785,11.700257697928,1388.65112255971
"53","035","090201",1400000US53035090201,"53035090201","902.01",Census Tract 902.01,WA,Kitsap County,Washington,CT,15977025,2597499,16.9596426946722,6.43650145428785,11.700257697928,1017.64447691888
"53","035","090502",1400000US53035090502,"53035090502","905.02",Census Tract 905.02,WA,Kitsap County,Washington,CT,7035974,0,16.9596426946722,6.43650145428785,11.700257697928,1019.5154487618
"53","077","003400",1400000US53077003400,"53077003400","34",Census Tract 34,WA,Yakima County,Washington,CT,27113994,582690,16.9596426946722,6.43650145428785,11.700257697928,240.183288497041
"53","077","000200",1400000US53077000200,"53077000200","2",Census Tract 2,WA,Yakima County,Washington,CT,3560301,0,16.9596426946722,6.43650145428785,11.700257697928,221.47492755791
"53","053","940002",1400000US53053940002,"53053940002","9400.02",Census Tract 9400.02,WA,Pierce County,Washington,CT,13407931,171528,16.9596426946722,6.43650145428785,11.700257697928,1044.02388164354
"53","053","073121",1400000US53053073121,"53053073121","731.21",Census Tract 731.21,WA,Pierce County,Washington,CT,2849847,0,16.9596426946722,6.43650145428785,11.700257697928,1126.22566018376
"53","053","071310",1400000US53053071310,"53053071310","713.10",Census Tract 713.10,WA,Pierce County,Washington,CT,6498031,4136,16.9596426946722,6.43650145428785,11.700257697928,1099.18929703822
"53","053","073123",1400000US53053073123,"53053073123","731.23",Census Tract 731.23,WA,Pierce County,Washington,CT,9375421,79596,16.9596426946722,6.43650145428785,11.700257697928,1120.86057266698
"53","053","072107",1400000US53053072107,"53053072107","721.07",Census Tract 721.07,WA,Pierce County,Washington,CT,4859181,187732,16.9596426946722,6.43650145428785,11.700257697928,1102.29448292936
"53","053","071703",1400000US53053071703,"53053071703","717.03",Census Tract 717.03,WA,Pierce County,Washington,CT,870734,50966,16.9596426946722,6.43650145428785,11.700257697928,1087.259399423
"53","053","073114",1400000US53053073114,"53053073114","731.14",Census Tract 731.14,WA,Pierce County,Washington,CT,6898060,14377,16.9596426946722,6.43650145428785,11.700257697928,1119.00507018691
"53","053","061400",1400000US53053061400,"53053061400","614",Census Tract 614,WA,Pierce County,Washington,CT,926876,0,16.9596426946722,6.43650145428785,11.700257697928,1094.63746277797
"53","053","073301",1400000US53053073301,"53053073301","733.01",Census Tract 733.01,WA,Pierce County,Washington,CT,14520024,269371,16.9596426946722,6.43650145428785,11.700257697928,1080.1877104236
"53","053","071901",1400000US53053071901,"53053071901","719.01",Census Tract 719.01,WA,Pierce County,Washington,CT,4157488,17400,16.9596426946722,6.43650145428785,11.700257697928,1110.26310331648
"53","053","070401",1400000US53053070401,"53053070401","704.01",Census Tract 704.01,WA,Pierce County,Washington,CT,9373402,345145,16.9596426946722,6.43650145428785,11.700257697928,1108.89994786023
"53","053","072503",1400000US53053072503,"53053072503","725.03",Census Tract 725.03,WA,Pierce County,Washington,CT,16313387,6220053,16.9596426946722,6.43650145428785,11.700257697928,1296.28549648071
"53","053","070308",1400000US53053070308,"53053070308","703.08",Census Tract 703.08,WA,Pierce County,Washington,CT,3221582,69699,16.9596426946722,6.43650145428785,11.700257697928,1158.95639997733
"53","053","071806",1400000US53053071806,"53053071806","718.06",Census Tract 718.06,WA,Pierce County,Washington,CT,1660061,0,16.9596426946722,6.43650145428785,11.700257697928,1111.22463425467
"53","053","072111",1400000US53053072111,"53053072111","721.11",Census Tract 721.11,WA,Pierce County,Washington,CT,1946901,0,16.9596426946722,6.43650145428785,11.700257697928,1083.71449118817
"53","005","010814",1400000US53005010814,"53005010814","108.14",Census Tract 108.14,WA,Benton County,Washington,CT,93428970,0,16.9596426946722,6.43650145428785,11.700257697928,228.290866224903
"53","011","040709",1400000US53011040709,"53011040709","407.09",Census Tract 407.09,WA,Clark County,Washington,CT,11683094,0,16.9596426946722,6.43650145428785,11.700257697928,1189.18027461937
"53","053","070403",1400000US53053070403,"53053070403","704.03",Census Tract 704.03,WA,Pierce County,Washington,CT,13549638,246271,16.9596426946722,6.43650145428785,11.700257697928,1125.93945518651
"53","053","071803",1400000US53053071803,"53053071803","718.03",Census Tract 718.03,WA,Pierce County,Washington,CT,4605933,0,16.9596426946722,6.43650145428785,11.700257697928,1107.86428602731
"53","053","062600",1400000US53053062600,"53053062600","626",Census Tract 626,WA,Pierce County,Washington,CT,6949363,6314,16.9596426946722,6.43650145428785,11.700257697928,1105.98285841862
"53","053","073110",1400000US53053073110,"53053073110","731.10",Census Tract 731.10,WA,Pierce County,Washington,CT,5591668,138804,16.9596426946722,6.43650145428785,11.700257697928,1113.40123573808
"53","053","072311",1400000US53053072311,"53053072311","723.11",Census Tract 723.11,WA,Pierce County,Washington,CT,2443688,6948,16.9596426946722,6.43650145428785,11.700257697928,1118.11705878337
"53","053","060300",1400000US53053060300,"53053060300","603",Census Tract 603,WA,Pierce County,Washington,CT,5472388,9928361,16.9596426946722,6.43650145428785,11.700257697928,1114.85325814833
"53","053","061602",1400000US53053061602,"53053061602","616.02",Census Tract 616.02,WA,Pierce County,Washington,CT,1056959,0,16.9596426946722,6.43650145428785,11.700257697928,1072.00959594512
"53","053","060600",1400000US53053060600,"53053060600","606",Census Tract 606,WA,Pierce County,Washington,CT,2132099,4742856,16.9596426946722,6.43650145428785,11.700257697928,1080.32306345438
"53","067","012730",1400000US53067012730,"53067012730","127.30",Census Tract 127.30,WA,Thurston County,Washington,CT,109694119,1074693,16.9596426946722,6.43650145428785,11.700257697928,1388.87521594843
"53","015","000703",1400000US53015000703,"53015000703","7.03",Census Tract 7.03,WA,Cowlitz County,Washington,CT,5011554,88049,16.9596426946722,6.43650145428785,11.700257697928,1246.85803043157
"53","011","040101",1400000US53011040101,"53011040101","401.01",Census Tract 401.01,WA,Clark County,Washington,CT,333648925,16621408,16.9596426946722,6.43650145428785,11.700257697928,2506.73570451979
"53","005","010705",1400000US53005010705,"53005010705","107.05",Census Tract 107.05,WA,Benton County,Washington,CT,7489210,79644,16.9596426946722,6.43650145428785,11.700257697928,203.363952216727
"53","007","960801",1400000US53007960801,"53007960801","9608.01",Census Tract 9608.01,WA,Chelan County,Washington,CT,25064629,159054,16.9596426946722,6.43650145428785,11.700257697928,309.616350185542
"53","011","040411",1400000US53011040411,"53011040411","404.11",Census Tract 404.11,WA,Clark County,Washington,CT,2033731,0,16.9596426946722,6.43650145428785,11.700257697928,1126.96447694685
"53","011","041112",1400000US53011041112,"53011041112","411.12",Census Tract 411.12,WA,Clark County,Washington,CT,2280656,0,16.9596426946722,6.43650145428785,11.700257697928,1140.57353185984
"53","005","010807",1400000US53005010807,"53005010807","108.07",Census Tract 108.07,WA,Benton County,Washington,CT,97471773,0,16.9596426946722,6.43650145428785,11.700257697928,223.329889348489
"53","005","010811",1400000US53005010811,"53005010811","108.11",Census Tract 108.11,WA,Benton County,Washington,CT,23194228,0,16.9596426946722,6.43650145428785,11.700257697928,210.795799024292
"53","021","020603",1400000US53021020603,"53021020603","206.03",Census Tract 206.03,WA,Franklin County,Washington,CT,3019458,0,16.9596426946722,6.43650145428785,11.700257697928,199.449574541089
"53","033","032215",1400000US53033032215,"53033032215","322.15",Census Tract 322.15,WA,King County,Washington,CT,15951833,10175,16.9596426946722,6.43650145428785,11.700257697928,1218.0941125473
"53","067","011623",1400000US53067011623,"53067011623","116.23",Census Tract 116.23,WA,Thurston County,Washington,CT,3031338,6984,16.9596426946722,6.43650145428785,11.700257697928,1299.46026050221
"53","053","073119",1400000US53053073119,"53053073119","731.19",Census Tract 731.19,WA,Pierce County,Washington,CT,95414437,3798921,16.9596426946722,6.43650145428785,11.700257697928,1261.85249121543
"53","053","072507",1400000US53053072507,"53053072507","725.07",Census Tract 725.07,WA,Pierce County,Washington,CT,4145163,1585551,16.9596426946722,6.43650145428785,11.700257697928,1170.06621352859
"53","053","072307",1400000US53053072307,"53053072307","723.07",Census Tract 723.07,WA,Pierce County,Washington,CT,1953749,0,16.9596426946722,6.43650145428785,11.700257697928,1101.80335641092
"53","053","070703",1400000US53053070703,"53053070703","707.03",Census Tract 707.03,WA,Pierce County,Washington,CT,5690217,103929,16.9596426946722,6.43650145428785,11.700257697928,1065.79863686871
"53","035","092704",1400000US53035092704,"53035092704","927.04",Census Tract 927.04,WA,Kitsap County,Washington,CT,17958172,7398497,16.9596426946722,6.43650145428785,11.700257697928,1165.08295293864
"53","053","073117",1400000US53053073117,"53053073117","731.17",Census Tract 731.17,WA,Pierce County,Washington,CT,49431871,230779,16.9596426946722,6.43650145428785,11.700257697928,1122.10007697493
"53","053","060903",1400000US53053060903,"53053060903","609.03",Census Tract 609.03,WA,Pierce County,Washington,CT,2314063,1442740,16.9596426946722,6.43650145428785,11.700257697928,1106.51923603737
"53","053","060400",1400000US53053060400,"53053060400","604",Census Tract 604,WA,Pierce County,Washington,CT,2538827,3976395,16.9596426946722,6.43650145428785,11.700257697928,1095.95175452723
"53","053","070307",1400000US53053070307,"53053070307","703.07",Census Tract 703.07,WA,Pierce County,Washington,CT,27775752,741156,16.9596426946722,6.43650145428785,11.700257697928,1198.83360007764
"53","053","060500",1400000US53053060500,"53053060500","605",Census Tract 605,WA,Pierce County,Washington,CT,2115806,668446,16.9596426946722,6.43650145428785,11.700257697928,1095.19594854543
"53","053","070207",1400000US53053070207,"53053070207","702.07",Census Tract 702.07,WA,Pierce County,Washington,CT,32768109,782971,16.9596426946722,6.43650145428785,11.700257697928,1250.1383811189
"53","053","071707",1400000US53053071707,"53053071707","717.07",Census Tract 717.07,WA,Pierce County,Washington,CT,1269579,0,16.9596426946722,6.43650145428785,11.700257697928,1083.78098551385
"53","053","071205",1400000US53053071205,"53053071205","712.05",Census Tract 712.05,WA,Pierce County,Washington,CT,7822569,1769,16.9596426946722,6.43650145428785,11.700257697928,1063.37925028315
"53","053","070205",1400000US53053070205,"53053070205","702.05",Census Tract 702.05,WA,Pierce County,Washington,CT,19202834,48014,16.9596426946722,6.43650145428785,11.700257697928,1217.4803438351
"53","053","073111",1400000US53053073111,"53053073111","731.11",Census Tract 731.11,WA,Pierce County,Washington,CT,3724016,8577,16.9596426946722,6.43650145428785,11.700257697928,1131.52516428985
"53","053","940006",1400000US53053940006,"53053940006","9400.06",Census Tract 9400.06,WA,Pierce County,Washington,CT,1825259,0,16.9596426946722,6.43650145428785,11.700257697928,1082.60617407764
"53","063","011203",1400000US53063011203,"53063011203","112.03",Census Tract 112.03,WA,Spokane County,Washington,CT,13718386,0,16.9596426946722,6.43650145428785,11.700257697928,453.690843934883
"53","063","013501",1400000US53063013501,"53063013501","135.01",Census Tract 135.01,WA,Spokane County,Washington,CT,41916503,292612,16.9596426946722,6.43650145428785,11.700257697928,463.403177615126
"53","063","013503",1400000US53063013503,"53063013503","135.03",Census Tract 135.03,WA,Spokane County,Washington,CT,52712623,27219,16.9596426946722,6.43650145428785,11.700257697928,458.33636903719
"53","033","011901",1400000US53033011901,"53033011901","119.01",Census Tract 119.01,WA,King County,Washington,CT,1682374,0,16.9596426946722,6.43650145428785,11.700257697928,1018.38875604679
"53","033","001201",1400000US53033001201,"53033001201","12.01",Census Tract 12.01,WA,King County,Washington,CT,1008240,0,16.9596426946722,6.43650145428785,11.700257697928,979.39018080918
"53","033","032216",1400000US53033032216,"53033032216","322.16",Census Tract 322.16,WA,King County,Washington,CT,4324748,0,16.9596426946722,6.43650145428785,11.700257697928,1172.32911134643
"53","033","007201",1400000US53033007201,"53033007201","72.01",Census Tract 72.01,WA,King County,Washington,CT,150744,0,16.9596426946722,6.43650145428785,11.700257697928,997.214873877613
"53","033","022205",1400000US53033022205,"53033022205","222.05",Census Tract 222.05,WA,King County,Washington,CT,1010783,0,16.9596426946722,6.43650145428785,11.700257697928,1043.9449352564
"53","033","005201",1400000US53033005201,"53033005201","52.01",Census Tract 52.01,WA,King County,Washington,CT,699701,73218,16.9596426946722,6.43650145428785,11.700257697928,981.634626826213
"53","033","032218",1400000US53033032218,"53033032218","322.18",Census Tract 322.18,WA,King County,Washington,CT,4381829,28938,16.9596426946722,6.43650145428785,11.700257697928,1164.7625847091
"53","033","007203",1400000US53033007203,"53033007203","72.03",Census Tract 72.03,WA,King County,Washington,CT,579631,0,16.9596426946722,6.43650145428785,11.700257697928,997.214873877613
"53","033","011802",1400000US53033011802,"53033011802","118.02",Census Tract 118.02,WA,King County,Washington,CT,1139611,1037832,16.9596426946722,6.43650145428785,11.700257697928,1003.82022926839
"53","033","000601",1400000US53033000601,"53033000601","6.01",Census Tract 6.01,WA,King County,Washington,CT,1431268,0,16.9596426946722,6.43650145428785,11.700257697928,979.39018080918
"53","063","010902",1400000US53063010902,"53063010902","109.02",Census Tract 109.02,WA,Spokane County,Washington,CT,3058295,0,16.9596426946722,6.43650145428785,11.700257697928,449.694548037217
"53","063","004702",1400000US53063004702,"53063004702","47.02",Census Tract 47.02,WA,Spokane County,Washington,CT,1920770,0,16.9596426946722,6.43650145428785,11.700257697928,499.758905001032
"53","063","010505",1400000US53063010505,"53063010505","105.05",Census Tract 105.05,WA,Spokane County,Washington,CT,3567642,0,16.9596426946722,6.43650145428785,11.700257697928,440.781516760733
"53","063","010506",1400000US53063010506,"53063010506","105.06",Census Tract 105.06,WA,Spokane County,Washington,CT,5725287,2941,16.9596426946722,6.43650145428785,11.700257697928,453.499662269058
"53","063","013002",1400000US53063013002,"53063013002","130.02",Census Tract 130.02,WA,Spokane County,Washington,CT,2167424,0,16.9596426946722,6.43650145428785,11.700257697928,458.990398694076
"53","063","011204",1400000US53063011204,"53063011204","112.04",Census Tract 112.04,WA,Spokane County,Washington,CT,1296240,0,16.9596426946722,6.43650145428785,11.700257697928,457.898983455829
"53","063","011301",1400000US53063011301,"53063011301","113.01",Census Tract 113.01,WA,Spokane County,Washington,CT,8850662,231506,16.9596426946722,6.43650145428785,11.700257697928,494.962390526602
"53","033","031911",1400000US53033031911,"53033031911","319.11",Census Tract 319.11,WA,King County,Washington,CT,2397112,0,16.9596426946722,6.43650145428785,11.700257697928,1177.07027751786
"53","033","025202",1400000US53033025202,"53033025202","252.02",Census Tract 252.02,WA,King County,Washington,CT,2767327,0,16.9596426946722,6.43650145428785,11.700257697928,1092.00246502206
"53","033","022804",1400000US53033022804,"53033022804","228.04",Census Tract 228.04,WA,King County,Washington,CT,1021697,0,16.9596426946722,6.43650145428785,11.700257697928,1108.21698822681
"53","033","011902",1400000US53033011902,"53033011902","119.02",Census Tract 119.02,WA,King County,Washington,CT,1580686,1217487,16.9596426946722,6.43650145428785,11.700257697928,1010.81612447764
"53","033","031101",1400000US53033031101,"53033031101","311.01",Census Tract 311.01,WA,King County,Washington,CT,4989541,64354,16.9596426946722,6.43650145428785,11.700257697928,1128.0833130442
"53","033","031102",1400000US53033031102,"53033031102","311.02",Census Tract 311.02,WA,King County,Washington,CT,2316959,60932,16.9596426946722,6.43650145428785,11.700257697928,1085.61285592181
"53","033","031208",1400000US53033031208,"53033031208","312.08",Census Tract 312.08,WA,King County,Washington,CT,2618661,38070,16.9596426946722,6.43650145428785,11.700257697928,1122.12379559842
"53","033","003302",1400000US53033003302,"53033003302","33.02",Census Tract 33.02,WA,King County,Washington,CT,627071,0,16.9596426946722,6.43650145428785,11.700257697928,993.25681202142
"53","033","029702",1400000US53033029702,"53033029702","297.02",Census Tract 297.02,WA,King County,Washington,CT,7757183,215197,16.9596426946722,6.43650145428785,11.700257697928,1079.02709364665
"53","063","010508",1400000US53063010508,"53063010508","105.08",Census Tract 105.08,WA,Spokane County,Washington,CT,64863942,323369,16.9596426946722,6.43650145428785,11.700257697928,462.755178949846
"53","063","013102",1400000US53063013102,"53063013102","131.02",Census Tract 131.02,WA,Spokane County,Washington,CT,15761430,0,16.9596426946722,6.43650145428785,11.700257697928,491.427642580416
"53","063","013205",1400000US53063013205,"53063013205","132.05",Census Tract 132.05,WA,Spokane County,Washington,CT,31028660,1576060,16.9596426946722,6.43650145428785,11.700257697928,546.630834727549
"53","063","010403",1400000US53063010403,"53063010403","104.03",Census Tract 104.03,WA,Spokane County,Washington,CT,169111745,22706,16.9596426946722,6.43650145428785,11.700257697928,439.117641905074
"53","033","026004",1400000US53033026004,"53033026004","260.04",Census Tract 260.04,WA,King County,Washington,CT,1634546,0,16.9596426946722,6.43650145428785,11.700257697928,1020.1684420002
"53","033","027901",1400000US53033027901,"53033027901","279.01",Census Tract 279.01,WA,King County,Washington,CT,1866614,156045,16.9596426946722,6.43650145428785,11.700257697928,1042.9727660691
"53","033","032219",1400000US53033032219,"53033032219","322.19",Census Tract 322.19,WA,King County,Washington,CT,6523248,961466,16.9596426946722,6.43650145428785,11.700257697928,1197.93882067296
"53","063","010102",1400000US53063010102,"53063010102","101.02",Census Tract 101.02,WA,Spokane County,Washington,CT,313943416,4760048,16.9596426946722,6.43650145428785,11.700257697928,896.669098793934
"53","071","920302",1400000US53071920302,"53071920302","9203.02",Census Tract 9203.02,WA,Walla Walla County,Washington,CT,2919499,0,16.9596426946722,6.43650145428785,11.700257697928,403.215627056774
"53","011","041335",1400000US53011041335,"53011041335","413.35",Census Tract 413.35,WA,Clark County,Washington,CT,2637894,0,16.9596426946722,6.43650145428785,11.700257697928,1212.01811054107
"53","011","042601",1400000US53011042601,"53011042601","426.01",Census Tract 426.01,WA,Clark County,Washington,CT,4410665,1827878,16.9596426946722,6.43650145428785,11.700257697928,1059.71250301359
"53","011","040304",1400000US53011040304,"53011040304","403.04",Census Tract 403.04,WA,Clark County,Washington,CT,16335340,675863,16.9596426946722,6.43650145428785,11.700257697928,1138.69532091587
"53","011","040811",1400000US53011040811,"53011040811","408.11",Census Tract 408.11,WA,Clark County,Washington,CT,4424675,0,16.9596426946722,6.43650145428785,11.700257697928,1123.52110610974
"53","011","041334",1400000US53011041334,"53011041334","413.34",Census Tract 413.34,WA,Clark County,Washington,CT,4639864,0,16.9596426946722,6.43650145428785,11.700257697928,1204.14610897068
"53","015","980000",1400000US53015980000,"53015980000","9800",Census Tract 9800,WA,Cowlitz County,Washington,CT,25337824,11316525,16.9596426946722,6.43650145428785,11.700257697928,1228.24558053797
"53","015","001602",1400000US53015001602,"53015001602","16.02",Census Tract 16.02,WA,Cowlitz County,Washington,CT,74281442,915642,16.9596426946722,6.43650145428785,11.700257697928,1792.23897183317
"53","015","002004",1400000US53015002004,"53015002004","20.04",Census Tract 20.04,WA,Cowlitz County,Washington,CT,125854065,1747693,16.9596426946722,6.43650145428785,11.700257697928,1338.42663678876
"53","015","000706",1400000US53015000706,"53015000706","7.06",Census Tract 7.06,WA,Cowlitz County,Washington,CT,3458710,0,16.9596426946722,6.43650145428785,11.700257697928,1261.69741165595
"53","015","000801",1400000US53015000801,"53015000801","8.01",Census Tract 8.01,WA,Cowlitz County,Washington,CT,4682340,91824,16.9596426946722,6.43650145428785,11.700257697928,1263.64135138878
"53","029","970402",1400000US53029970402,"53029970402","9704.02",Census Tract 9704.02,WA,Island County,Washington,CT,7059755,0,16.9596426946722,6.43650145428785,11.700257697928,624.849798004463
"53","029","970401",1400000US53029970401,"53029970401","9704.01",Census Tract 9704.01,WA,Island County,Washington,CT,7471536,148560,16.9596426946722,6.43650145428785,11.700257697928,619.260790646613
"53","077","001801",1400000US53077001801,"53077001801","18.01",Census Tract 18.01,WA,Yakima County,Washington,CT,190417217,187563,16.9596426946722,6.43650145428785,11.700257697928,207.206420583854
"53","077","002104",1400000US53077002104,"53077002104","21.04",Census Tract 21.04,WA,Yakima County,Washington,CT,39116406,0,16.9596426946722,6.43650145428785,11.700257697928,198.18418749275
"53","077","002005",1400000US53077002005,"53077002005","20.05",Census Tract 20.05,WA,Yakima County,Washington,CT,4516267,0,16.9596426946722,6.43650145428785,11.700257697928,189.860534313652
"53","077","001503",1400000US53077001503,"53077001503","15.03",Census Tract 15.03,WA,Yakima County,Washington,CT,3083343,0,16.9596426946722,6.43650145428785,11.700257697928,211.571226316993
"53","033","025104",1400000US53033025104,"53033025104","251.04",Census Tract 251.04,WA,King County,Washington,CT,4632994,0,16.9596426946722,6.43650145428785,11.700257697928,1244.02815666752
"53","033","031709",1400000US53033031709,"53033031709","317.09",Census Tract 317.09,WA,King County,Washington,CT,2145617,17381,16.9596426946722,6.43650145428785,11.700257697928,1195.9633778128
"53","033","032221",1400000US53033032221,"53033032221","322.21",Census Tract 322.21,WA,King County,Washington,CT,35573754,7767,16.9596426946722,6.43650145428785,11.700257697928,1541.39969813313
"53","033","005901",1400000US53033005901,"53033005901","59.01",Census Tract 59.01,WA,King County,Washington,CT,778385,173882,16.9596426946722,6.43650145428785,11.700257697928,993.25681202142
"53","033","025103",1400000US53033025103,"53033025103","251.03",Census Tract 251.03,WA,King County,Washington,CT,1599178,0,16.9596426946722,6.43650145428785,11.700257697928,1136.83824471873
"53","033","030203",1400000US53033030203,"53033030203","302.03",Census Tract 302.03,WA,King County,Washington,CT,1488981,0,16.9596426946722,6.43650145428785,11.700257697928,1097.25871937905
"53","033","032220",1400000US53033032220,"53033032220","322.20",Census Tract 322.20,WA,King County,Washington,CT,6091125,0,16.9596426946722,6.43650145428785,11.700257697928,1299.78021177687
"53","033","032605",1400000US53033032605,"53033032605","326.05",Census Tract 326.05,WA,King County,Washington,CT,4530738,131898,16.9596426946722,6.43650145428785,11.700257697928,1659.84169777208
"53","033","029803",1400000US53033029803,"53033029803","298.03",Census Tract 298.03,WA,King County,Washington,CT,5399602,152809,16.9596426946722,6.43650145428785,11.700257697928,1044.97740492489
"53","033","025008",1400000US53033025008,"53033025008","250.08",Census Tract 250.08,WA,King County,Washington,CT,2260533,0,16.9596426946722,6.43650145428785,11.700257697928,1233.60141189894
"53","033","030101",1400000US53033030101,"53033030101","301.01",Census Tract 301.01,WA,King County,Washington,CT,3316611,1920873,16.9596426946722,6.43650145428785,11.700257697928,1048.25862957139
"53","033","029603",1400000US53033029603,"53033029603","296.03",Census Tract 296.03,WA,King County,Washington,CT,1543490,5693,16.9596426946722,6.43650145428785,11.700257697928,1134.7140687936
"53","033","026003",1400000US53033026003,"53033026003","260.03",Census Tract 260.03,WA,King County,Washington,CT,1133278,1607,16.9596426946722,6.43650145428785,11.700257697928,1030.23337128792
"53","033","010101",1400000US53033010101,"53033010101","101.01",Census Tract 101.01,WA,King County,Washington,CT,871622,0,16.9596426946722,6.43650145428785,11.700257697928,989.766738710233
"53","033","004703",1400000US53033004703,"53033004703","47.03",Census Tract 47.03,WA,King County,Washington,CT,1188631,155567,16.9596426946722,6.43650145428785,11.700257697928,993.25681202142
"53","033","009802",1400000US53033009802,"53033009802","98.02",Census Tract 98.02,WA,King County,Washington,CT,922319,0,16.9596426946722,6.43650145428785,11.700257697928,1005.77524867105
"53","033","029805",1400000US53033029805,"53033029805","298.05",Census Tract 298.05,WA,King County,Washington,CT,3167566,2878,16.9596426946722,6.43650145428785,11.700257697928,1141.8675946081
"53","037","975104",1400000US53037975104,"53037975104","9751.04",Census Tract 9751.04,WA,Kittitas County,Washington,CT,33752859,13020,16.9596426946722,6.43650145428785,11.700257697928,928.918398632531
"53","037","975203",1400000US53037975203,"53037975203","9752.03",Census Tract 9752.03,WA,Kittitas County,Washington,CT,161556673,153679,16.9596426946722,6.43650145428785,11.700257697928,515.372170605036
"53","049","950302",1400000US53049950302,"53049950302","9503.02",Census Tract 9503.02,WA,Pacific County,Washington,CT,6282227,438256,16.9596426946722,6.43650145428785,11.700257697928,2120.18255499076
"53","049","950501",1400000US53049950501,"53049950501","9505.01",Census Tract 9505.01,WA,Pacific County,Washington,CT,50396283,9841312,16.9596426946722,6.43650145428785,11.700257697928,2025.56361883463
"53","007","960303",1400000US53007960303,"53007960303","9603.03",Census Tract 9603.03,WA,Chelan County,Washington,CT,7245001,4440305,16.9596426946722,6.43650145428785,11.700257697928,309.693991702325
"53","007","961002",1400000US53007961002,"53007961002","9610.02",Census Tract 9610.02,WA,Chelan County,Washington,CT,2098104,513919,16.9596426946722,6.43650145428785,11.700257697928,252.805991625412
"53","075","000602",1400000US53075000602,"53075000602","6.02",Census Tract 6.02,WA,Whitman County,Washington,CT,83019278,0,16.9596426946722,6.43650145428785,11.700257697928,552.956142231578
"53","075","000202",1400000US53075000202,"53075000202","2.02",Census Tract 2.02,WA,Whitman County,Washington,CT,2019222,0,16.9596426946722,6.43650145428785,11.700257697928,521.426462767605
"53","067","010802",1400000US53067010802,"53067010802","108.02",Census Tract 108.02,WA,Thurston County,Washington,CT,7851517,190312,16.9596426946722,6.43650145428785,11.700257697928,1341.94404210561
"53","067","011422",1400000US53067011422,"53067011422","114.22",Census Tract 114.22,WA,Thurston County,Washington,CT,3783139,691557,16.9596426946722,6.43650145428785,11.700257697928,1298.3550880745
"53","067","011628",1400000US53067011628,"53067011628","116.28",Census Tract 116.28,WA,Thurston County,Washington,CT,5510076,1287579,16.9596426946722,6.43650145428785,11.700257697928,1290.497527898
"53","005","010818",1400000US53005010818,"53005010818","108.18",Census Tract 108.18,WA,Benton County,Washington,CT,6456719,110453,16.9596426946722,6.43650145428785,11.700257697928,202.907269618353
"53","005","010203",1400000US53005010203,"53005010203","102.03",Census Tract 102.03,WA,Benton County,Washington,CT,4330874,0,16.9596426946722,6.43650145428785,11.700257697928,191.989020000389
"53","005","010815",1400000US53005010815,"53005010815","108.15",Census Tract 108.15,WA,Benton County,Washington,CT,16494273,0,16.9596426946722,6.43650145428785,11.700257697928,205.019874340495
"53","027","001602",1400000US53027001602,"53027001602","16.02",Census Tract 16.02,WA,Grays Harbor County,Washington,CT,281336234,56731574,16.9596426946722,6.43650145428785,11.700257697928,2114.4875742901
"53","027","000402",1400000US53027000402,"53027000402","4.02",Census Tract 4.02,WA,Grays Harbor County,Washington,CT,26012067,1567713,16.9596426946722,6.43650145428785,11.700257697928,1928.63364248308
"53","027","000502",1400000US53027000502,"53027000502","5.02",Census Tract 5.02,WA,Grays Harbor County,Washington,CT,22013647,61129,16.9596426946722,6.43650145428785,11.700257697928,1914.42337747477
"53","055","960101",1400000US53055960101,"53055960101","9601.01",Census Tract 9601.01,WA,San Juan County,Washington,CT,68145652,33252229,16.9596426946722,6.43650145428785,11.700257697928,812.811719581931
"53","055","960501",1400000US53055960501,"53055960501","9605.01",Census Tract 9605.01,WA,San Juan County,Washington,CT,45087462,34820691,16.9596426946722,6.43650145428785,11.700257697928,651.733245143745
"53","055","960302",1400000US53055960302,"53055960302","9603.02",Census Tract 9603.02,WA,San Juan County,Washington,CT,55589423,37609029,16.9596426946722,6.43650145428785,11.700257697928,668.08519598146
"53","031","950501",1400000US53031950501,"53031950501","9505.01",Census Tract 9505.01,WA,Jefferson County,Washington,CT,133183777,29392293,16.9596426946722,6.43650145428785,11.700257697928,686.379963756226
"53","031","950301",1400000US53031950301,"53031950301","9503.01",Census Tract 9503.01,WA,Jefferson County,Washington,CT,168517385,40875654,16.9596426946722,6.43650145428785,11.700257697928,821.229097377072
"53","031","950603",1400000US53031950603,"53031950603","9506.03",Census Tract 9506.03,WA,Jefferson County,Washington,CT,4524989,1372503,16.9596426946722,6.43650145428785,11.700257697928,547.190793723925
"53","065","951402",1400000US53065951402,"53065951402","9514.02",Census Tract 9514.02,WA,Stevens County,Washington,CT,52169000,1711060,16.9596426946722,6.43650145428785,11.700257697928,503.653733648806
"53","005","010703",1400000US53005010703,"53005010703","107.03",Census Tract 107.03,WA,Benton County,Washington,CT,50025169,1325500,16.9596426946722,6.43650145428785,11.700257697928,201.155999002849
"53","005","010300",1400000US53005010300,"53005010300","103",Census Tract 103,WA,Benton County,Washington,CT,5920779,277119,16.9596426946722,6.43650145428785,11.700257697928,197.390730891364
"53","011","043000",1400000US53011043000,"53011043000","430",Census Tract 430,WA,Clark County,Washington,CT,1314919,0,16.9596426946722,6.43650145428785,11.700257697928,1149.75963459579
"53","011","040803",1400000US53011040803,"53011040803","408.03",Census Tract 408.03,WA,Clark County,Washington,CT,3774373,0,16.9596426946722,6.43650145428785,11.700257697928,1096.75976993939
"53","011","040507",1400000US53011040507,"53011040507","405.07",Census Tract 405.07,WA,Clark County,Washington,CT,25502164,8119338,16.9596426946722,6.43650145428785,11.700257697928,1521.90533205313
"53","011","041205",1400000US53011041205,"53011041205","412.05",Census Tract 412.05,WA,Clark County,Washington,CT,2426698,0,16.9596426946722,6.43650145428785,11.700257697928,1116.12186657133
"53","011","041007",1400000US53011041007,"53011041007","410.07",Census Tract 410.07,WA,Clark County,Washington,CT,1959211,0,16.9596426946722,6.43650145428785,11.700257697928,1042.39336480203
"53","003","960100",1400000US53003960100,"53003960100","9601",Census Tract 9601,WA,Asotin County,Washington,CT,1340245353,8187333,16.9596426946722,6.43650145428785,11.700257697928,471.726018162778
"53","025","011200",1400000US53025011200,"53025011200","112",Census Tract 112,WA,Grant County,Washington,CT,568762063,7753537,16.9596426946722,6.43650145428785,11.700257697928,201.302755240525
"53","071","920200",1400000US53071920200,"53071920200","9202",Census Tract 9202,WA,Walla Walla County,Washington,CT,70565872,49629,16.9596426946722,6.43650145428785,11.700257697928,392.731882801811
"53","075","000100",1400000US53075000100,"53075000100","1",Census Tract 1,WA,Whitman County,Washington,CT,1465918,0,16.9596426946722,6.43650145428785,11.700257697928,529.889234359668
"53","053","060908",1400000US53053060908,"53053060908","609.08",Census Tract 609.08,WA,Pierce County,Washington,CT,1737893,971534,16.9596426946722,6.43650145428785,11.700257697928,1114.42657911647
"53","033","005803",1400000US53033005803,"53033005803","58.03",Census Tract 58.03,WA,King County,Washington,CT,832097,0,16.9596426946722,6.43650145428785,11.700257697928,997.270783807571
"53","033","004901",1400000US53033004901,"53033004901","49.01",Census Tract 49.01,WA,King County,Washington,CT,497144,0,16.9596426946722,6.43650145428785,11.700257697928,987.445719423817
"53","033","005804",1400000US53033005804,"53033005804","58.04",Census Tract 58.04,WA,King County,Washington,CT,2334443,1169687,16.9596426946722,6.43650145428785,11.700257697928,997.270783807571
"53","033","000404",1400000US53033000404,"53033000404","4.04",Census Tract 4.04,WA,King County,Washington,CT,599476,31541,16.9596426946722,6.43650145428785,11.700257697928,983.028472395434
"53","033","007102",1400000US53033007102,"53033007102","71.02",Census Tract 71.02,WA,King County,Washington,CT,335908,0,16.9596426946722,6.43650145428785,11.700257697928,1001.28475559372
"53","057","940302",1400000US53057940302,"53057940302","9403.02",Census Tract 9403.02,WA,Skagit County,Washington,CT,28977429,15771269,16.9596426946722,6.43650145428785,11.700257697928,711.751218995921
"53","057","940802",1400000US53057940802,"53057940802","9408.02",Census Tract 9408.02,WA,Skagit County,Washington,CT,28411569,3695733,16.9596426946722,6.43650145428785,11.700257697928,724.103982355675
"53","057","940403",1400000US53057940403,"53057940403","9404.03",Census Tract 9404.03,WA,Skagit County,Washington,CT,2953270,732344,16.9596426946722,6.43650145428785,11.700257697928,711.881914476395
"53","053","071212",1400000US53053071212,"53053071212","712.12",Census Tract 712.12,WA,Pierce County,Washington,CT,1565638,4004,16.9596426946722,6.43650145428785,11.700257697928,1126.19286847841
"53","053","072909",1400000US53053072909,"53053072909","729.09",Census Tract 729.09,WA,Pierce County,Washington,CT,228088426,2582186,16.9596426946722,6.43650145428785,11.700257697928,1172.04461237971
"53","053","071603",1400000US53053071603,"53053071603","716.03",Census Tract 716.03,WA,Pierce County,Washington,CT,2750894,0,16.9596426946722,6.43650145428785,11.700257697928,1080.30257160471
"53","053","072314",1400000US53053072314,"53053072314","723.14",Census Tract 723.14,WA,Pierce County,Washington,CT,2666957,15852,16.9596426946722,6.43650145428785,11.700257697928,1115.75218592134
"53","053","063302",1400000US53053063302,"53053063302","633.02",Census Tract 633.02,WA,Pierce County,Washington,CT,1496411,0,16.9596426946722,6.43650145428785,11.700257697928,1082.60617407764
"53","053","071211",1400000US53053071211,"53053071211","712.11",Census Tract 712.11,WA,Pierce County,Washington,CT,2109352,0,16.9596426946722,6.43650145428785,11.700257697928,1106.07791317371
"53","053","940012",1400000US53053940012,"53053940012","9400.12",Census Tract 9400.12,WA,Pierce County,Washington,CT,2450699,0,16.9596426946722,6.43650145428785,11.700257697928,1050.69441255224
"53","053","073132",1400000US53053073132,"53053073132","731.32",Census Tract 731.32,WA,Pierce County,Washington,CT,2124864,0,16.9596426946722,6.43650145428785,11.700257697928,1131.73857001763
"53","063","010401",1400000US53063010401,"53063010401","104.01",Census Tract 104.01,WA,Spokane County,Washington,CT,29866969,0,16.9596426946722,6.43650145428785,11.700257697928,441.269608844957
"53","001","950303",1400000US53001950303,"53001950303","9503.03",Census Tract 9503.03,WA,Adams County,Washington,CT,118609926,400491,16.9596426946722,6.43650145428785,11.700257697928,211.309738951053
"53","033","025006",1400000US53033025006,"53033025006","250.06",Census Tract 250.06,WA,King County,Washington,CT,22409780,0,16.9596426946722,6.43650145428785,11.700257697928,1331.27864333877
"53","033","032327",1400000US53033032327,"53033032327","323.27",Census Tract 323.27,WA,King County,Washington,CT,16167035,114301,16.9596426946722,6.43650145428785,11.700257697928,1212.87791354598
"53","065","951301",1400000US53065951301,"53065951301","9513.01",Census Tract 9513.01,WA,Stevens County,Washington,CT,204758764,4387851,16.9596426946722,6.43650145428785,11.700257697928,620.95881811993
"53","067","012412",1400000US53067012412,"53067012412","124.12",Census Tract 124.12,WA,Thurston County,Washington,CT,21896773,108064,16.9596426946722,6.43650145428785,11.700257697928,1173.15058483466
"53","077","001601",1400000US53077001601,"53077001601","16.01",Census Tract 16.01,WA,Yakima County,Washington,CT,77294100,181628,16.9596426946722,6.43650145428785,11.700257697928,225.496706689699
"53","011","040301",1400000US53011040301,"53011040301","403.01",Census Tract 403.01,WA,Clark County,Washington,CT,28371546,911580,16.9596426946722,6.43650145428785,11.700257697928,1199.50473924139
"53","011","040409",1400000US53011040409,"53011040409","404.09",Census Tract 404.09,WA,Clark County,Washington,CT,8228300,0,16.9596426946722,6.43650145428785,11.700257697928,1187.37389096177
"53","053","070404",1400000US53053070404,"53053070404","704.04",Census Tract 704.04,WA,Pierce County,Washington,CT,5112129,243093,16.9596426946722,6.43650145428785,11.700257697928,1141.60648550068
"53","035","092701",1400000US53035092701,"53035092701","927.01",Census Tract 927.01,WA,Kitsap County,Washington,CT,24488813,1038346,16.9596426946722,6.43650145428785,11.700257697928,1259.61484924061
"53","061","041704",1400000US53061041704,"53061041704","417.04",Census Tract 417.04,WA,Snohomish County,Washington,CT,4047089,0,16.9596426946722,6.43650145428785,11.700257697928,1079.79091104631
"53","073","010102",1400000US53073010102,"53073010102","101.02",Census Tract 101.02,WA,Whatcom County,Washington,CT,142841857,1084286,16.9596426946722,6.43650145428785,11.700257697928,2118.2059039565
"53","073","010505",1400000US53073010505,"53073010505","105.05",Census Tract 105.05,WA,Whatcom County,Washington,CT,15939587,390351,16.9596426946722,6.43650145428785,11.700257697928,1060.63514492204
"53","073","940001",1400000US53073940001,"53073940001","9400.01",Census Tract 9400.01,WA,Whatcom County,Washington,CT,20669568,1775795,16.9596426946722,6.43650145428785,11.700257697928,928.445452621068
"53","073","010411",1400000US53073010411,"53073010411","104.11",Census Tract 104.11,WA,Whatcom County,Washington,CT,9424071,119577514,16.9596426946722,6.43650145428785,11.700257697928,1060.76657456235
"53","073","010702",1400000US53073010702,"53073010702","107.02",Census Tract 107.02,WA,Whatcom County,Washington,CT,58516004,924698,16.9596426946722,6.43650145428785,11.700257697928,1187.61982337848
"53","067","012531",1400000US53067012531,"53067012531","125.31",Census Tract 125.31,WA,Thurston County,Washington,CT,195548686,4700856,16.9596426946722,6.43650145428785,11.700257697928,1307.79934085538
"53","067","011902",1400000US53067011902,"53067011902","119.02",Census Tract 119.02,WA,Thurston County,Washington,CT,41902340,21482791,16.9596426946722,6.43650145428785,11.700257697928,1364.06271082819
"53","067","012226",1400000US53067012226,"53067012226","122.26",Census Tract 122.26,WA,Thurston County,Washington,CT,17296782,2168072,16.9596426946722,6.43650145428785,11.700257697928,1258.53503981423
"53","057","940301",1400000US53057940301,"53057940301","9403.01",Census Tract 9403.01,WA,Skagit County,Washington,CT,19223295,850329,16.9596426946722,6.43650145428785,11.700257697928,743.484042368678
"53","061","051301",1400000US53061051301,"53061051301","513.01",Census Tract 513.01,WA,Snohomish County,Washington,CT,1439903,0,16.9596426946722,6.43650145428785,11.700257697928,1026.57692634204
"53","061","041609",1400000US53061041609,"53061041609","416.09",Census Tract 416.09,WA,Snohomish County,Washington,CT,2001895,0,16.9596426946722,6.43650145428785,11.700257697928,1094.11466442174
"53","061","053605",1400000US53061053605,"53061053605","536.05",Census Tract 536.05,WA,Snohomish County,Washington,CT,38629284,67147,16.9596426946722,6.43650145428785,11.700257697928,1310.98672596251
"53","061","052710",1400000US53061052710,"53061052710","527.10",Census Tract 527.10,WA,Snohomish County,Washington,CT,2589506,0,16.9596426946722,6.43650145428785,11.700257697928,1170.05082122611
"53","061","041906",1400000US53061041906,"53061041906","419.06",Census Tract 419.06,WA,Snohomish County,Washington,CT,2394485,0,16.9596426946722,6.43650145428785,11.700257697928,1068.34377830933
"53","061","041815",1400000US53061041815,"53061041815","418.15",Census Tract 418.15,WA,Snohomish County,Washington,CT,1578393,98004,16.9596426946722,6.43650145428785,11.700257697928,1093.94041208225
"53","061","052505",1400000US53061052505,"53061052505","525.05",Census Tract 525.05,WA,Snohomish County,Washington,CT,2605332,0,16.9596426946722,6.43650145428785,11.700257697928,1105.06962328362
"53","061","052121",1400000US53061052121,"53061052121","521.21",Census Tract 521.21,WA,Snohomish County,Washington,CT,2651040,0,16.9596426946722,6.43650145428785,11.700257697928,1102.99468769133
"53","061","051936",1400000US53061051936,"53061051936","519.36",Census Tract 519.36,WA,Snohomish County,Washington,CT,1064607,0,16.9596426946722,6.43650145428785,11.700257697928,1057.05195348036
"53","061","051937",1400000US53061051937,"53061051937","519.37",Census Tract 519.37,WA,Snohomish County,Washington,CT,4055746,0,16.9596426946722,6.43650145428785,11.700257697928,1084.59499866886
"53","061","051931",1400000US53061051931,"53061051931","519.31",Census Tract 519.31,WA,Snohomish County,Washington,CT,1803167,0,16.9596426946722,6.43650145428785,11.700257697928,1044.74138570573
"53","061","052711",1400000US53061052711,"53061052711","527.11",Census Tract 527.11,WA,Snohomish County,Washington,CT,12949795,550521,16.9596426946722,6.43650145428785,11.700257697928,1170.05082122611
"53","045","960201",1400000US53045960201,"53045960201","9602.01",Census Tract 9602.01,WA,Mason County,Washington,CT,77619817,45357136,16.9596426946722,6.43650145428785,11.700257697928,2129.92672475863
"53","045","961102",1400000US53045961102,"53045961102","9611.02",Census Tract 9611.02,WA,Mason County,Washington,CT,43375064,7601973,16.9596426946722,6.43650145428785,11.700257697928,1573.72736827809
"53","029","971301",1400000US53029971301,"53029971301","9713.01",Census Tract 9713.01,WA,Island County,Washington,CT,24416246,12436640,16.9596426946722,6.43650145428785,11.700257697928,651.32642480772
"53","021","020102",1400000US53021020102,"53021020102","201.02",Census Tract 201.02,WA,Franklin County,Washington,CT,25275086,0,16.9596426946722,6.43650145428785,11.700257697928,210.813593757075
"53","039","950103",1400000US53039950103,"53039950103","9501.03",Census Tract 9501.03,WA,Klickitat County,Washington,CT,401592291,12101062,16.9596426946722,6.43650145428785,11.700257697928,415.366442946606
"53","005","011801",1400000US53005011801,"53005011801","118.01",Census Tract 118.01,WA,Benton County,Washington,CT,410493952,1549995,16.9596426946722,6.43650145428785,11.700257697928,227.032863117724
"53","005","010819",1400000US53005010819,"53005010819","108.19",Census Tract 108.19,WA,Benton County,Washington,CT,5453531,154613,16.9596426946722,6.43650145428785,11.700257697928,201.063594637768
"53","005","011505",1400000US53005011505,"53005011505","115.05",Census Tract 115.05,WA,Benton County,Washington,CT,3905301,0,16.9596426946722,6.43650145428785,11.700257697928,212.913668010505
"53","027","000202",1400000US53027000202,"53027000202","2.02",Census Tract 2.02,WA,Grays Harbor County,Washington,CT,295399788,30737400,16.9596426946722,6.43650145428785,11.700257697928,2436.3235202504
"53","073","010202",1400000US53073010202,"53073010202","102.02",Census Tract 102.02,WA,Whatcom County,Washington,CT,101326486,1631712,16.9596426946722,6.43650145428785,11.700257697928,1318.89137058053
"53","073","010506",1400000US53073010506,"53073010506","105.06",Census Tract 105.06,WA,Whatcom County,Washington,CT,3596228,164971,16.9596426946722,6.43650145428785,11.700257697928,1004.66594412703
"53","073","010406",1400000US53073010406,"53073010406","104.06",Census Tract 104.06,WA,Whatcom County,Washington,CT,7063026,4921207,16.9596426946722,6.43650145428785,11.700257697928,1112.81565448338
"53","073","010504",1400000US53073010504,"53073010504","105.04",Census Tract 105.04,WA,Whatcom County,Washington,CT,57720073,74862788,16.9596426946722,6.43650145428785,11.700257697928,1022.98058758699
"53","073","010409",1400000US53073010409,"53073010409","104.09",Census Tract 104.09,WA,Whatcom County,Washington,CT,3838652,3992243,16.9596426946722,6.43650145428785,11.700257697928,1114.71508660602
"53","073","000809",1400000US53073000809,"53073000809","8.09",Census Tract 8.09,WA,Whatcom County,Washington,CT,6386046,0,16.9596426946722,6.43650145428785,11.700257697928,1436.51501443335
"53","073","000904",1400000US53073000904,"53073000904","9.04",Census Tract 9.04,WA,Whatcom County,Washington,CT,2110814,0,16.9596426946722,6.43650145428785,11.700257697928,1083.99138666077
"53","073","000401",1400000US53073000401,"53073000401","4.01",Census Tract 4.01,WA,Whatcom County,Washington,CT,2901701,0,16.9596426946722,6.43650145428785,11.700257697928,986.826357313511
"53","025","011405",1400000US53025011405,"53025011405","114.05",Census Tract 114.05,WA,Grant County,Washington,CT,247511769,331636,16.9596426946722,6.43650145428785,11.700257697928,189.517067931326
"53","025","011403",1400000US53025011403,"53025011403","114.03",Census Tract 114.03,WA,Grant County,Washington,CT,183101973,5701133,16.9596426946722,6.43650145428785,11.700257697928,200.486506719423
"53","025","011404",1400000US53025011404,"53025011404","114.04",Census Tract 114.04,WA,Grant County,Washington,CT,324686659,9633192,16.9596426946722,6.43650145428785,11.700257697928,196.023522691474
"53","025","011406",1400000US53025011406,"53025011406","114.06",Census Tract 114.06,WA,Grant County,Washington,CT,619992498,22220152,16.9596426946722,6.43650145428785,11.700257697928,197.604134412054
"53","025","010402",1400000US53025010402,"53025010402","104.02",Census Tract 104.02,WA,Grant County,Washington,CT,42765727,0,16.9596426946722,6.43650145428785,11.700257697928,195.321477725856
"53","037","975102",1400000US53037975102,"53037975102","9751.02",Census Tract 9751.02,WA,Kittitas County,Washington,CT,18874117,19748,16.9596426946722,6.43650145428785,11.700257697928,754.022945636759
"53","053","072405",1400000US53053072405,"53053072405","724.05",Census Tract 724.05,WA,Pierce County,Washington,CT,11611332,15588733,16.9596426946722,6.43650145428785,11.700257697928,1212.42494424137
"53","053","071706",1400000US53053071706,"53053071706","717.06",Census Tract 717.06,WA,Pierce County,Washington,CT,1610393,0,16.9596426946722,6.43650145428785,11.700257697928,1093.09596266361
"53","053","063501",1400000US53053063501,"53053063501","635.01",Census Tract 635.01,WA,Pierce County,Washington,CT,1922154,0,16.9596426946722,6.43650145428785,11.700257697928,1091.41566702929
"53","053","071403",1400000US53053071403,"53053071403","714.03",Census Tract 714.03,WA,Pierce County,Washington,CT,5063029,1032581,16.9596426946722,6.43650145428785,11.700257697928,1095.04643408704
"53","053","071307",1400000US53053071307,"53053071307","713.07",Census Tract 713.07,WA,Pierce County,Washington,CT,5202534,15994,16.9596426946722,6.43650145428785,11.700257697928,1087.80398283324
"53","053","073407",1400000US53053073407,"53053073407","734.07",Census Tract 734.07,WA,Pierce County,Washington,CT,2362084,88663,16.9596426946722,6.43650145428785,11.700257697928,1050.35372507012
"53","053","070314",1400000US53053070314,"53053070314","703.14",Census Tract 703.14,WA,Pierce County,Washington,CT,4203212,1570676,16.9596426946722,6.43650145428785,11.700257697928,1172.01976630851
"53","053","072309",1400000US53053072309,"53053072309","723.09",Census Tract 723.09,WA,Pierce County,Washington,CT,3281057,2231211,16.9596426946722,6.43650145428785,11.700257697928,1111.25447944792
"53","053","060904",1400000US53053060904,"53053060904","609.04",Census Tract 609.04,WA,Pierce County,Washington,CT,1948487,0,16.9596426946722,6.43650145428785,11.700257697928,1095.95175452723
"53","053","940001",1400000US53053940001,"53053940001","9400.01",Census Tract 9400.01,WA,Pierce County,Washington,CT,3040357,13352495,16.9596426946722,6.43650145428785,11.700257697928,1074.39736196032
"53","053","073405",1400000US53053073405,"53053073405","734.05",Census Tract 734.05,WA,Pierce County,Washington,CT,2968570,1196,16.9596426946722,6.43650145428785,11.700257697928,1076.7908822446
"53","033","031301",1400000US53033031301,"53033031301","313.01",Census Tract 313.01,WA,King County,Washington,CT,32978507,459434,16.9596426946722,6.43650145428785,11.700257697928,1226.07212518548
"53","033","020900",1400000US53033020900,"53033020900","209",Census Tract 209,WA,King County,Washington,CT,4540884,636482,16.9596426946722,6.43650145428785,11.700257697928,972.645533810476
"53","033","012100",1400000US53033012100,"53033012100","121",Census Tract 121,WA,King County,Washington,CT,1739952,1380849,16.9596426946722,6.43650145428785,11.700257697928,1018.68183294915
"53","033","010002",1400000US53033010002,"53033010002","100.02",Census Tract 100.02,WA,King County,Washington,CT,948077,0,16.9596426946722,6.43650145428785,11.700257697928,989.867029298226
"53","033","009500",1400000US53033009500,"53033009500","95",Census Tract 95,WA,King County,Washington,CT,2597717,2916270,16.9596426946722,6.43650145428785,11.700257697928,989.766738710233
"53","025","011401",1400000US53025011401,"53025011401","114.01",Census Tract 114.01,WA,Grant County,Washington,CT,268128508,6842113,16.9596426946722,6.43650145428785,11.700257697928,196.835860295362
"53","035","092600",1400000US53035092600,"53035092600","926",Census Tract 926,WA,Kitsap County,Washington,CT,12010602,5379694,16.9596426946722,6.43650145428785,11.700257697928,1174.35392858904
"53","035","092901",1400000US53035092901,"53035092901","929.01",Census Tract 929.01,WA,Kitsap County,Washington,CT,71114857,588117,16.9596426946722,6.43650145428785,11.700257697928,1386.44241143647
"53","035","940100",1400000US53035940100,"53035940100","9401",Census Tract 9401,WA,Kitsap County,Washington,CT,28135507,5389753,16.9596426946722,6.43650145428785,11.700257697928,1001.05113676335
"53","069","950100",1400000US53069950100,"53069950100","9501",Census Tract 9501,WA,Wahkiakum County,Washington,CT,680976231,61568965,16.9596426946722,6.43650145428785,11.700257697928,2367.80861834712
"53","035","091100",1400000US53035091100,"53035091100","911",Census Tract 911,WA,Kitsap County,Washington,CT,19894610,9871009,16.9596426946722,6.43650145428785,11.700257697928,1076.86214105927
"53","033","022802",1400000US53033022802,"53033022802","228.02",Census Tract 228.02,WA,King County,Washington,CT,2660768,0,16.9596426946722,6.43650145428785,11.700257697928,1081.17409758068
"53","033","025302",1400000US53033025302,"53033025302","253.02",Census Tract 253.02,WA,King County,Washington,CT,4025029,2443067,16.9596426946722,6.43650145428785,11.700257697928,1021.5452029225
"53","061","040400",1400000US53061040400,"53061040400","404",Census Tract 404,WA,Snohomish County,Washington,CT,1681963,752091,16.9596426946722,6.43650145428785,11.700257697928,957.890561626778
"53","061","041812",1400000US53061041812,"53061041812","418.12",Census Tract 418.12,WA,Snohomish County,Washington,CT,1868733,0,16.9596426946722,6.43650145428785,11.700257697928,1085.63125665168
"53","061","050900",1400000US53061050900,"53061050900","509",Census Tract 509,WA,Snohomish County,Washington,CT,1492836,153322,16.9596426946722,6.43650145428785,11.700257697928,1010.16387898915
"53","061","051200",1400000US53061051200,"53061051200","512",Census Tract 512,WA,Snohomish County,Washington,CT,2100804,0,16.9596426946722,6.43650145428785,11.700257697928,1018.37040266559
"53","041","970100",1400000US53041970100,"53041970100","9701",Census Tract 9701,WA,Lewis County,Washington,CT,450804076,710744,16.9596426946722,6.43650145428785,11.700257697928,1457.36493044888
"53","041","970900",1400000US53041970900,"53041970900","9709",Census Tract 9709,WA,Lewis County,Washington,CT,2282281,28107,16.9596426946722,6.43650145428785,11.700257697928,1156.11839514846
"53","033","031704",1400000US53033031704,"53033031704","317.04",Census Tract 317.04,WA,King County,Washington,CT,5719420,12142,16.9596426946722,6.43650145428785,11.700257697928,1175.47157339722
"53","033","032316",1400000US53033032316,"53033032316","323.16",Census Tract 323.16,WA,King County,Washington,CT,6235320,2556870,16.9596426946722,6.43650145428785,11.700257697928,1164.10713855838
"53","033","032321",1400000US53033032321,"53033032321","323.21",Census Tract 323.21,WA,King County,Washington,CT,12781170,0,16.9596426946722,6.43650145428785,11.700257697928,1100.04877195471
"53","033","022003",1400000US53033022003,"53033022003","220.03",Census Tract 220.03,WA,King County,Washington,CT,2254686,0,16.9596426946722,6.43650145428785,11.700257697928,1049.47037947965
"53","033","023404",1400000US53033023404,"53033023404","234.04",Census Tract 234.04,WA,King County,Washington,CT,1838932,1746971,16.9596426946722,6.43650145428785,11.700257697928,1209.78792123304
"53","033","030600",1400000US53033030600,"53033030600","306",Census Tract 306,WA,King County,Washington,CT,3379427,77105,16.9596426946722,6.43650145428785,11.700257697928,1097.55359953098
"53","073","010900",1400000US53073010900,"53073010900","109",Census Tract 109,WA,Whatcom County,Washington,CT,23970351,162276760,16.9596426946722,6.43650145428785,11.700257697928,937.321273710437
"53","011","041330",1400000US53011041330,"53011041330","413.30",Census Tract 413.30,WA,Clark County,Washington,CT,1846607,0,16.9596426946722,6.43650145428785,11.700257697928,1180.31035702487
"53","067","011821",1400000US53067011821,"53067011821","118.21",Census Tract 118.21,WA,Thurston County,Washington,CT,33455817,795714,16.9596426946722,6.43650145428785,11.700257697928,1333.25615774164
"53","029","971600",1400000US53029971600,"53029971600","9716",Census Tract 9716,WA,Island County,Washington,CT,20800371,4484250,16.9596426946722,6.43650145428785,11.700257697928,684.279529508668
"53","029","970500",1400000US53029970500,"53029970500","9705",Census Tract 9705,WA,Island County,Washington,CT,23101413,6075354,16.9596426946722,6.43650145428785,11.700257697928,601.76160678736
"53","077","000902",1400000US53077000902,"53077000902","9.02",Census Tract 9.02,WA,Yakima County,Washington,CT,4927637,0,16.9596426946722,6.43650145428785,11.700257697928,225.995841449187
"53","029","971900",1400000US53029971900,"53029971900","9719",Census Tract 9719,WA,Island County,Washington,CT,51536986,13958557,16.9596426946722,6.43650145428785,11.700257697928,713.445957125299
"53","053","073124",1400000US53053073124,"53053073124","731.24",Census Tract 731.24,WA,Pierce County,Washington,CT,3917598,0,16.9596426946722,6.43650145428785,11.700257697928,1139.98981543691
"53","035","090102",1400000US53035090102,"53035090102","901.02",Census Tract 901.02,WA,Kitsap County,Washington,CT,48669522,8269399,16.9596426946722,6.43650145428785,11.700257697928,897.105483161818
"53","033","030305",1400000US53033030305,"53033030305","303.05",Census Tract 303.05,WA,King County,Washington,CT,3819389,999771,16.9596426946722,6.43650145428785,11.700257697928,1049.42394977526
"53","033","029602",1400000US53033029602,"53033029602","296.02",Census Tract 296.02,WA,King County,Washington,CT,6665522,47921,16.9596426946722,6.43650145428785,11.700257697928,1086.70656534707
"53","033","028802",1400000US53033028802,"53033028802","288.02",Census Tract 288.02,WA,King County,Washington,CT,2397498,415838,16.9596426946722,6.43650145428785,11.700257697928,1068.91127801062
"53","033","032307",1400000US53033032307,"53033032307","323.07",Census Tract 323.07,WA,King County,Washington,CT,11589621,234335,16.9596426946722,6.43650145428785,11.700257697928,1173.58846890824
"53","033","023201",1400000US53033023201,"53033023201","232.01",Census Tract 232.01,WA,King County,Washington,CT,1569244,0,16.9596426946722,6.43650145428785,11.700257697928,1122.41227114775
"53","033","023401",1400000US53033023401,"53033023401","234.01",Census Tract 234.01,WA,King County,Washington,CT,3707558,0,16.9596426946722,6.43650145428785,11.700257697928,1085.96809154256
"53","033","022300",1400000US53033022300,"53033022300","223",Census Tract 223,WA,King County,Washington,CT,5071395,5537735,16.9596426946722,6.43650145428785,11.700257697928,986.619085387956
"53","033","020800",1400000US53033020800,"53033020800","208",Census Tract 208,WA,King County,Washington,CT,3299066,698711,16.9596426946722,6.43650145428785,11.700257697928,971.942990940371
"53","067","012211",1400000US53067012211,"53067012211","122.11",Census Tract 122.11,WA,Thurston County,Washington,CT,18571022,1460395,16.9596426946722,6.43650145428785,11.700257697928,1304.5999002234
"53","073","001202",1400000US53073001202,"53073001202","12.02",Census Tract 12.02,WA,Whatcom County,Washington,CT,57458688,30595143,16.9596426946722,6.43650145428785,11.700257697928,1309.30569661608
"53","033","011002",1400000US53033011002,"53033011002","110.02",Census Tract 110.02,WA,King County,Washington,CT,1719569,0,16.9596426946722,6.43650145428785,11.700257697928,992.167729024907
"53","033","010001",1400000US53033010001,"53033010001","100.01",Census Tract 100.01,WA,King County,Washington,CT,2267156,60359,16.9596426946722,6.43650145428785,11.700257697928,988.708658047979
"53","033","007800",1400000US53033007800,"53033007800","78",Census Tract 78,WA,King County,Washington,CT,2097740,3632914,16.9596426946722,6.43650145428785,11.700257697928,990.991927169971
"53","033","006100",1400000US53033006100,"53033006100","61",Census Tract 61,WA,King County,Washington,CT,1198411,681782,16.9596426946722,6.43650145428785,11.700257697928,989.424750351913
"53","033","004600",1400000US53033004600,"53033004600","46",Census Tract 46,WA,King County,Washington,CT,1552358,1033232,16.9596426946722,6.43650145428785,11.700257697928,981.634626826213
"53","033","000500",1400000US53033000500,"53033000500","5",Census Tract 5,WA,King County,Washington,CT,2898252,953717,16.9596426946722,6.43650145428785,11.700257697928,975.295444705919
"53","015","001000",1400000US53015001000,"53015001000","10",Census Tract 10,WA,Cowlitz County,Washington,CT,731005,52313,16.9596426946722,6.43650145428785,11.700257697928,1224.62134472301
"53","037","975500",1400000US53037975500,"53037975500","9755",Census Tract 9755,WA,Kittitas County,Washington,CT,16260021,280974,16.9596426946722,6.43650145428785,11.700257697928,240.356937660466
"53","035","080900",1400000US53035080900,"53035080900","809",Census Tract 809,WA,Kitsap County,Washington,CT,13486868,932762,16.9596426946722,6.43650145428785,11.700257697928,1386.8783514478
"53","035","092000",1400000US53035092000,"53035092000","920",Census Tract 920,WA,Kitsap County,Washington,CT,190106780,13443510,16.9596426946722,6.43650145428785,11.700257697928,1564.87503011198
"53","061","052203",1400000US53061052203,"53061052203","522.03",Census Tract 522.03,WA,Snohomish County,Washington,CT,17282595,0,16.9596426946722,6.43650145428785,11.700257697928,1284.19745355463
"53","061","052903",1400000US53061052903,"53061052903","529.03",Census Tract 529.03,WA,Snohomish County,Washington,CT,2979477,392530,16.9596426946722,6.43650145428785,11.700257697928,1030.0775847158
"53","057","950802",1400000US53057950802,"53057950802","9508.02",Census Tract 9508.02,WA,Skagit County,Washington,CT,92394983,9924824,16.9596426946722,6.43650145428785,11.700257697928,1210.86866012991
"53","063","001500",1400000US53063001500,"53063001500","15",Census Tract 15,WA,Spokane County,Washington,CT,2290101,0,16.9596426946722,6.43650145428785,11.700257697928,453.142066032207
"53","061","053505",1400000US53061053505,"53061053505","535.05",Census Tract 535.05,WA,Snohomish County,Washington,CT,50004936,327348,16.9596426946722,6.43650145428785,11.700257697928,1268.46880470113
"53","061","041304",1400000US53061041304,"53061041304","413.04",Census Tract 413.04,WA,Snohomish County,Washington,CT,10191351,1060564,16.9596426946722,6.43650145428785,11.700257697928,1021.8523793055
"53","061","050800",1400000US53061050800,"53061050800","508",Census Tract 508,WA,Snohomish County,Washington,CT,3196817,2376,16.9596426946722,6.43650145428785,11.700257697928,990.702163529706
"53","061","040100",1400000US53061040100,"53061040100","401",Census Tract 401,WA,Snohomish County,Washington,CT,4793153,4015089,16.9596426946722,6.43650145428785,11.700257697928,963.737275012103
"53","061","052401",1400000US53061052401,"53061052401","524.01",Census Tract 524.01,WA,Snohomish County,Washington,CT,3869490,279362,16.9596426946722,6.43650145428785,11.700257697928,1120.38867362114
"53","063","014200",1400000US53063014200,"53063014200","142",Census Tract 142,WA,Spokane County,Washington,CT,645175243,10578675,16.9596426946722,6.43650145428785,11.700257697928,452.208331270427
"53","067","010200",1400000US53067010200,"53067010200","102",Census Tract 102,WA,Thurston County,Washington,CT,5796271,900371,16.9596426946722,6.43650145428785,11.700257697928,1324.93039738566
"53","067","012320",1400000US53067012320,"53067012320","123.20",Census Tract 123.20,WA,Thurston County,Washington,CT,30171778,461916,16.9596426946722,6.43650145428785,11.700257697928,1250.28733176515
"53","073","000501",1400000US53073000501,"53073000501","5.01",Census Tract 5.01,WA,Whatcom County,Washington,CT,2528187,0,16.9596426946722,6.43650145428785,11.700257697928,1021.30369301424
"53","061","052105",1400000US53061052105,"53061052105","521.05",Census Tract 521.05,WA,Snohomish County,Washington,CT,51624895,3007334,16.9596426946722,6.43650145428785,11.700257697928,1114.35116470047
"53","061","053101",1400000US53061053101,"53061053101","531.01",Census Tract 531.01,WA,Snohomish County,Washington,CT,27408328,0,16.9596426946722,6.43650145428785,11.700257697928,1039.69550038703
"53","041","970800",1400000US53041970800,"53041970800","9708",Census Tract 9708,WA,Lewis County,Washington,CT,37799611,160822,16.9596426946722,6.43650145428785,11.700257697928,1188.45987003009
"53","041","971400",1400000US53041971400,"53041971400","9714",Census Tract 9714,WA,Lewis County,Washington,CT,54795067,388986,16.9596426946722,6.43650145428785,11.700257697928,1234.43257442502
"53","077","002701",1400000US53077002701,"53077002701","27.01",Census Tract 27.01,WA,Yakima County,Washington,CT,389138966,803092,16.9596426946722,6.43650145428785,11.700257697928,253.721950796902
"53","077","001902",1400000US53077001902,"53077001902","19.02",Census Tract 19.02,WA,Yakima County,Washington,CT,4827103,0,16.9596426946722,6.43650145428785,11.700257697928,196.336271822022
"53","017","950400",1400000US53017950400,"53017950400","9504",Census Tract 9504,WA,Douglas County,Washington,CT,10667052,1255904,16.9596426946722,6.43650145428785,11.700257697928,269.305342850949
"53","009","001200",1400000US53009001200,"53009001200","12",Census Tract 12,WA,Clallam County,Washington,CT,6609621,1225842,16.9596426946722,6.43650145428785,11.700257697928,762.461403376725
"53","027","000800",1400000US53027000800,"53027000800","8",Census Tract 8,WA,Grays Harbor County,Washington,CT,84202030,6619401,16.9596426946722,6.43650145428785,11.700257697928,2165.50090761568
"53","057","952401",1400000US53057952401,"53057952401","9524.01",Census Tract 9524.01,WA,Skagit County,Washington,CT,1812838,0,16.9596426946722,6.43650145428785,11.700257697928,898.685871683984
"53","051","970400",1400000US53051970400,"53051970400","9704",Census Tract 9704,WA,Pend Oreille County,Washington,CT,416727964,5099766,16.9596426946722,6.43650145428785,11.700257697928,749.541048799327
"53","063","003500",1400000US53063003500,"53063003500","35",Census Tract 35,WA,Spokane County,Washington,CT,1604086,107706,16.9596426946722,6.43650145428785,11.700257697928,442.221358732533
"53","063","000900",1400000US53063000900,"53063000900","9",Census Tract 9,WA,Spokane County,Washington,CT,4247118,0,16.9596426946722,6.43650145428785,11.700257697928,440.23337083845
"53","063","012200",1400000US53063012200,"53063012200","122",Census Tract 122,WA,Spokane County,Washington,CT,10273302,218180,16.9596426946722,6.43650145428785,11.700257697928,455.920256526222
"53","063","013600",1400000US53063013600,"53063013600","136",Census Tract 136,WA,Spokane County,Washington,CT,31929694,0,16.9596426946722,6.43650145428785,11.700257697928,453.594463783855
"53","029","971400",1400000US53029971400,"53029971400","9714",Census Tract 9714,WA,Island County,Washington,CT,29085380,5825754,16.9596426946722,6.43650145428785,11.700257697928,699.823722003553
"53","029","970602",1400000US53029970602,"53029970602","9706.02",Census Tract 9706.02,WA,Island County,Washington,CT,1976736,0,16.9596426946722,6.43650145428785,11.700257697928,618.339770139526
"53","009","000800",1400000US53009000800,"53009000800","8",Census Tract 8,WA,Clallam County,Washington,CT,3145131,0,16.9596426946722,6.43650145428785,11.700257697928,683.313581541804
"53","027","001000",1400000US53027001000,"53027001000","10",Census Tract 10,WA,Grays Harbor County,Washington,CT,6074459,508289,16.9596426946722,6.43650145428785,11.700257697928,2237.69192115393
"53","057","951000",1400000US53057951000,"53057951000","9510",Census Tract 9510,WA,Skagit County,Washington,CT,368233022,6081099,16.9596426946722,6.43650145428785,11.700257697928,2596.73605899536
"53","063","004100",1400000US53063004100,"53063004100","41",Census Tract 41,WA,Spokane County,Washington,CT,1114200,0,16.9596426946722,6.43650145428785,11.700257697928,453.723726327971
"53","053","072506",1400000US53053072506,"53053072506","725.06",Census Tract 725.06,WA,Pierce County,Washington,CT,15282771,12194859,16.9596426946722,6.43650145428785,11.700257697928,1189.55562929295
"53","053","073006",1400000US53053073006,"53053073006","730.06",Census Tract 730.06,WA,Pierce County,Washington,CT,119200555,2550393,16.9596426946722,6.43650145428785,11.700257697928,1065.09859763801
"53","063","010303",1400000US53063010303,"53063010303","103.03",Census Tract 103.03,WA,Spokane County,Washington,CT,107419316,0,16.9596426946722,6.43650145428785,11.700257697928,524.295533368079
"53","063","003900",1400000US53063003900,"53063003900","39",Census Tract 39,WA,Spokane County,Washington,CT,8742910,15003,16.9596426946722,6.43650145428785,11.700257697928,459.674345707897
"53","033","031601",1400000US53033031601,"53033031601","316.01",Census Tract 316.01,WA,King County,Washington,CT,14669540,418506,16.9596426946722,6.43650145428785,11.700257697928,1226.94662859895
"53","033","032320",1400000US53033032320,"53033032320","323.20",Census Tract 323.20,WA,King County,Washington,CT,9661905,40422,16.9596426946722,6.43650145428785,11.700257697928,1145.90280385678
"53","033","032213",1400000US53033032213,"53033032213","322.13",Census Tract 322.13,WA,King County,Washington,CT,4042487,286842,16.9596426946722,6.43650145428785,11.700257697928,1253.72614175878
"53","033","032002",1400000US53033032002,"53033032002","320.02",Census Tract 320.02,WA,King County,Washington,CT,27565794,180822,16.9596426946722,6.43650145428785,11.700257697928,1247.19257602188
"53","033","032317",1400000US53033032317,"53033032317","323.17",Census Tract 323.17,WA,King County,Washington,CT,4393664,0,16.9596426946722,6.43650145428785,11.700257697928,1213.35949504869
"53","033","022101",1400000US53033022101,"53033022101","221.01",Census Tract 221.01,WA,King County,Washington,CT,3593797,1650543,16.9596426946722,6.43650145428785,11.700257697928,997.855695637909
"53","033","030404",1400000US53033030404,"53033030404","304.04",Census Tract 304.04,WA,King County,Washington,CT,5998037,215746,16.9596426946722,6.43650145428785,11.700257697928,1110.4865773479
"53","009","001701",1400000US53009001701,"53009001701","17.01",Census Tract 17.01,WA,Clallam County,Washington,CT,10847625,0,16.9596426946722,6.43650145428785,11.700257697928,514.687936250624
"53","011","041312",1400000US53011041312,"53011041312","413.12",Census Tract 413.12,WA,Clark County,Washington,CT,2795029,0,16.9596426946722,6.43650145428785,11.700257697928,1180.31035702487
"53","011","041320",1400000US53011041320,"53011041320","413.20",Census Tract 413.20,WA,Clark County,Washington,CT,2224564,0,16.9596426946722,6.43650145428785,11.700257697928,1208.92687826128
"53","011","040511",1400000US53011040511,"53011040511","405.11",Census Tract 405.11,WA,Clark County,Washington,CT,86087482,10974,16.9596426946722,6.43650145428785,11.700257697928,2373.31955919684
"53","011","040605",1400000US53011040605,"53011040605","406.05",Census Tract 406.05,WA,Clark County,Washington,CT,21102617,632430,16.9596426946722,6.43650145428785,11.700257697928,1394.22766137911
"53","011","041003",1400000US53011041003,"53011041003","410.03",Census Tract 410.03,WA,Clark County,Washington,CT,3359291,70154,16.9596426946722,6.43650145428785,11.700257697928,1042.39336480203
"53","011","041203",1400000US53011041203,"53011041203","412.03",Census Tract 412.03,WA,Clark County,Washington,CT,3906170,0,16.9596426946722,6.43650145428785,11.700257697928,1128.34769921558
"53","063","010603",1400000US53063010603,"53063010603","106.03",Census Tract 106.03,WA,Spokane County,Washington,CT,4906167,0,16.9596426946722,6.43650145428785,11.700257697928,443.312741261501
"53","063","013700",1400000US53063013700,"53063013700","137",Census Tract 137,WA,Spokane County,Washington,CT,70970534,627123,16.9596426946722,6.43650145428785,11.700257697928,444.8977345172
"53","033","026001",1400000US53033026001,"53033026001","260.01",Census Tract 260.01,WA,King County,Washington,CT,2660203,0,16.9596426946722,6.43650145428785,11.700257697928,1018.79168107791
"53","033","031909",1400000US53033031909,"53033031909","319.09",Census Tract 319.09,WA,King County,Washington,CT,1916061,0,16.9596426946722,6.43650145428785,11.700257697928,1151.79917503655
"53","033","030504",1400000US53033030504,"53033030504","305.04",Census Tract 305.04,WA,King County,Washington,CT,1524224,42762,16.9596426946722,6.43650145428785,11.700257697928,1086.70656534707
"53","033","029407",1400000US53033029407,"53033029407","294.07",Census Tract 294.07,WA,King County,Washington,CT,1334702,0,16.9596426946722,6.43650145428785,11.700257697928,1097.73243736762
"53","063","013101",1400000US53063013101,"53063013101","131.01",Census Tract 131.01,WA,Spokane County,Washington,CT,8255189,293739,16.9596426946722,6.43650145428785,11.700257697928,463.574454569504
"53","063","003602",1400000US53063003602,"53063003602","36.02",Census Tract 36.02,WA,Spokane County,Washington,CT,986570,0,16.9596426946722,6.43650145428785,11.700257697928,439.05181645088
"53","071","920902",1400000US53071920902,"53071920902","9209.02",Census Tract 9209.02,WA,Walla Walla County,Washington,CT,60317472,0,16.9596426946722,6.43650145428785,11.700257697928,480.646046682122
"53","033","023601",1400000US53033023601,"53033023601","236.01",Census Tract 236.01,WA,King County,Washington,CT,4627061,0,16.9596426946722,6.43650145428785,11.700257697928,1075.80554214324
"53","033","022201",1400000US53033022201,"53033022201","222.01",Census Tract 222.01,WA,King County,Washington,CT,2290376,0,16.9596426946722,6.43650145428785,11.700257697928,1020.85388499629
"53","033","008900",1400000US53033008900,"53033008900","89",Census Tract 89,WA,King County,Washington,CT,1270033,1798066,16.9596426946722,6.43650145428785,11.700257697928,985.896348716839
"53","033","005100",1400000US53033005100,"53033005100","51",Census Tract 51,WA,King County,Washington,CT,881731,0,16.9596426946722,6.43650145428785,11.700257697928,981.634626826213
"53","033","001500",1400000US53033001500,"53033001500","15",Census Tract 15,WA,King County,Washington,CT,1167711,526885,16.9596426946722,6.43650145428785,11.700257697928,968.959708789396
"53","035","091400",1400000US53035091400,"53035091400","914",Census Tract 914,WA,Kitsap County,Washington,CT,8212943,4790927,16.9596426946722,6.43650145428785,11.700257697928,1249.13705439938
"53","035","092803",1400000US53035092803,"53035092803","928.03",Census Tract 928.03,WA,Kitsap County,Washington,CT,18126567,770947,16.9596426946722,6.43650145428785,11.700257697928,1261.90950892239
"53","061","051918",1400000US53061051918,"53061051918","519.18",Census Tract 519.18,WA,Snohomish County,Washington,CT,4478918,0,16.9596426946722,6.43650145428785,11.700257697928,1046.15988578846
"53","061","041809",1400000US53061041809,"53061041809","418.09",Census Tract 418.09,WA,Snohomish County,Washington,CT,1079257,0,16.9596426946722,6.43650145428785,11.700257697928,1089.52135074225
"53","061","051803",1400000US53061051803,"53061051803","518.03",Census Tract 518.03,WA,Snohomish County,Washington,CT,1597958,0,16.9596426946722,6.43650145428785,11.700257697928,1066.14625019159
"53","061","052803",1400000US53061052803,"53061052803","528.03",Census Tract 528.03,WA,Snohomish County,Washington,CT,14085482,0,16.9596426946722,6.43650145428785,11.700257697928,1127.45142564714
"53","061","940002",1400000US53061940002,"53061940002","9400.02",Census Tract 9400.02,WA,Snohomish County,Washington,CT,39006153,4834821,16.9596426946722,6.43650145428785,11.700257697928,937.365637355062
"53","063","010507",1400000US53063010507,"53063010507","105.07",Census Tract 105.07,WA,Spokane County,Washington,CT,9038148,40462,16.9596426946722,6.43650145428785,11.700257697928,431.055277338023
"53","063","010204",1400000US53063010204,"53063010204","102.04",Census Tract 102.04,WA,Spokane County,Washington,CT,131866499,0,16.9596426946722,6.43650145428785,11.700257697928,609.568637214976
"53","033","031000",1400000US53033031000,"53033031000","310",Census Tract 310,WA,King County,Washington,CT,12462097,292603,16.9596426946722,6.43650145428785,11.700257697928,1128.24026519165
"53","067","011624",1400000US53067011624,"53067011624","116.24",Census Tract 116.24,WA,Thurston County,Washington,CT,10230589,778735,16.9596426946722,6.43650145428785,11.700257697928,1280.8645385565
"53","061","052706",1400000US53061052706,"53061052706","527.06",Census Tract 527.06,WA,Snohomish County,Washington,CT,4984610,0,16.9596426946722,6.43650145428785,11.700257697928,1105.06962328362
"53","033","032603",1400000US53033032603,"53033032603","326.03",Census Tract 326.03,WA,King County,Washington,CT,12385870,427271,16.9596426946722,6.43650145428785,11.700257697928,1648.33231102895
"53","033","032225",1400000US53033032225,"53033032225","322.25",Census Tract 322.25,WA,King County,Washington,CT,3809641,44579,16.9596426946722,6.43650145428785,11.700257697928,1220.55090698646
"53","033","004401",1400000US53033004401,"53033004401","44.01",Census Tract 44.01,WA,King County,Washington,CT,694919,0,16.9596426946722,6.43650145428785,11.700257697928,976.783498353967
"53","033","000202",1400000US53033000202,"53033000202","2.02",Census Tract 2.02,WA,King County,Washington,CT,1480085,0,16.9596426946722,6.43650145428785,11.700257697928,977.536246669596
"53","033","023902",1400000US53033023902,"53033023902","239.02",Census Tract 239.02,WA,King County,Washington,CT,2470250,2350308,16.9596426946722,6.43650145428785,11.700257697928,1019.11878867187
"53","003","960300",1400000US53003960300,"53003960300","9603",Census Tract 9603,WA,Asotin County,Washington,CT,3886925,646772,16.9596426946722,6.43650145428785,11.700257697928,278.857640899448
"53","053","072603",1400000US53053072603,"53053072603","726.03",Census Tract 726.03,WA,Pierce County,Washington,CT,91219718,107948668,16.9596426946722,6.43650145428785,11.700257697928,1231.71841802901
"53","033","023807",1400000US53033023807,"53033023807","238.07",Census Tract 238.07,WA,King County,Washington,CT,886421,0,16.9596426946722,6.43650145428785,11.700257697928,1042.31360497956
"53","005","012000",1400000US53005012000,"53005012000","120",Census Tract 120,WA,Benton County,Washington,CT,1140757890,26458771,16.9596426946722,6.43650145428785,11.700257697928,207.022054843929
"53","077","000903",1400000US53077000903,"53077000903","9.03",Census Tract 9.03,WA,Yakima County,Washington,CT,2773253,0,16.9596426946722,6.43650145428785,11.700257697928,225.995841449187
"53","059","950400",1400000US53059950400,"53059950400","9504",Census Tract 9504,WA,Skamania County,Washington,CT,219512275,16570495,16.9596426946722,6.43650145428785,11.700257697928,1435.69608072615
"53","077","940007",1400000US53077940007,"53077940007","9400.07",Census Tract 9400.07,WA,Yakima County,Washington,CT,5016436,0,16.9596426946722,6.43650145428785,11.700257697928,201.335537892698
"53","021","020300",1400000US53021020300,"53021020300","203",Census Tract 203,WA,Franklin County,Washington,CT,3634349,0,16.9596426946722,6.43650145428785,11.700257697928,204.907566986307
"53","023","970300",1400000US53023970300,"53023970300","9703",Census Tract 9703,WA,Garfield County,Washington,CT,1841054897,19294817,16.9596426946722,6.43650145428785,11.700257697928,545.95731126522
"53","007","960803",1400000US53007960803,"53007960803","9608.03",Census Tract 9608.03,WA,Chelan County,Washington,CT,1822247,158334,16.9596426946722,6.43650145428785,11.700257697928,249.051971091734
"53","075","000300",1400000US53075000300,"53075000300","3",Census Tract 3,WA,Whitman County,Washington,CT,161947178,0,16.9596426946722,6.43650145428785,11.700257697928,527.786210777567
"53","035","092102",1400000US53035092102,"53035092102","921.02",Census Tract 921.02,WA,Kitsap County,Washington,CT,22881165,1204523,16.9596426946722,6.43650145428785,11.700257697928,1412.17634544689
"53","035","091701",1400000US53035091701,"53035091701","917.01",Census Tract 917.01,WA,Kitsap County,Washington,CT,5319959,2789001,16.9596426946722,6.43650145428785,11.700257697928,1131.20295513059
"53","033","005902",1400000US53033005902,"53033005902","59.02",Census Tract 59.02,WA,King County,Washington,CT,1022976,0,16.9596426946722,6.43650145428785,11.700257697928,997.270783807571
"53","033","031710",1400000US53033031710,"53033031710","317.10",Census Tract 317.10,WA,King County,Washington,CT,2038633,0,16.9596426946722,6.43650145428785,11.700257697928,1202.80104005141
"53","033","024002",1400000US53033024002,"53033024002","240.02",Census Tract 240.02,WA,King County,Washington,CT,1624655,240155,16.9596426946722,6.43650145428785,11.700257697928,1042.31360497956
"53","033","000102",1400000US53033000102,"53033000102","1.02",Census Tract 1.02,WA,King County,Washington,CT,1495019,918878,16.9596426946722,6.43650145428785,11.700257697928,977.536246669596
"53","033","003201",1400000US53033003201,"53033003201","32.01",Census Tract 32.01,WA,King County,Washington,CT,1152079,1354300,16.9596426946722,6.43650145428785,11.700257697928,982.389871384667
"53","033","001202",1400000US53033001202,"53033001202","12.02",Census Tract 12.02,WA,King County,Washington,CT,821426,0,16.9596426946722,6.43650145428785,11.700257697928,979.39018080918
"53","033","029604",1400000US53033029604,"53033029604","296.04",Census Tract 296.04,WA,King County,Washington,CT,2407546,64463,16.9596426946722,6.43650145428785,11.700257697928,1128.41893219601
"53","033","024302",1400000US53033024302,"53033024302","243.02",Census Tract 243.02,WA,King County,Washington,CT,2778562,8215200,16.9596426946722,6.43650145428785,11.700257697928,982.025958723444
"53","033","031910",1400000US53033031910,"53033031910","319.10",Census Tract 319.10,WA,King County,Washington,CT,3322022,0,16.9596426946722,6.43650145428785,11.700257697928,1177.07027751786
"53","033","032223",1400000US53033032223,"53033032223","322.23",Census Tract 322.23,WA,King County,Washington,CT,2090794,42596,16.9596426946722,6.43650145428785,11.700257697928,1274.09112848043
"53","071","920901",1400000US53071920901,"53071920901","9209.01",Census Tract 9209.01,WA,Walla Walla County,Washington,CT,21809260,189083,16.9596426946722,6.43650145428785,11.700257697928,531.059447697203
"53","011","040512",1400000US53011040512,"53011040512","405.12",Census Tract 405.12,WA,Clark County,Washington,CT,2650186,0,16.9596426946722,6.43650145428785,11.700257697928,1302.02725789406
"53","073","000203",1400000US53073000203,"53073000203","2.03",Census Tract 2.03,WA,Whatcom County,Washington,CT,7496107,47535,16.9596426946722,6.43650145428785,11.700257697928,965.730529077699
"53","073","010407",1400000US53073010407,"53073010407","104.07",Census Tract 104.07,WA,Whatcom County,Washington,CT,50206808,50454,16.9596426946722,6.43650145428785,11.700257697928,1106.16109945479
"53","073","000301",1400000US53073000301,"53073000301","3.01",Census Tract 3.01,WA,Whatcom County,Washington,CT,4077706,1285767,16.9596426946722,6.43650145428785,11.700257697928,940.41832645771
"53","033","024905",1400000US53033024905,"53033024905","249.05",Census Tract 249.05,WA,King County,Washington,CT,2880072,0,16.9596426946722,6.43650145428785,11.700257697928,1230.65383293845
"53","033","022805",1400000US53033022805,"53033022805","228.05",Census Tract 228.05,WA,King County,Washington,CT,3842917,0,16.9596426946722,6.43650145428785,11.700257697928,1103.48522725317
"53","053","070208",1400000US53053070208,"53053070208","702.08",Census Tract 702.08,WA,Pierce County,Washington,CT,21881251,333179,16.9596426946722,6.43650145428785,11.700257697928,1148.63550621697
"53","053","062501",1400000US53053062501,"53053062501","625.01",Census Tract 625.01,WA,Pierce County,Washington,CT,1667925,0,16.9596426946722,6.43650145428785,11.700257697928,1095.57193463559
"53","009","002002",1400000US53009002002,"53009002002","20.02",Census Tract 20.02,WA,Clallam County,Washington,CT,12967991,636747,16.9596426946722,6.43650145428785,11.700257697928,569.118303551304
"53","009","001901",1400000US53009001901,"53009001901","19.01",Census Tract 19.01,WA,Clallam County,Washington,CT,17224406,0,16.9596426946722,6.43650145428785,11.700257697928,467.242424730553
"53","057","940401",1400000US53057940401,"53057940401","9404.01",Census Tract 9404.01,WA,Skagit County,Washington,CT,7594928,950372,16.9596426946722,6.43650145428785,11.700257697928,723.268868253712
"53","057","940801",1400000US53057940801,"53057940801","9408.01",Census Tract 9408.01,WA,Skagit County,Washington,CT,3203528,1625322,16.9596426946722,6.43650145428785,11.700257697928,709.872599177409
"53","061","053511",1400000US53061053511,"53061053511","535.11",Census Tract 535.11,WA,Snohomish County,Washington,CT,7824963,13346,16.9596426946722,6.43650145428785,11.700257697928,1234.84565186979
"53","061","052009",1400000US53061052009,"53061052009","520.09",Census Tract 520.09,WA,Snohomish County,Washington,CT,2325953,0,16.9596426946722,6.43650145428785,11.700257697928,1091.52468883365
"53","061","052211",1400000US53061052211,"53061052211","522.11",Census Tract 522.11,WA,Snohomish County,Washington,CT,5711236,0,16.9596426946722,6.43650145428785,11.700257697928,1278.36761039873
"53","015","001601",1400000US53015001601,"53015001601","16.01",Census Tract 16.01,WA,Cowlitz County,Washington,CT,33723550,3406075,16.9596426946722,6.43650145428785,11.700257697928,1296.54374812094
"53","025","010200",1400000US53025010200,"53025010200","102",Census Tract 102,WA,Grant County,Washington,CT,1095639490,5309756,16.9596426946722,6.43650145428785,11.700257697928,220.765951709135
"53","063","002502",1400000US53063002502,"53063002502","25.02",Census Tract 25.02,WA,Spokane County,Washington,CT,1007644,58033,16.9596426946722,6.43650145428785,11.700257697928,448.385148608585
"53","033","004701",1400000US53033004701,"53033004701","47.01",Census Tract 47.01,WA,King County,Washington,CT,571393,176916,16.9596426946722,6.43650145428785,11.700257697928,993.25681202142
"53","033","010602",1400000US53033010602,"53033010602","106.02",Census Tract 106.02,WA,King County,Washington,CT,1505061,817134,16.9596426946722,6.43650145428785,11.700257697928,1024.29747269583
"53","033","026101",1400000US53033026101,"53033026101","261.01",Census Tract 261.01,WA,King County,Washington,CT,2706291,7108,16.9596426946722,6.43650145428785,11.700257697928,1019.6480656286
"53","033","029806",1400000US53033029806,"53033029806","298.06",Census Tract 298.06,WA,King County,Washington,CT,3690363,170101,16.9596426946722,6.43650145428785,11.700257697928,1105.29218633068
"53","033","022402",1400000US53033022402,"53033022402","224.02",Census Tract 224.02,WA,King County,Washington,CT,2219492,4175839,16.9596426946722,6.43650145428785,11.700257697928,1008.74461463624
"53","029","971302",1400000US53029971302,"53029971302","9713.02",Census Tract 9713.02,WA,Island County,Washington,CT,31454748,14159211,16.9596426946722,6.43650145428785,11.700257697928,662.36788143724
"53","077","003004",1400000US53077003004,"53077003004","30.04",Census Tract 30.04,WA,Yakima County,Washington,CT,531693603,585843,16.9596426946722,6.43650145428785,11.700257697928,468.976359032955
"53","033","025303",1400000US53033025303,"53033025303","253.03",Census Tract 253.03,WA,King County,Washington,CT,1888021,0,16.9596426946722,6.43650145428785,11.700257697928,1021.5452029225
"53","033","030008",1400000US53033030008,"53033030008","300.08",Census Tract 300.08,WA,King County,Washington,CT,1407520,0,16.9596426946722,6.43650145428785,11.700257697928,1124.79572998838
"53","033","007301",1400000US53033007301,"53033007301","73.01",Census Tract 73.01,WA,King County,Washington,CT,250787,0,16.9596426946722,6.43650145428785,11.700257697928,997.214873877613
"53","007","961304",1400000US53007961304,"53007961304","9613.04",Census Tract 9613.04,WA,Chelan County,Washington,CT,25380996,0,16.9596426946722,6.43650145428785,11.700257697928,468.268274927552
"53","007","961101",1400000US53007961101,"53007961101","9611.01",Census Tract 9611.01,WA,Chelan County,Washington,CT,1531284,0,16.9596426946722,6.43650145428785,11.700257697928,252.805991625412
"53","053","073001",1400000US53053073001,"53053073001","730.01",Census Tract 730.01,WA,Pierce County,Washington,CT,64408241,947166,16.9596426946722,6.43650145428785,11.700257697928,1156.60826512791
"53","053","071902",1400000US53053071902,"53053071902","719.02",Census Tract 719.02,WA,Pierce County,Washington,CT,6159536,2869038,16.9596426946722,6.43650145428785,11.700257697928,1107.2363087685
"53","053","070309",1400000US53053070309,"53053070309","703.09",Census Tract 703.09,WA,Pierce County,Washington,CT,11565093,21534,16.9596426946722,6.43650145428785,11.700257697928,1201.25339763062
"53","053","063000",1400000US53053063000,"53053063000","630",Census Tract 630,WA,Pierce County,Washington,CT,2204911,0,16.9596426946722,6.43650145428785,11.700257697928,1091.41566702929
"53","053","072408",1400000US53053072408,"53053072408","724.08",Census Tract 724.08,WA,Pierce County,Washington,CT,15266925,5205736,16.9596426946722,6.43650145428785,11.700257697928,1147.68028209066
"53","053","072406",1400000US53053072406,"53053072406","724.06",Census Tract 724.06,WA,Pierce County,Washington,CT,16779288,13279,16.9596426946722,6.43650145428785,11.700257697928,1194.46847562769
"53","053","070310",1400000US53053070310,"53053070310","703.10",Census Tract 703.10,WA,Pierce County,Washington,CT,5623892,44073,16.9596426946722,6.43650145428785,11.700257697928,1193.57493104931
"53","077","002103",1400000US53077002103,"53077002103","21.03",Census Tract 21.03,WA,Yakima County,Washington,CT,69749515,607426,16.9596426946722,6.43650145428785,11.700257697928,193.018489479523
"53","077","000401",1400000US53077000401,"53077000401","4.01",Census Tract 4.01,WA,Yakima County,Washington,CT,6841358,0,16.9596426946722,6.43650145428785,11.700257697928,239.42976399077
"53","077","002202",1400000US53077002202,"53077002202","22.02",Census Tract 22.02,WA,Yakima County,Washington,CT,146303937,0,16.9596426946722,6.43650145428785,11.700257697928,206.186490298004
"53","053","061501",1400000US53053061501,"53053061501","615.01",Census Tract 615.01,WA,Pierce County,Washington,CT,547304,0,16.9596426946722,6.43650145428785,11.700257697928,1094.63746277797
"53","033","011601",1400000US53033011601,"53033011601","116.01",Census Tract 116.01,WA,King County,Washington,CT,1554538,184845,16.9596426946722,6.43650145428785,11.700257697928,1025.05429408667
"53","033","025704",1400000US53033025704,"53033025704","257.04",Census Tract 257.04,WA,King County,Washington,CT,2923198,0,16.9596426946722,6.43650145428785,11.700257697928,1085.61691608059
"53","033","029207",1400000US53033029207,"53033029207","292.07",Census Tract 292.07,WA,King County,Washington,CT,2255652,1263,16.9596426946722,6.43650145428785,11.700257697928,1097.73243736762
"53","073","940002",1400000US53073940002,"53073940002","9400.02",Census Tract 9400.02,WA,Whatcom County,Washington,CT,33403899,41513483,16.9596426946722,6.43650145428785,11.700257697928,920.552457860198
"53","005","011402",1400000US53005011402,"53005011402","114.02",Census Tract 114.02,WA,Benton County,Washington,CT,7313000,37468,16.9596426946722,6.43650145428785,11.700257697928,204.621859832001
"53","011","041500",1400000US53011041500,"53011041500","415",Census Tract 415,WA,Clark County,Washington,CT,3561829,1197004,16.9596426946722,6.43650145428785,11.700257697928,1273.99905849708
"53","011","042000",1400000US53011042000,"53011042000","420",Census Tract 420,WA,Clark County,Washington,CT,698028,0,16.9596426946722,6.43650145428785,11.700257697928,1064.49057684821
"53","067","011722",1400000US53067011722,"53067011722","117.22",Census Tract 117.22,WA,Thurston County,Washington,CT,4570923,264252,16.9596426946722,6.43650145428785,11.700257697928,1318.74466679853
"53","011","041207",1400000US53011041207,"53011041207","412.07",Census Tract 412.07,WA,Clark County,Washington,CT,992523,0,16.9596426946722,6.43650145428785,11.700257697928,1173.86163950344
"53","011","040715",1400000US53011040715,"53011040715","407.15",Census Tract 407.15,WA,Clark County,Washington,CT,20696091,0,16.9596426946722,6.43650145428785,11.700257697928,1277.4835928376
"53","011","040513",1400000US53011040513,"53011040513","405.13",Census Tract 405.13,WA,Clark County,Washington,CT,3687826,92672,16.9596426946722,6.43650145428785,11.700257697928,1288.01315819557
"53","027","940000",1400000US53027940000,"53027940000","9400",Census Tract 9400,WA,Grays Harbor County,Washington,CT,782842526,42781602,16.9596426946722,6.43650145428785,11.700257697928,2889.4616580405
"53","047","970700",1400000US53047970700,"53047970700","9707",Census Tract 9707,WA,Okanogan County,Washington,CT,87355913,740859,16.9596426946722,6.43650145428785,11.700257697928,310.401841012061
"53","063","014500",1400000US53063014500,"53063014500","145",Census Tract 145,WA,Spokane County,Washington,CT,7802601,136482,16.9596426946722,6.43650145428785,11.700257697928,451.379396202983
"53","063","013800",1400000US53063013800,"53063013800","138",Census Tract 138,WA,Spokane County,Washington,CT,17154489,0,16.9596426946722,6.43650145428785,11.700257697928,433.141120398774
"53","063","013401",1400000US53063013401,"53063013401","134.01",Census Tract 134.01,WA,Spokane County,Washington,CT,18561301,0,16.9596426946722,6.43650145428785,11.700257697928,523.4315481432
"53","063","012701",1400000US53063012701,"53063012701","127.01",Census Tract 127.01,WA,Spokane County,Washington,CT,2651508,0,16.9596426946722,6.43650145428785,11.700257697928,466.767743049858
"53","065","950300",1400000US53065950300,"53065950300","9503",Census Tract 9503,WA,Stevens County,Washington,CT,5185730,0,16.9596426946722,6.43650145428785,11.700257697928,523.075971731959
"53","067","012610",1400000US53067012610,"53067012610","126.10",Census Tract 126.10,WA,Thurston County,Washington,CT,128460795,3285010,16.9596426946722,6.43650145428785,11.700257697928,1304.55864831127
"53","001","950302",1400000US53001950302,"53001950302","9503.02",Census Tract 9503.02,WA,Adams County,Washington,CT,174575090,2213558,16.9596426946722,6.43650145428785,11.700257697928,204.237693441312
"53","053","071503",1400000US53053071503,"53053071503","715.03",Census Tract 715.03,WA,Pierce County,Washington,CT,5647529,57065,16.9596426946722,6.43650145428785,11.700257697928,1088.85023885062
"53","053","061601",1400000US53053061601,"53053061601","616.01",Census Tract 616.01,WA,Pierce County,Washington,CT,762566,0,16.9596426946722,6.43650145428785,11.700257697928,1072.00959594512
"53","053","072602",1400000US53053072602,"53053072602","726.02",Census Tract 726.02,WA,Pierce County,Washington,CT,43343709,38487193,16.9596426946722,6.43650145428785,11.700257697928,1326.88037312926
"53","053","060200",1400000US53053060200,"53053060200","602",Census Tract 602,WA,Pierce County,Washington,CT,15666963,9249345,16.9596426946722,6.43650145428785,11.700257697928,1049.38172911227
"53","021","020401",1400000US53021020401,"53021020401","204.01",Census Tract 204.01,WA,Franklin County,Washington,CT,1508806,506572,16.9596426946722,6.43650145428785,11.700257697928,202.144198627906
"53","027","000501",1400000US53027000501,"53027000501","5.01",Census Tract 5.01,WA,Grays Harbor County,Washington,CT,113158780,1983889,16.9596426946722,6.43650145428785,11.700257697928,2098.81374127288
"53","021","020503",1400000US53021020503,"53021020503","205.03",Census Tract 205.03,WA,Franklin County,Washington,CT,4372065,1846362,16.9596426946722,6.43650145428785,11.700257697928,201.680690166551
"53","067","012001",1400000US53067012001,"53067012001","120.01",Census Tract 120.01,WA,Thurston County,Washington,CT,14219059,2370541,16.9596426946722,6.43650145428785,11.700257697928,1345.92538462614
"53","007","961102",1400000US53007961102,"53007961102","9611.02",Census Tract 9611.02,WA,Chelan County,Washington,CT,5316192,770013,16.9596426946722,6.43650145428785,11.700257697928,279.988820709017
"53","067","012532",1400000US53067012532,"53067012532","125.32",Census Tract 125.32,WA,Thurston County,Washington,CT,57429809,592237,16.9596426946722,6.43650145428785,11.700257697928,1139.21403942342
"53","041","971501",1400000US53041971501,"53041971501","9715.01",Census Tract 9715.01,WA,Lewis County,Washington,CT,22460721,0,16.9596426946722,6.43650145428785,11.700257697928,1363.28025075088
"53","053","072508",1400000US53053072508,"53053072508","725.08",Census Tract 725.08,WA,Pierce County,Washington,CT,13577055,0,16.9596426946722,6.43650145428785,11.700257697928,1221.34972443157
"53","053","072509",1400000US53053072509,"53053072509","725.09",Census Tract 725.09,WA,Pierce County,Washington,CT,8102345,3474,16.9596426946722,6.43650145428785,11.700257697928,1207.31850711421
"53","053","062502",1400000US53053062502,"53053062502","625.02",Census Tract 625.02,WA,Pierce County,Washington,CT,1232468,0,16.9596426946722,6.43650145428785,11.700257697928,1095.57193463559
"53","061","050501",1400000US53061050501,"53061050501","505.01",Census Tract 505.01,WA,Snohomish County,Washington,CT,1674169,569243,16.9596426946722,6.43650145428785,11.700257697928,941.718468441205
"53","055","960102",1400000US53055960102,"53055960102","9601.02",Census Tract 9601.02,WA,San Juan County,Washington,CT,40131562,17654563,16.9596426946722,6.43650145428785,11.700257697928,732.153184980723
"53","061","052808",1400000US53061052808,"53061052808","528.08",Census Tract 528.08,WA,Snohomish County,Washington,CT,4255549,0,16.9596426946722,6.43650145428785,11.700257697928,1143.69097308544
"53","061","051934",1400000US53061051934,"53061051934","519.34",Census Tract 519.34,WA,Snohomish County,Washington,CT,1644400,0,16.9596426946722,6.43650145428785,11.700257697928,1067.94402117226
"53","061","052210",1400000US53061052210,"53061052210","522.10",Census Tract 522.10,WA,Snohomish County,Washington,CT,2801074,156304,16.9596426946722,6.43650145428785,11.700257697928,1293.10690711443
"53","045","960302",1400000US53045960302,"53045960302","9603.02",Census Tract 9603.02,WA,Mason County,Washington,CT,85610040,5377728,16.9596426946722,6.43650145428785,11.700257697928,1785.72957421853
"53","033","025702",1400000US53033025702,"53033025702","257.02",Census Tract 257.02,WA,King County,Washington,CT,2782780,0,16.9596426946722,6.43650145428785,11.700257697928,1092.04210834057
"53","033","025602",1400000US53033025602,"53033025602","256.02",Census Tract 256.02,WA,King County,Washington,CT,5269483,0,16.9596426946722,6.43650145428785,11.700257697928,1170.89774480656
"53","033","032319",1400000US53033032319,"53033032319","323.19",Census Tract 323.19,WA,King County,Washington,CT,6867974,0,16.9596426946722,6.43650145428785,11.700257697928,1132.28661210459
"53","011","043100",1400000US53011043100,"53011043100","431",Census Tract 431,WA,Clark County,Washington,CT,2957553,353929,16.9596426946722,6.43650145428785,11.700257697928,1149.75963459579
"53","033","022902",1400000US53033022902,"53033022902","229.02",Census Tract 229.02,WA,King County,Washington,CT,3537566,1705282,16.9596426946722,6.43650145428785,11.700257697928,1105.93871143126
"53","033","032207",1400000US53033032207,"53033032207","322.07",Census Tract 322.07,WA,King County,Washington,CT,4627754,1325468,16.9596426946722,6.43650145428785,11.700257697928,1197.02387859108
"53","033","030312",1400000US53033030312,"53033030312","303.12",Census Tract 303.12,WA,King County,Washington,CT,1853047,0,16.9596426946722,6.43650145428785,11.700257697928,1107.50133192145
"53","011","040806",1400000US53011040806,"53011040806","408.06",Census Tract 408.06,WA,Clark County,Washington,CT,3495008,0,16.9596426946722,6.43650145428785,11.700257697928,1174.92188079659
"53","011","041322",1400000US53011041322,"53011041322","413.22",Census Tract 413.22,WA,Clark County,Washington,CT,2098262,0,16.9596426946722,6.43650145428785,11.700257697928,1197.96364441109
"53","011","041011",1400000US53011041011,"53011041011","410.11",Census Tract 410.11,WA,Clark County,Washington,CT,3914894,0,16.9596426946722,6.43650145428785,11.700257697928,1064.49057684821
"53","053","072801",1400000US53053072801,"53053072801","728.01",Census Tract 728.01,WA,Pierce County,Washington,CT,13340758,5849362,16.9596426946722,6.43650145428785,11.700257697928,1185.64118712188
"53","061","051935",1400000US53061051935,"53061051935","519.35",Census Tract 519.35,WA,Snohomish County,Washington,CT,1590355,0,16.9596426946722,6.43650145428785,11.700257697928,1089.4756136427
"53","045","960401",1400000US53045960401,"53045960401","9604.01",Census Tract 9604.01,WA,Mason County,Washington,CT,56556174,5240964,16.9596426946722,6.43650145428785,11.700257697928,1475.02688070351
"53","073","010503",1400000US53073010503,"53073010503","105.03",Census Tract 105.03,WA,Whatcom County,Washington,CT,24724003,600729,16.9596426946722,6.43650145428785,11.700257697928,976.681343729522
"53","073","000808",1400000US53073000808,"53073000808","8.08",Census Tract 8.08,WA,Whatcom County,Washington,CT,4112635,4823660,16.9596426946722,6.43650145428785,11.700257697928,1407.64216908975
"53","033","030306",1400000US53033030306,"53033030306","303.06",Census Tract 303.06,WA,King County,Washington,CT,3705307,630354,16.9596426946722,6.43650145428785,11.700257697928,1069.95985332048
"53","033","029004",1400000US53033029004,"53033029004","290.04",Census Tract 290.04,WA,King County,Washington,CT,1827762,0,16.9596426946722,6.43650145428785,11.700257697928,1080.68371459612
"53","033","028402",1400000US53033028402,"53033028402","284.02",Census Tract 284.02,WA,King County,Washington,CT,8518208,0,16.9596426946722,6.43650145428785,11.700257697928,1076.49748632063
"53","033","020500",1400000US53033020500,"53033020500","205",Census Tract 205,WA,King County,Washington,CT,2722041,0,16.9596426946722,6.43650145428785,11.700257697928,993.704152136058
"53","033","011101",1400000US53033011101,"53033011101","111.01",Census Tract 111.01,WA,King County,Washington,CT,1136851,0,16.9596426946722,6.43650145428785,11.700257697928,986.391915547483
"53","033","009300",1400000US53033009300,"53033009300","93",Census Tract 93,WA,King County,Washington,CT,9444110,639051,16.9596426946722,6.43650145428785,11.700257697928,989.967319886219
"53","005","010902",1400000US53005010902,"53005010902","109.02",Census Tract 109.02,WA,Benton County,Washington,CT,3129888,0,16.9596426946722,6.43650145428785,11.700257697928,204.954767744844
"53","035","080700",1400000US53035080700,"53035080700","807",Census Tract 807,WA,Kitsap County,Washington,CT,3825442,2750202,16.9596426946722,6.43650145428785,11.700257697928,1315.21597995939
"53","035","090101",1400000US53035090101,"53035090101","901.01",Census Tract 901.01,WA,Kitsap County,Washington,CT,46128023,11503686,16.9596426946722,6.43650145428785,11.700257697928,866.072190866968
"53","061","041606",1400000US53061041606,"53061041606","416.06",Census Tract 416.06,WA,Snohomish County,Washington,CT,2525930,45367,16.9596426946722,6.43650145428785,11.700257697928,1092.60648962795
"53","061","052605",1400000US53061052605,"53061052605","526.05",Census Tract 526.05,WA,Snohomish County,Washington,CT,4726710,196405,16.9596426946722,6.43650145428785,11.700257697928,1208.54340295504
"53","061","053102",1400000US53061053102,"53061053102","531.02",Census Tract 531.02,WA,Snohomish County,Washington,CT,24462308,748803,16.9596426946722,6.43650145428785,11.700257697928,1010.11052916004
"53","061","041808",1400000US53061041808,"53061041808","418.08",Census Tract 418.08,WA,Snohomish County,Washington,CT,1690175,0,16.9596426946722,6.43650145428785,11.700257697928,1085.49321989691
"53","061","040200",1400000US53061040200,"53061040200","402",Census Tract 402,WA,Snohomish County,Washington,CT,2548388,432891,16.9596426946722,6.43650145428785,11.700257697928,969.709951907599
"53","041","970700",1400000US53041970700,"53041970700","9707",Census Tract 9707,WA,Lewis County,Washington,CT,12839985,0,16.9596426946722,6.43650145428785,11.700257697928,1139.87849872091
"53","033","032331",1400000US53033032331,"53033032331","323.31",Census Tract 323.31,WA,King County,Washington,CT,1440138,0,16.9596426946722,6.43650145428785,11.700257697928,1081.17409758068
"53","033","025201",1400000US53033025201,"53033025201","252.01",Census Tract 252.01,WA,King County,Washington,CT,1699715,0,16.9596426946722,6.43650145428785,11.700257697928,1021.5452029225
"53","033","032705",1400000US53033032705,"53033032705","327.05",Census Tract 327.05,WA,King County,Washington,CT,52619291,582390,16.9596426946722,6.43650145428785,11.700257697928,2305.1246448185
"53","033","029308",1400000US53033029308,"53033029308","293.08",Census Tract 293.08,WA,King County,Washington,CT,1347848,0,16.9596426946722,6.43650145428785,11.700257697928,1074.24874021314
"53","033","029804",1400000US53033029804,"53033029804","298.04",Census Tract 298.04,WA,King County,Washington,CT,2506782,0,16.9596426946722,6.43650145428785,11.700257697928,1078.83214197275
"53","033","029206",1400000US53033029206,"53033029206","292.06",Census Tract 292.06,WA,King County,Washington,CT,17259980,232894,16.9596426946722,6.43650145428785,11.700257697928,1030.76418746645
"53","053","940010",1400000US53053940010,"53053940010","9400.10",Census Tract 9400.10,WA,Pierce County,Washington,CT,8836063,244173,16.9596426946722,6.43650145428785,11.700257697928,1050.35372507012
"53","053","072109",1400000US53053072109,"53053072109","721.09",Census Tract 721.09,WA,Pierce County,Washington,CT,3994555,10598283,16.9596426946722,6.43650145428785,11.700257697928,1085.09450309228
"53","053","072105",1400000US53053072105,"53053072105","721.05",Census Tract 721.05,WA,Pierce County,Washington,CT,4668627,21731,16.9596426946722,6.43650145428785,11.700257697928,1102.04891967014
"53","053","072903",1400000US53053072903,"53053072903","729.03",Census Tract 729.03,WA,Pierce County,Washington,CT,26515857,3275333,16.9596426946722,6.43650145428785,11.700257697928,1132.87454190711
"53","053","061002",1400000US53053061002,"53053061002","610.02",Census Tract 610.02,WA,Pierce County,Washington,CT,3029110,8198,16.9596426946722,6.43650145428785,11.700257697928,1122.33392219557
"53","053","070315",1400000US53053070315,"53053070315","703.15",Census Tract 703.15,WA,Pierce County,Washington,CT,9755619,74461,16.9596426946722,6.43650145428785,11.700257697928,1173.65872328433
"53","053","070204",1400000US53053070204,"53053070204","702.04",Census Tract 702.04,WA,Pierce County,Washington,CT,5173548,62265,16.9596426946722,6.43650145428785,11.700257697928,1213.3064406838
"53","009","001300",1400000US53009001300,"53009001300","13",Census Tract 13,WA,Clallam County,Washington,CT,10042822,3046375,16.9596426946722,6.43650145428785,11.700257697928,694.526866635884
"53","027","001300",1400000US53027001300,"53027001300","13",Census Tract 13,WA,Grays Harbor County,Washington,CT,41701694,5441342,16.9596426946722,6.43650145428785,11.700257697928,2314.54677292783
"53","029","970100",1400000US53029970100,"53029970100","9701",Census Tract 9701,WA,Island County,Washington,CT,26517420,8033108,16.9596426946722,6.43650145428785,11.700257697928,664.66850700028
"53","015","002003",1400000US53015002003,"53015002003","20.03",Census Tract 20.03,WA,Cowlitz County,Washington,CT,62993846,4636092,16.9596426946722,6.43650145428785,11.700257697928,1423.31669733527
"53","011","041208",1400000US53011041208,"53011041208","412.08",Census Tract 412.08,WA,Clark County,Washington,CT,3168016,422598,16.9596426946722,6.43650145428785,11.700257697928,1148.70483265089
"53","005","010810",1400000US53005010810,"53005010810","108.10",Census Tract 108.10,WA,Benton County,Washington,CT,5884868,30347,16.9596426946722,6.43650145428785,11.700257697928,203.560446961998
"53","005","010707",1400000US53005010707,"53005010707","107.07",Census Tract 107.07,WA,Benton County,Washington,CT,4456782,0,16.9596426946722,6.43650145428785,11.700257697928,207.704559283654
"53","005","010817",1400000US53005010817,"53005010817","108.17",Census Tract 108.17,WA,Benton County,Washington,CT,5137593,0,16.9596426946722,6.43650145428785,11.700257697928,204.222390619379
"53","035","940000",1400000US53035940000,"53035940000","9400",Census Tract 9400,WA,Kitsap County,Washington,CT,13611392,3260786,16.9596426946722,6.43650145428785,11.700257697928,951.268861673643
"53","047","970601",1400000US53047970601,"53047970601","9706.01",Census Tract 9706.01,WA,Okanogan County,Washington,CT,24995142,379568,16.9596426946722,6.43650145428785,11.700257697928,300.824357911798
"53","031","950400",1400000US53031950400,"53031950400","9504",Census Tract 9504,WA,Jefferson County,Washington,CT,35034367,91740903,16.9596426946722,6.43650145428785,11.700257697928,583.400097925311
"53","045","960600",1400000US53045960600,"53045960600","9606",Census Tract 9606,WA,Mason County,Washington,CT,50205715,701717,16.9596426946722,6.43650145428785,11.700257697928,1762.86727833852
"53","057","951700",1400000US53057951700,"53057951700","9517",Census Tract 9517,WA,Skagit County,Washington,CT,3077319,231808,16.9596426946722,6.43650145428785,11.700257697928,950.311312204649
"53","063","010301",1400000US53063010301,"53063010301","103.01",Census Tract 103.01,WA,Spokane County,Washington,CT,21539038,0,16.9596426946722,6.43650145428785,11.700257697928,545.605860394116
"53","063","011103",1400000US53063011103,"53063011103","111.03",Census Tract 111.03,WA,Spokane County,Washington,CT,1315010,0,16.9596426946722,6.43650145428785,11.700257697928,449.983960100547
"53","063","013203",1400000US53063013203,"53063013203","132.03",Census Tract 132.03,WA,Spokane County,Washington,CT,6190675,161149,16.9596426946722,6.43650145428785,11.700257697928,501.253900941988
"53","063","000302",1400000US53063000302,"53063000302","3.02",Census Tract 3.02,WA,Spokane County,Washington,CT,964053,0,16.9596426946722,6.43650145428785,11.700257697928,457.898983455829
"53","063","004002",1400000US53063004002,"53063004002","40.02",Census Tract 40.02,WA,Spokane County,Washington,CT,828547,0,16.9596426946722,6.43650145428785,11.700257697928,443.919788664184
"53","031","950502",1400000US53031950502,"53031950502","9505.02",Census Tract 9505.02,WA,Jefferson County,Washington,CT,27589162,226645857,16.9596426946722,6.43650145428785,11.700257697928,533.981732692433
"53","063","002000",1400000US53063002000,"53063002000","20",Census Tract 20,WA,Spokane County,Washington,CT,1785456,0,16.9596426946722,6.43650145428785,11.700257697928,445.158042514864
"53","065","950500",1400000US53065950500,"53065950500","9505",Census Tract 9505,WA,Stevens County,Washington,CT,7072179,0,16.9596426946722,6.43650145428785,11.700257697928,515.496257594202
"53","067","011100",1400000US53067011100,"53067011100","111",Census Tract 111,WA,Thurston County,Washington,CT,6720095,2156817,16.9596426946722,6.43650145428785,11.700257697928,1351.02491259267
"53","073","000803",1400000US53073000803,"53073000803","8.03",Census Tract 8.03,WA,Whatcom County,Washington,CT,4636236,13979,16.9596426946722,6.43650145428785,11.700257697928,1075.58297866447
"53","067","012422",1400000US53067012422,"53067012422","124.22",Census Tract 124.22,WA,Thurston County,Washington,CT,11342165,183241,16.9596426946722,6.43650145428785,11.700257697928,1210.01859929979
"53","067","011421",1400000US53067011421,"53067011421","114.21",Census Tract 114.21,WA,Thurston County,Washington,CT,1848954,0,16.9596426946722,6.43650145428785,11.700257697928,1302.15811758256
"53","033","032330",1400000US53033032330,"53033032330","323.30",Census Tract 323.30,WA,King County,Washington,CT,4649727,0,16.9596426946722,6.43650145428785,11.700257697928,1088.54539235033
"53","045","961101",1400000US53045961101,"53045961101","9611.01",Census Tract 9611.01,WA,Mason County,Washington,CT,62815655,48403000,16.9596426946722,6.43650145428785,11.700257697928,1409.85220434329
"53","037","975600",1400000US53037975600,"53037975600","9756",Census Tract 9756,WA,Kittitas County,Washington,CT,7914121,353297,16.9596426946722,6.43650145428785,11.700257697928,234.471201669855
"53","001","950301",1400000US53001950301,"53001950301","9503.01",Census Tract 9503.01,WA,Adams County,Washington,CT,431966557,0,16.9596426946722,6.43650145428785,11.700257697928,218.697223736057
"53","011","040604",1400000US53011040604,"53011040604","406.04",Census Tract 406.04,WA,Clark County,Washington,CT,22110544,0,16.9596426946722,6.43650145428785,11.700257697928,1314.29929147001
"53","073","000202",1400000US53073000202,"53073000202","2.02",Census Tract 2.02,WA,Whatcom County,Washington,CT,12549438,23009,16.9596426946722,6.43650145428785,11.700257697928,1022.70473409697
"53","025","011101",1400000US53025011101,"53025011101","111.01",Census Tract 111.01,WA,Grant County,Washington,CT,5250062,3265149,16.9596426946722,6.43650145428785,11.700257697928,198.712930770676
"53","053","072410",1400000US53053072410,"53053072410","724.10",Census Tract 724.10,WA,Pierce County,Washington,CT,13451582,24995658,16.9596426946722,6.43650145428785,11.700257697928,1143.72846697649
"53","053","940004",1400000US53053940004,"53053940004","9400.04",Census Tract 9400.04,WA,Pierce County,Washington,CT,17978201,73172,16.9596426946722,6.43650145428785,11.700257697928,1058.41894473162
"53","053","072901",1400000US53053072901,"53053072901","729.01",Census Tract 729.01,WA,Pierce County,Washington,CT,18337450,3086,16.9596426946722,6.43650145428785,11.700257697928,1110.12090158308
"53","027","000201",1400000US53027000201,"53027000201","2.01",Census Tract 2.01,WA,Grays Harbor County,Washington,CT,22410938,69521886,16.9596426946722,6.43650145428785,11.700257697928,2045.88192532307
"53","007","961301",1400000US53007961301,"53007961301","9613.01",Census Tract 9613.01,WA,Chelan County,Washington,CT,16733511,0,16.9596426946722,6.43650145428785,11.700257697928,559.858377284709
"53","021","020606",1400000US53021020606,"53021020606","206.06",Census Tract 206.06,WA,Franklin County,Washington,CT,9603769,961363,16.9596426946722,6.43650145428785,11.700257697928,196.709708838571
"53","053","073502",1400000US53053073502,"53053073502","735.02",Census Tract 735.02,WA,Pierce County,Washington,CT,7829842,21131,16.9596426946722,6.43650145428785,11.700257697928,1058.33691260946
"53","061","051402",1400000US53061051402,"53061051402","514.02",Census Tract 514.02,WA,Snohomish County,Washington,CT,2498835,34278,16.9596426946722,6.43650145428785,11.700257697928,1022.40225232256
"53","053","060907",1400000US53053060907,"53053060907","609.07",Census Tract 609.07,WA,Pierce County,Washington,CT,1299802,0,16.9596426946722,6.43650145428785,11.700257697928,1122.33392219557
"53","063","013003",1400000US53063013003,"53063013003","130.03",Census Tract 130.03,WA,Spokane County,Washington,CT,6851251,79268,16.9596426946722,6.43650145428785,11.700257697928,476.416312631707
"53","073","010201",1400000US53073010201,"53073010201","102.01",Census Tract 102.01,WA,Whatcom County,Washington,CT,79960906,1328729,16.9596426946722,6.43650145428785,11.700257697928,1546.73231039647
"53","021","020802",1400000US53021020802,"53021020802","208.02",Census Tract 208.02,WA,Franklin County,Washington,CT,578229533,694078,16.9596426946722,6.43650145428785,11.700257697928,236.617776576023
"53","005","011802",1400000US53005011802,"53005011802","118.02",Census Tract 118.02,WA,Benton County,Washington,CT,464915571,1708550,16.9596426946722,6.43650145428785,11.700257697928,231.994698831686
"53","033","032333",1400000US53033032333,"53033032333","323.33",Census Tract 323.33,WA,King County,Washington,CT,4878002,0,16.9596426946722,6.43650145428785,11.700257697928,1224.03687895148
"53","033","000101",1400000US53033000101,"53033000101","1.01",Census Tract 1.01,WA,King County,Washington,CT,414848,0,16.9596426946722,6.43650145428785,11.700257697928,977.536246669596
"53","077","001802",1400000US53077001802,"53077001802","18.02",Census Tract 18.02,WA,Yakima County,Washington,CT,55073468,1640862,16.9596426946722,6.43650145428785,11.700257697928,189.845423166215
"53","033","029701",1400000US53033029701,"53033029701","297.01",Census Tract 297.01,WA,King County,Washington,CT,3422205,19062,16.9596426946722,6.43650145428785,11.700257697928,1075.18735779644
"53","033","004101",1400000US53033004101,"53033004101","41.01",Census Tract 41.01,WA,King County,Washington,CT,1601973,3290570,16.9596426946722,6.43650145428785,11.700257697928,974.145210558992
"53","001","950100",1400000US53001950100,"53001950100","9501",Census Tract 9501,WA,Adams County,Washington,CT,1615246453,7701924,16.9596426946722,6.43650145428785,11.700257697928,300.364075532287
"53","035","091002",1400000US53035091002,"53035091002","910.02",Census Tract 910.02,WA,Kitsap County,Washington,CT,14423414,6436711,16.9596426946722,6.43650145428785,11.700257697928,1091.30198199263
"53","015","000705",1400000US53015000705,"53015000705","7.05",Census Tract 7.05,WA,Cowlitz County,Washington,CT,3169343,0,16.9596426946722,6.43650145428785,11.700257697928,1234.62158122513
"53","035","090901",1400000US53035090901,"53035090901","909.01",Census Tract 909.01,WA,Kitsap County,Washington,CT,2403387,547506,16.9596426946722,6.43650145428785,11.700257697928,1072.08302831582
"53","073","000101",1400000US53073000101,"53073000101","1.01",Census Tract 1.01,WA,Whatcom County,Washington,CT,67735803,302569,16.9596426946722,6.43650145428785,11.700257697928,1348.7521546
"53","033","004800",1400000US53033004800,"53033004800","48",Census Tract 48,WA,King County,Washington,CT,1278329,26886,16.9596426946722,6.43650145428785,11.700257697928,993.25681202142
"53","033","002700",1400000US53033002700,"53033002700","27",Census Tract 27,WA,King County,Washington,CT,1584847,0,16.9596426946722,6.43650145428785,11.700257697928,980.512403817697
"53","033","001400",1400000US53033001400,"53033001400","14",Census Tract 14,WA,King County,Washington,CT,2152767,213389,16.9596426946722,6.43650145428785,11.700257697928,977.945355601363
"53","025","010300",1400000US53025010300,"53025010300","103",Census Tract 103,WA,Grant County,Washington,CT,151754362,4091843,16.9596426946722,6.43650145428785,11.700257697928,206.585892410732
"53","071","920400",1400000US53071920400,"53071920400","9204",Census Tract 9204,WA,Walla Walla County,Washington,CT,2290820,0,16.9596426946722,6.43650145428785,11.700257697928,417.180751428722
"53","075","000800",1400000US53075000800,"53075000800","8",Census Tract 8,WA,Whitman County,Washington,CT,355058805,5684,16.9596426946722,6.43650145428785,11.700257697928,498.481584139412
"53","059","950300",1400000US53059950300,"53059950300","9503",Census Tract 9503,WA,Skamania County,Washington,CT,77730091,4199005,16.9596426946722,6.43650145428785,11.700257697928,2441.22412946904
"53","011","042800",1400000US53011042800,"53011042800","428",Census Tract 428,WA,Clark County,Washington,CT,2474030,0,16.9596426946722,6.43650145428785,11.700257697928,1116.12186657133
"53","011","040403",1400000US53011040403,"53011040403","404.03",Census Tract 404.03,WA,Clark County,Washington,CT,42438036,136003,16.9596426946722,6.43650145428785,11.700257697928,1209.8600563543
"53","073","010301",1400000US53073010301,"53073010301","103.01",Census Tract 103.01,WA,Whatcom County,Washington,CT,93093202,732550,16.9596426946722,6.43650145428785,11.700257697928,1238.79625865295
"53","053","940011",1400000US53053940011,"53053940011","9400.11",Census Tract 9400.11,WA,Pierce County,Washington,CT,3752001,0,16.9596426946722,6.43650145428785,11.700257697928,1077.19359457017
"53","035","091900",1400000US53035091900,"53035091900","919",Census Tract 919,WA,Kitsap County,Washington,CT,3957529,2173940,16.9596426946722,6.43650145428785,11.700257697928,1234.32484369614
"53","061","052113",1400000US53061052113,"53061052113","521.13",Census Tract 521.13,WA,Snohomish County,Washington,CT,22146575,184549,16.9596426946722,6.43650145428785,11.700257697928,1247.891515426
"53","061","940001",1400000US53061940001,"53061940001","9400.01",Census Tract 9400.01,WA,Snohomish County,Washington,CT,50868319,7732629,16.9596426946722,6.43650145428785,11.700257697928,982.817051067783
"53","005","010400",1400000US53005010400,"53005010400","104",Census Tract 104,WA,Benton County,Washington,CT,1502237,0,16.9596426946722,6.43650145428785,11.700257697928,192.817401392165
"53","053","072315",1400000US53053072315,"53053072315","723.15",Census Tract 723.15,WA,Pierce County,Washington,CT,4976720,9294382,16.9596426946722,6.43650145428785,11.700257697928,1087.8545269005
"53","053","071413",1400000US53053071413,"53053071413","714.13",Census Tract 714.13,WA,Pierce County,Washington,CT,9610785,0,16.9596426946722,6.43650145428785,11.700257697928,1103.32976087237
"53","011","041325",1400000US53011041325,"53011041325","413.25",Census Tract 413.25,WA,Clark County,Washington,CT,4728285,986258,16.9596426946722,6.43650145428785,11.700257697928,1179.74514319425
"53","077","940008",1400000US53077940008,"53077940008","9400.08",Census Tract 9400.08,WA,Yakima County,Washington,CT,3351657,0,16.9596426946722,6.43650145428785,11.700257697928,203.453315533616
"53","057","950801",1400000US53057950801,"53057950801","9508.01",Census Tract 9508.01,WA,Skagit County,Washington,CT,59832560,20712580,16.9596426946722,6.43650145428785,11.700257697928,875.208888381266
"53","061","051932",1400000US53061051932,"53061051932","519.32",Census Tract 519.32,WA,Snohomish County,Washington,CT,2340871,0,16.9596426946722,6.43650145428785,11.700257697928,1024.81005010867
"53","061","041610",1400000US53061041610,"53061041610","416.10",Census Tract 416.10,WA,Snohomish County,Washington,CT,1757031,0,16.9596426946722,6.43650145428785,11.700257697928,1050.44512883006
"53","045","960402",1400000US53045960402,"53045960402","9604.02",Census Tract 9604.02,WA,Mason County,Washington,CT,14732030,4529435,16.9596426946722,6.43650145428785,11.700257697928,1488.13679312802
"53","033","010102",1400000US53033010102,"53033010102","101.02",Census Tract 101.02,WA,King County,Washington,CT,1623225,2170065,16.9596426946722,6.43650145428785,11.700257697928,987.574025603419
"53","033","010302",1400000US53033010302,"53033010302","103.02",Census Tract 103.02,WA,King County,Washington,CT,632167,0,16.9596426946722,6.43650145428785,11.700257697928,988.079327128858
"53","073","010410",1400000US53073010410,"53073010410","104.10",Census Tract 104.10,WA,Whatcom County,Washington,CT,24348923,876736,16.9596426946722,6.43650145428785,11.700257697928,1181.02793731242
"53","025","010903",1400000US53025010903,"53025010903","109.03",Census Tract 109.03,WA,Grant County,Washington,CT,6205939,109560,16.9596426946722,6.43650145428785,11.700257697928,199.161441993512
"53","055","960301",1400000US53055960301,"53055960301","9603.01",Census Tract 9603.01,WA,San Juan County,Washington,CT,87832207,64988452,16.9596426946722,6.43650145428785,11.700257697928,731.531510177767
"53","039","950301",1400000US53039950301,"53039950301","9503.01",Census Tract 9503.01,WA,Klickitat County,Washington,CT,6476968,1861679,16.9596426946722,6.43650145428785,11.700257697928,812.264097699914
"53","063","013201",1400000US53063013201,"53063013201","132.01",Census Tract 132.01,WA,Spokane County,Washington,CT,27266374,450670,16.9596426946722,6.43650145428785,11.700257697928,502.730316120469
"53","033","029208",1400000US53033029208,"53033029208","292.08",Census Tract 292.08,WA,King County,Washington,CT,1978624,423,16.9596426946722,6.43650145428785,11.700257697928,1067.80161678165
"53","033","031202",1400000US53033031202,"53033031202","312.02",Census Tract 312.02,WA,King County,Washington,CT,66574091,1019606,16.9596426946722,6.43650145428785,11.700257697928,1230.4848635926
"53","033","022701",1400000US53033022701,"53033022701","227.01",Census Tract 227.01,WA,King County,Washington,CT,1607170,600718,16.9596426946722,6.43650145428785,11.700257697928,1028.05638666434
"53","033","021802",1400000US53033021802,"53033021802","218.02",Census Tract 218.02,WA,King County,Washington,CT,4892727,0,16.9596426946722,6.43650145428785,11.700257697928,1079.010057095
"53","033","001702",1400000US53033001702,"53033001702","17.02",Census Tract 17.02,WA,King County,Washington,CT,1280220,0,16.9596426946722,6.43650145428785,11.700257697928,977.945355601363
"53","011","040610",1400000US53011040610,"53011040610","406.10",Census Tract 406.10,WA,Clark County,Washington,CT,2983967,62122,16.9596426946722,6.43650145428785,11.700257697928,1292.79912292409
"53","049","950600",1400000US53049950600,"53049950600","9506",Census Tract 9506,WA,Pacific County,Washington,CT,3297023,1093177,16.9596426946722,6.43650145428785,11.700257697928,1963.14971982674
"53","067","012720",1400000US53067012720,"53067012720","127.20",Census Tract 127.20,WA,Thurston County,Washington,CT,77445187,1485698,16.9596426946722,6.43650145428785,11.700257697928,1281.72863229453
"53","061","051922",1400000US53061051922,"53061051922","519.22",Census Tract 519.22,WA,Snohomish County,Washington,CT,3641791,0,16.9596426946722,6.43650145428785,11.700257697928,1050.89666959304
"53","033","022001",1400000US53033022001,"53033022001","220.01",Census Tract 220.01,WA,King County,Washington,CT,4477540,0,16.9596426946722,6.43650145428785,11.700257697928,1054.99582370291
"53","033","032601",1400000US53033032601,"53033032601","326.01",Census Tract 326.01,WA,King County,Washington,CT,61227726,1116537,16.9596426946722,6.43650145428785,11.700257697928,1601.50513591861
"53","033","030309",1400000US53033030309,"53033030309","303.09",Census Tract 303.09,WA,King County,Washington,CT,2194432,27034,16.9596426946722,6.43650145428785,11.700257697928,1111.43122202949
"53","033","029001",1400000US53033029001,"53033029001","290.01",Census Tract 290.01,WA,King County,Washington,CT,2565840,1021619,16.9596426946722,6.43650145428785,11.700257697928,1033.21947294579
"53","033","025804",1400000US53033025804,"53033025804","258.04",Census Tract 258.04,WA,King County,Washington,CT,2364694,0,16.9596426946722,6.43650145428785,11.700257697928,1125.65430032212
"53","033","020401",1400000US53033020401,"53033020401","204.01",Census Tract 204.01,WA,King County,Washington,CT,2313023,0,16.9596426946722,6.43650145428785,11.700257697928,1006.03727740083
"53","033","009400",1400000US53033009400,"53033009400","94",Census Tract 94,WA,King County,Washington,CT,1686311,0,16.9596426946722,6.43650145428785,11.700257697928,989.867029298226
"53","033","001300",1400000US53033001300,"53033001300","13",Census Tract 13,WA,King County,Washington,CT,1180877,0,16.9596426946722,6.43650145428785,11.700257697928,979.39018080918
"53","015","002100",1400000US53015002100,"53015002100","21",Census Tract 21,WA,Cowlitz County,Washington,CT,3463643,349406,16.9596426946722,6.43650145428785,11.700257697928,1211.7676059573
"53","007","960600",1400000US53007960600,"53007960600","9606",Census Tract 9606,WA,Chelan County,Washington,CT,9113451,399351,16.9596426946722,6.43650145428785,11.700257697928,450.179360093029
"53","035","092500",1400000US53035092500,"53035092500","925",Census Tract 925,WA,Kitsap County,Washington,CT,12149522,4087083,16.9596426946722,6.43650145428785,11.700257697928,1241.06157986196
"53","061","052709",1400000US53061052709,"53061052709","527.09",Census Tract 527.09,WA,Snohomish County,Washington,CT,20141505,0,16.9596426946722,6.43650145428785,11.700257697928,1216.36174349019
"53","061","051500",1400000US53061051500,"53061051500","515",Census Tract 515,WA,Snohomish County,Washington,CT,3280836,0,16.9596426946722,6.43650145428785,11.700257697928,1021.01069431607
"53","061","052504",1400000US53061052504,"53061052504","525.04",Census Tract 525.04,WA,Snohomish County,Washington,CT,7876008,0,16.9596426946722,6.43650145428785,11.700257697928,1131.62005049044
"53","009","000300",1400000US53009000300,"53009000300","3",Census Tract 3,WA,Clallam County,Washington,CT,57464341,98801,16.9596426946722,6.43650145428785,11.700257697928,3013.53522791585
"53","057","951600",1400000US53057951600,"53057951600","9516",Census Tract 9516,WA,Skagit County,Washington,CT,33613637,506151,16.9596426946722,6.43650145428785,11.700257697928,1027.65407829822
"53","063","004500",1400000US53063004500,"53063004500","45",Census Tract 45,WA,Spokane County,Washington,CT,2602604,21837,16.9596426946722,6.43650145428785,11.700257697928,480.907728321394
"53","063","011400",1400000US53063011400,"53063011400","114",Census Tract 114,WA,Spokane County,Washington,CT,23478418,256058,16.9596426946722,6.43650145428785,11.700257697928,507.043073477038
"53","061","051602",1400000US53061051602,"53061051602","516.02",Census Tract 516.02,WA,Snohomish County,Washington,CT,2051403,0,16.9596426946722,6.43650145428785,11.700257697928,1026.43410197953
"53","033","025101",1400000US53033025101,"53033025101","251.01",Census Tract 251.01,WA,King County,Washington,CT,2935516,0,16.9596426946722,6.43650145428785,11.700257697928,1185.99936502397
"53","067","012620",1400000US53067012620,"53067012620","126.20",Census Tract 126.20,WA,Thurston County,Washington,CT,153916985,2280615,16.9596426946722,6.43650145428785,11.700257697928,1297.67132923282
"53","077","001702",1400000US53077001702,"53077001702","17.02",Census Tract 17.02,WA,Yakima County,Washington,CT,82590919,982958,16.9596426946722,6.43650145428785,11.700257697928,211.372639707644
"53","057","952403",1400000US53057952403,"53057952403","9524.03",Census Tract 9524.03,WA,Skagit County,Washington,CT,10957121,0,16.9596426946722,6.43650145428785,11.700257697928,1033.50795233338
"53","057","952304",1400000US53057952304,"53057952304","9523.04",Census Tract 9523.04,WA,Skagit County,Washington,CT,11617856,1010811,16.9596426946722,6.43650145428785,11.700257697928,1003.55887486484
"53","061","052120",1400000US53061052120,"53061052120","521.20",Census Tract 521.20,WA,Snohomish County,Washington,CT,1630868,0,16.9596426946722,6.43650145428785,11.700257697928,1102.99468769133
"53","033","024200",1400000US53033024200,"53033024200","242",Census Tract 242,WA,King County,Washington,CT,3704669,11442083,16.9596426946722,6.43650145428785,11.700257697928,981.14755937192
"53","033","010900",1400000US53033010900,"53033010900","109",Census Tract 109,WA,King County,Washington,CT,5389781,414929,16.9596426946722,6.43650145428785,11.700257697928,992.167729024907
"53","053","940013",1400000US53053940013,"53053940013","9400.13",Census Tract 9400.13,WA,Pierce County,Washington,CT,1628599,121638,16.9596426946722,6.43650145428785,11.700257697928,1052.62554559709
"53","045","960301",1400000US53045960301,"53045960301","9603.01",Census Tract 9603.01,WA,Mason County,Washington,CT,142686181,39367500,16.9596426946722,6.43650145428785,11.700257697928,1823.05127984865
"53","063","004602",1400000US53063004602,"53063004602","46.02",Census Tract 46.02,WA,Spokane County,Washington,CT,1643406,0,16.9596426946722,6.43650145428785,11.700257697928,511.595226572116
"53","033","029306",1400000US53033029306,"53033029306","293.06",Census Tract 293.06,WA,King County,Washington,CT,2372866,182821,16.9596426946722,6.43650145428785,11.700257697928,1121.37025566847
"53","005","011202",1400000US53005011202,"53005011202","112.02",Census Tract 112.02,WA,Benton County,Washington,CT,1051656,0,16.9596426946722,6.43650145428785,11.700257697928,201.669220244698
"53","067","012223",1400000US53067012223,"53067012223","122.23",Census Tract 122.23,WA,Thurston County,Washington,CT,4289882,0,16.9596426946722,6.43650145428785,11.700257697928,1312.60803559652
"53","033","011001",1400000US53033011001,"53033011001","110.01",Census Tract 110.01,WA,King County,Washington,CT,1080391,0,16.9596426946722,6.43650145428785,11.700257697928,986.391915547483
"53","011","041107",1400000US53011041107,"53011041107","411.07",Census Tract 411.07,WA,Clark County,Washington,CT,2032058,0,16.9596426946722,6.43650145428785,11.700257697928,1160.66348697381
"53","063","011000",1400000US53063011000,"53063011000","110",Census Tract 110,WA,Spokane County,Washington,CT,1960787,0,16.9596426946722,6.43650145428785,11.700257697928,447.83804034213
"53","077","001202",1400000US53077001202,"53077001202","12.02",Census Tract 12.02,WA,Yakima County,Washington,CT,2787809,0,16.9596426946722,6.43650145428785,11.700257697928,215.630047828596
"53","009","001702",1400000US53009001702,"53009001702","17.02",Census Tract 17.02,WA,Clallam County,Washington,CT,20814604,12141012,16.9596426946722,6.43650145428785,11.700257697928,487.991537026807
"53","033","010502",1400000US53033010502,"53033010502","105.02",Census Tract 105.02,WA,King County,Washington,CT,975912,0,16.9596426946722,6.43650145428785,11.700257697928,1019.66691668964
"53","061","053507",1400000US53061053507,"53061053507","535.07",Census Tract 535.07,WA,Snohomish County,Washington,CT,4771004,0,16.9596426946722,6.43650145428785,11.700257697928,1241.60834201112
"53","073","000402",1400000US53073000402,"53073000402","4.02",Census Tract 4.02,WA,Whatcom County,Washington,CT,1866264,530062,16.9596426946722,6.43650145428785,11.700257697928,952.349021612777
"53","033","008003",1400000US53033008003,"53033008003","80.03",Census Tract 80.03,WA,King County,Washington,CT,197152,0,16.9596426946722,6.43650145428785,11.700257697928,999.249814735668
"53","011","041104",1400000US53011041104,"53011041104","411.04",Census Tract 411.04,WA,Clark County,Washington,CT,1882889,0,16.9596426946722,6.43650145428785,11.700257697928,1160.66348697381
"53","053","940005",1400000US53053940005,"53053940005","9400.05",Census Tract 9400.05,WA,Pierce County,Washington,CT,4256512,0,16.9596426946722,6.43650145428785,11.700257697928,1075.00513179164
"53","033","007902",1400000US53033007902,"53033007902","79.02",Census Tract 79.02,WA,King County,Washington,CT,431244,0,16.9596426946722,6.43650145428785,11.700257697928,990.991927169971
"53","053","073404",1400000US53053073404,"53053073404","734.04",Census Tract 734.04,WA,Pierce County,Washington,CT,6370780,32560,16.9596426946722,6.43650145428785,11.700257697928,1065.24346640771
"53","021","020403",1400000US53021020403,"53021020403","204.03",Census Tract 204.03,WA,Franklin County,Washington,CT,1149310,0,16.9596426946722,6.43650145428785,11.700257697928,202.619177011114
"53","011","040707",1400000US53011040707,"53011040707","407.07",Census Tract 407.07,WA,Clark County,Washington,CT,1649911,0,16.9596426946722,6.43650145428785,11.700257697928,1192.22823299778
"53","033","025007",1400000US53033025007,"53033025007","250.07",Census Tract 250.07,WA,King County,Washington,CT,4176855,0,16.9596426946722,6.43650145428785,11.700257697928,1261.55520019303
"53","033","021702",1400000US53033021702,"53033021702","217.02",Census Tract 217.02,WA,King County,Washington,CT,3048769,0,16.9596426946722,6.43650145428785,11.700257697928,1026.42575967041
"53","033","022401",1400000US53033022401,"53033022401","224.01",Census Tract 224.01,WA,King County,Washington,CT,2402491,0,16.9596426946722,6.43650145428785,11.700257697928,1052.13820981212
"53","011","041328",1400000US53011041328,"53011041328","413.28",Census Tract 413.28,WA,Clark County,Washington,CT,5485547,0,16.9596426946722,6.43650145428785,11.700257697928,1213.60828492493
"53","011","040908",1400000US53011040908,"53011040908","409.08",Census Tract 409.08,WA,Clark County,Washington,CT,4375369,0,16.9596426946722,6.43650145428785,11.700257697928,1056.05214894325
"53","015","001503",1400000US53015001503,"53015001503","15.03",Census Tract 15.03,WA,Cowlitz County,Washington,CT,37560462,338626,16.9596426946722,6.43650145428785,11.700257697928,1676.24893780731
"53","063","013502",1400000US53063013502,"53063013502","135.02",Census Tract 135.02,WA,Spokane County,Washington,CT,55946542,17671,16.9596426946722,6.43650145428785,11.700257697928,504.163462310249
"53","007","960804",1400000US53007960804,"53007960804","9608.04",Census Tract 9608.04,WA,Chelan County,Washington,CT,5200818,664754,16.9596426946722,6.43650145428785,11.700257697928,236.949620688236
"53","063","011104",1400000US53063011104,"53063011104","111.04",Census Tract 111.04,WA,Spokane County,Washington,CT,602180,0,16.9596426946722,6.43650145428785,11.700257697928,452.643251769092
"53","063","013204",1400000US53063013204,"53063013204","132.04",Census Tract 132.04,WA,Spokane County,Washington,CT,20217211,1282764,16.9596426946722,6.43650145428785,11.700257697928,505.211165336412
"53","063","013001",1400000US53063013001,"53063013001","130.01",Census Tract 130.01,WA,Spokane County,Washington,CT,1821667,0,16.9596426946722,6.43650145428785,11.700257697928,481.554446679311
"53","075","000201",1400000US53075000201,"53075000201","2.01",Census Tract 2.01,WA,Whitman County,Washington,CT,107067961,0,16.9596426946722,6.43650145428785,11.700257697928,531.42771686036
"53","033","004500",1400000US53033004500,"53033004500","45",Census Tract 45,WA,King County,Washington,CT,670997,0,16.9596426946722,6.43650145428785,11.700257697928,981.634626826213
"53","033","002500",1400000US53033002500,"53033002500","25",Census Tract 25,WA,King County,Washington,CT,984334,0,16.9596426946722,6.43650145428785,11.700257697928,968.32313075772
"53","033","022702",1400000US53033022702,"53033022702","227.02",Census Tract 227.02,WA,King County,Washington,CT,2457576,0,16.9596426946722,6.43650145428785,11.700257697928,1028.05638666434
"53","033","030801",1400000US53033030801,"53033030801","308.01",Census Tract 308.01,WA,King County,Washington,CT,6956937,33590,16.9596426946722,6.43650145428785,11.700257697928,1104.08590465496
"53","033","001100",1400000US53033001100,"53033001100","11",Census Tract 11,WA,King County,Washington,CT,1060685,0,16.9596426946722,6.43650145428785,11.700257697928,972.05203622145
"53","061","042006",1400000US53061042006,"53061042006","420.06",Census Tract 420.06,WA,Snohomish County,Washington,CT,2671654,0,16.9596426946722,6.43650145428785,11.700257697928,1028.74080092544
"53","061","053301",1400000US53061053301,"53061053301","533.01",Census Tract 533.01,WA,Snohomish County,Washington,CT,24670663,3357540,16.9596426946722,6.43650145428785,11.700257697928,857.792048464556
"53","061","041601",1400000US53061041601,"53061041601","416.01",Census Tract 416.01,WA,Snohomish County,Washington,CT,4672491,0,16.9596426946722,6.43650145428785,11.700257697928,1070.32368847516
"53","061","042003",1400000US53061042003,"53061042003","420.03",Census Tract 420.03,WA,Snohomish County,Washington,CT,2759142,593374,16.9596426946722,6.43650145428785,11.700257697928,1017.31856777996
"53","053","072802",1400000US53053072802,"53053072802","728.02",Census Tract 728.02,WA,Pierce County,Washington,CT,4363074,0,16.9596426946722,6.43650145428785,11.700257697928,1174.76956241387
"53","041","970300",1400000US53041970300,"53041970300","9703",Census Tract 9703,WA,Lewis County,Washington,CT,15086734,487775,16.9596426946722,6.43650145428785,11.700257697928,1139.36120528211
"53","033","029304",1400000US53033029304,"53033029304","293.04",Census Tract 293.04,WA,King County,Washington,CT,4162138,507,16.9596426946722,6.43650145428785,11.700257697928,1106.70618200452
"53","033","028300",1400000US53033028300,"53033028300","283",Census Tract 283,WA,King County,Washington,CT,8153490,139520,16.9596426946722,6.43650145428785,11.700257697928,1068.91127801062
"53","009","001100",1400000US53009001100,"53009001100","11",Census Tract 11,WA,Clallam County,Washington,CT,11069938,4358,16.9596426946722,6.43650145428785,11.700257697928,1123.25890885901
"53","035","080500",1400000US53035080500,"53035080500","805",Census Tract 805,WA,Kitsap County,Washington,CT,1037718,1499176,16.9596426946722,6.43650145428785,11.700257697928,1226.86443705893
"53","033","031302",1400000US53033031302,"53033031302","313.02",Census Tract 313.02,WA,King County,Washington,CT,10837906,111632,16.9596426946722,6.43650145428785,11.700257697928,1251.11308665894
"53","033","026200",1400000US53033026200,"53033026200","262",Census Tract 262,WA,King County,Washington,CT,15386966,508436,16.9596426946722,6.43650145428785,11.700257697928,1022.16668479224
"53","033","031906",1400000US53033031906,"53033031906","319.06",Census Tract 319.06,WA,King County,Washington,CT,10565748,589118,16.9596426946722,6.43650145428785,11.700257697928,1216.64098578411
"53","033","009900",1400000US53033009900,"53033009900","99",Census Tract 99,WA,King County,Washington,CT,6565170,2370735,16.9596426946722,6.43650145428785,11.700257697928,1005.77524867105
"53","067","012420",1400000US53067012420,"53067012420","124.20",Census Tract 124.20,WA,Thurston County,Washington,CT,87389253,1694577,16.9596426946722,6.43650145428785,11.700257697928,1266.80277240619
"53","073","010303",1400000US53073010303,"53073010303","103.03",Census Tract 103.03,WA,Whatcom County,Washington,CT,22858409,71281,16.9596426946722,6.43650145428785,11.700257697928,1359.38631805921
"53","029","972000",1400000US53029972000,"53029972000","9720",Census Tract 9720,WA,Island County,Washington,CT,47747369,13174654,16.9596426946722,6.43650145428785,11.700257697928,773.411574616032
"53","045","960800",1400000US53045960800,"53045960800","9608",Census Tract 9608,WA,Mason County,Washington,CT,13556998,1568835,16.9596426946722,6.43650145428785,11.700257697928,1674.87235552573
"53","057","952600",1400000US53057952600,"53057952600","9526",Census Tract 9526,WA,Skagit County,Washington,CT,16954407,1106782,16.9596426946722,6.43650145428785,11.700257697928,927.82373036665
"53","063","004400",1400000US53063004400,"53063004400","44",Census Tract 44,WA,Spokane County,Washington,CT,2053023,0,16.9596426946722,6.43650145428785,11.700257697928,480.907728321394
"53","077","940006",1400000US53077940006,"53077940006","9400.06",Census Tract 9400.06,WA,Yakima County,Washington,CT,4504123,0,16.9596426946722,6.43650145428785,11.700257697928,197.450874057169
"53","033","025304",1400000US53033025304,"53033025304","253.04",Census Tract 253.04,WA,King County,Washington,CT,1854877,2019824,16.9596426946722,6.43650145428785,11.700257697928,1027.01996084193
"53","053","073130",1400000US53053073130,"53053073130","731.30",Census Tract 731.30,WA,Pierce County,Washington,CT,15751722,6944,16.9596426946722,6.43650145428785,11.700257697928,1148.33221370931
"53","063","014100",1400000US53063014100,"53063014100","141",Census Tract 141,WA,Spokane County,Washington,CT,280731602,1465005,16.9596426946722,6.43650145428785,11.700257697928,449.196073338248
"53","061","050403",1400000US53061050403,"53061050403","504.03",Census Tract 504.03,WA,Snohomish County,Washington,CT,2292771,0,16.9596426946722,6.43650145428785,11.700257697928,977.372396656799
"53","033","027902",1400000US53033027902,"53033027902","279.02",Census Tract 279.02,WA,King County,Washington,CT,1488964,0,16.9596426946722,6.43650145428785,11.700257697928,1042.9727660691
"53","053","073302",1400000US53053073302,"53053073302","733.02",Census Tract 733.02,WA,Pierce County,Washington,CT,2963983,111738,16.9596426946722,6.43650145428785,11.700257697928,1094.1381860276
"53","053","073406",1400000US53053073406,"53053073406","734.06",Census Tract 734.06,WA,Pierce County,Washington,CT,4356552,55002,16.9596426946722,6.43650145428785,11.700257697928,1072.17738983581
"53","053","071805",1400000US53053071805,"53053071805","718.05",Census Tract 718.05,WA,Pierce County,Washington,CT,1349186,0,16.9596426946722,6.43650145428785,11.700257697928,1098.93252590423
"53","053","071210",1400000US53053071210,"53053071210","712.10",Census Tract 712.10,WA,Pierce County,Washington,CT,8733369,49946,16.9596426946722,6.43650145428785,11.700257697928,1087.8179702574
"53","053","071207",1400000US53053071207,"53053071207","712.07",Census Tract 712.07,WA,Pierce County,Washington,CT,4852543,38129,16.9596426946722,6.43650145428785,11.700257697928,1084.10794548063
"53","053","062000",1400000US53053062000,"53053062000","620",Census Tract 620,WA,Pierce County,Washington,CT,2065339,33947,16.9596426946722,6.43650145428785,11.700257697928,1065.99395159496
"53","005","011600",1400000US53005011600,"53005011600","116",Census Tract 116,WA,Benton County,Washington,CT,1547789604,90837515,16.9596426946722,6.43650145428785,11.700257697928,226.000726985016
"53","077","002101",1400000US53077002101,"53077002101","21.01",Census Tract 21.01,WA,Yakima County,Washington,CT,192781563,0,16.9596426946722,6.43650145428785,11.700257697928,213.568370217077
