Cancer.Site,Stage.At.Diagnosis,Geography,Year,Age.Group,Gender,Race,Average.Annual.Population,Average.Annual.Observations,Age.Adj..Rate.per.100.000,X95..CI,counties
All,All,Adams,2018-2022,All,Male,All,10551,36,392.4,"[335.7, 457.1]",Adams
All,All,Adams,2018-2022,All,Female,All,10078,30,327.2,"[276.5, 384.9]",Adams
All,All,Adams,2018-2022,All,All,All,20630,67,358.2,"[320.2, 399.8]",Adams
All,All,Asotin,2018-2022,All,Male,All,10865,61,355.4,"[313.7, 402.8]",Asotin
All,All,Asotin,2018-2022,All,Female,All,11471,60,360,"[316.3, 409.5]",Asotin
All,All,Asotin,2018-2022,All,All,All,22336,121,357.3,"[326.8, 390.6]",Asotin
All,All,Benton,2018-2022,All,Male,All,102466,497,429.1,"[411.9, 446.9]",Benton
All,All,Benton,2018-2022,All,Female,All,103559,539,443.9,"[426.8, 461.6]",Benton
All,All,Benton,2018-2022,All,All,All,206025,1036,434.3,"[422.2, 446.6]",Benton
All,All,Chelan,2018-2022,All,Male,All,39569,308,563,"[534.2, 593.3]",Chelan
All,All,Chelan,2018-2022,All,Female,All,39471,274,489.2,"[462.1, 517.8]",Chelan
All,All,Chelan,2018-2022,All,All,All,79040,582,522.1,"[502.5, 542.5]",Chelan
All,All,Clallam,2018-2022,All,Male,All,37791,453,608.2,"[580.9, 637.1]",Clallam
All,All,Clallam,2018-2022,All,Female,All,39105,375,511.7,"[484.3, 540.7]",Clallam
All,All,Clallam,2018-2022,All,All,All,76896,829,553.7,"[534.5, 573.8]",Clallam
All,All,Clark,2018-2022,All,Male,All,248051,1155,408.3,"[397.6, 419.4]",Clark
All,All,Clark,2018-2022,All,Female,All,253740,1322,418.4,"[408.1, 428.9]",Clark
All,All,Clark,2018-2022,All,All,All,501791,2477,410,"[402.7, 417.5]",Clark
All,All,Columbia,2018-2022,All,Male,All,1963,14,374.8,"[286.4, 498.8]",Columbia
All,All,Columbia,2018-2022,All,Female,All,1994,13,394.3,"[289.1, 541.4]",Columbia
All,All,Columbia,2018-2022,All,All,All,3957,27,381.4,"[312.1, 468.7]",Columbia
All,All,Cowlitz,2018-2022,All,Male,All,54735,310,411.6,"[390.6, 433.6]",Cowlitz
All,All,Cowlitz,2018-2022,All,Female,All,55601,317,409.2,"[388.2, 431.2]",Cowlitz
All,All,Cowlitz,2018-2022,All,All,All,110335,627,407.8,"[393.0, 423.1]",Cowlitz
All,All,Douglas,2018-2022,All,Male,All,21598,137,505.6,"[467.4, 546.6]",Douglas
All,All,Douglas,2018-2022,All,Female,All,21244,137,508.4,"[469.7, 549.9]",Douglas
All,All,Douglas,2018-2022,All,All,All,42842,275,504.3,"[477.2, 532.9]",Douglas
All,All,Ferry,2018-2022,All,Male,All,3674,21,296.5,"[235.7, 377.2]",Ferry
All,All,Ferry,2018-2022,All,Female,All,3561,20,326.5,"[258.6, 416.3]",Ferry
All,All,Ferry,2018-2022,All,All,All,7234,41,310.1,"[264.0, 365.9]",Ferry
All,All,Franklin,2018-2022,All,Male,All,49721,162,408.9,"[379.9, 439.8]",Franklin
All,All,Franklin,2018-2022,All,Female,All,46721,168,411.2,"[383.3, 440.9]",Franklin
All,All,Franklin,2018-2022,All,All,All,96442,329,406.9,"[386.9, 427.8]",Franklin
All,All,Garfield,2018-2022,All,Male,All,1158,6,294,"[183.1, 477.2]",Garfield
All,All,Garfield,2018-2022,All,Female,All,1127,7,472.6,"[312.9, 726.6]",Garfield
All,All,Garfield,2018-2022,All,All,All,2285,13,384.4,"[285.1, 519.5]",Garfield
All,All,Grant,2018-2022,All,Male,All,50797,243,448.6,"[423.2, 475.3]",Grant
All,All,Grant,2018-2022,All,Female,All,48337,213,393.7,"[369.9, 418.9]",Grant
All,All,Grant,2018-2022,All,All,All,99134,456,418,"[400.6, 435.9]",Grant
All,All,Grays Harbor,2018-2022,All,Male,All,38516,325,550,"[522.1, 579.5]",Grays Harbor
All,All,Grays Harbor,2018-2022,All,Female,All,37011,292,503.5,"[475.9, 532.7]",Grays Harbor
All,All,Grays Harbor,2018-2022,All,All,All,75528,617,523.2,"[503.7, 543.5]",Grays Harbor
All,All,Island,2018-2022,All,Male,All,42803,408,578.4,"[551.9, 606.5]",Island
All,All,Island,2018-2022,All,Female,All,43712,370,520.3,"[493.8, 548.3]",Island
All,All,Island,2018-2022,All,All,All,86515,778,544.5,"[525.8, 563.9]",Island
All,All,Jefferson,2018-2022,All,Male,All,16132,231,587.1,"[548.3, 630.5]",Jefferson
All,All,Jefferson,2018-2022,All,Female,All,16754,180,509.8,"[467.8, 557.5]",Jefferson
All,All,Jefferson,2018-2022,All,All,All,32885,410,545.4,"[516.8, 576.5]",Jefferson
All,All,King,2018-2022,All,Male,All,1131256,5875,518.5,"[512.4, 524.7]",King
All,All,King,2018-2022,All,Female,All,1126672,6466,507.6,"[502.0, 513.3]",King
All,All,King,2018-2022,All,All,All,2257928,12346,505.8,"[501.8, 509.9]",King
All,All,Kitsap,2018-2022,All,Male,All,139034,1023,574.8,"[558.5, 591.5]",Kitsap
All,All,Kitsap,2018-2022,All,Female,All,136133,942,504.7,"[489.6, 520.3]",Kitsap
All,All,Kitsap,2018-2022,All,All,All,275167,1965,533,"[522.1, 544.2]",Kitsap
All,All,Kittitas,2018-2022,All,Male,All,22970,130,454,"[418.1, 492.8]",Kittitas
All,All,Kittitas,2018-2022,All,Female,All,22723,103,366.6,"[333.9, 402.4]",Kittitas
All,All,Kittitas,2018-2022,All,All,All,45694,234,407.6,"[383.4, 433.2]",Kittitas
All,All,Klickitat,2018-2022,All,Male,All,11595,76,397.1,"[355.5, 444.0]",Klickitat
All,All,Klickitat,2018-2022,All,Female,All,11088,70,398.3,"[354.0, 448.6]",Klickitat
All,All,Klickitat,2018-2022,All,All,All,22683,146,396.9,"[366.4, 430.1]",Klickitat
All,All,Lewis,2018-2022,All,Male,All,41031,255,430.4,"[406.0, 456.3]",Lewis
All,All,Lewis,2018-2022,All,Female,All,40899,265,449.8,"[424.1, 476.9]",Lewis
All,All,Lewis,2018-2022,All,All,All,81930,520,438.3,"[420.6, 456.6]",Lewis
All,All,Lincoln,2018-2022,All,Male,All,5482,36,355.6,"[301.6, 421.8]",Lincoln
All,All,Lincoln,2018-2022,All,Female,All,5407,34,396.4,"[332.1, 474.2]",Lincoln
All,All,Lincoln,2018-2022,All,All,All,10889,70,376,"[333.5, 424.8]",Lincoln
All,All,Mason,2018-2022,All,Male,All,33617,296,543,"[514.1, 573.7]",Mason
All,All,Mason,2018-2022,All,Female,All,31866,271,523.6,"[493.5, 555.7]",Mason
All,All,Mason,2018-2022,All,All,All,65483,567,529.9,"[509.1, 551.5]",Mason
All,All,Okanogan,2018-2022,All,Male,All,21691,177,508,"[472.7, 546.0]",Okanogan
All,All,Okanogan,2018-2022,All,Female,All,20525,144,474.8,"[437.6, 515.2]",Okanogan
All,All,Okanogan,2018-2022,All,All,All,42216,321,490.2,"[464.6, 517.2]",Okanogan
All,All,Pacific,2018-2022,All,Male,All,11571,103,446.5,"[404.7, 493.9]",Pacific
All,All,Pacific,2018-2022,All,Female,All,11646,99,428.1,"[385.1, 477.7]",Pacific
All,All,Pacific,2018-2022,All,All,All,23217,202,435.7,"[405.7, 468.7]",Pacific
All,All,Pend Oreille,2018-2022,All,Male,All,6803,41,326.6,"[277.7, 385.6]",Pend Oreille
All,All,Pend Oreille,2018-2022,All,Female,All,6614,45,403.5,"[345.6, 472.7]",Pend Oreille
All,All,Pend Oreille,2018-2022,All,All,All,13417,87,365.9,"[327.6, 409.3]",Pend Oreille
All,All,Pierce,2018-2022,All,Male,All,454927,2611,537.7,"[528.3, 547.4]",Pierce
All,All,Pierce,2018-2022,All,Female,All,461772,2784,513,"[504.3, 521.8]",Pierce
All,All,Pierce,2018-2022,All,All,All,916699,5397,518.9,"[512.6, 525.3]",Pierce
All,All,San Juan,2018-2022,All,Male,All,8612,107,560.9,"[508.1, 622.7]",San Juan
All,All,San Juan,2018-2022,All,Female,All,9085,87,516.1,"[459.6, 582.5]",San Juan
All,All,San Juan,2018-2022,All,All,All,17697,195,540.1,"[500.8, 583.8]",San Juan
All,All,Skagit,2018-2022,All,Male,All,63522,514,551.1,"[529.2, 574.0]",Skagit
All,All,Skagit,2018-2022,All,Female,All,65419,485,508.5,"[486.9, 531.1]",Skagit
All,All,Skagit,2018-2022,All,All,All,128941,999,524.8,"[509.5, 540.6]",Skagit
All,All,Skamania,2018-2022,All,Male,All,5931,35,382.3,"[323.0, 454.2]",Skamania
All,All,Skamania,2018-2022,All,Female,All,5706,33,409.2,"[344.4, 487.7]",Skamania
All,All,Skamania,2018-2022,All,All,All,11637,68,394.7,"[350.5, 445.4]",Skamania
All,All,Snohomish,2018-2022,All,Male,All,411644,2365,536.9,"[526.8, 547.1]",Snohomish
All,All,Snohomish,2018-2022,All,Female,All,414096,2626,533.2,"[523.9, 542.7]",Snohomish
All,All,Snohomish,2018-2022,All,All,All,825740,4992,528.7,"[522.0, 535.5]",Snohomish
All,All,Spokane,2018-2022,All,Male,All,265853,1147,360.4,"[350.9, 370.2]",Spokane
All,All,Spokane,2018-2022,All,Female,All,271281,1418,414.1,"[404.1, 424.3]",Spokane
All,All,Spokane,2018-2022,All,All,All,537133,2568,385.9,"[379.0, 392.8]",Spokane
All,All,Stevens,2018-2022,All,Male,All,23263,123,320.4,"[293.3, 350.3]",Stevens
All,All,Stevens,2018-2022,All,Female,All,23122,135,379,"[347.7, 413.3]",Stevens
All,All,Stevens,2018-2022,All,All,All,46385,258,349.2,"[328.4, 371.4]",Stevens
All,All,Thurston,2018-2022,All,Male,All,143216,975,552.3,"[536.5, 568.6]",Thurston
All,All,Thurston,2018-2022,All,Female,All,150490,1068,540.7,"[525.7, 556.1]",Thurston
All,All,Thurston,2018-2022,All,All,All,293706,2044,540.8,"[530.0, 551.8]",Thurston
All,All,Wahkiakum,2018-2022,All,Male,All,2194,21,473.3,"[377.4, 611.3]",Wahkiakum
All,All,Wahkiakum,2018-2022,All,Female,All,2223,16,455.8,"[343.5, 609.1]",Wahkiakum
All,All,Wahkiakum,2018-2022,All,All,All,4418,36,460,"[385.5, 552.7]",Wahkiakum
All,All,Walla Walla,2018-2022,All,Male,All,31610,162,390.9,"[363.7, 420.1]",Walla Walla
All,All,Walla Walla,2018-2022,All,Female,All,30608,159,394.1,"[365.2, 425.1]",Walla Walla
All,All,Walla Walla,2018-2022,All,All,All,62218,321,386.7,"[367.1, 407.3]",Walla Walla
All,All,Whatcom,2018-2022,All,Male,All,111033,787,563.6,"[545.6, 582.2]",Whatcom
All,All,Whatcom,2018-2022,All,Female,All,114724,737,498.2,"[481.4, 515.6]",Whatcom
All,All,Whatcom,2018-2022,All,All,All,225757,1524,524.2,"[512.1, 536.7]",Whatcom
All,All,Whitman,2018-2022,All,Male,All,23510,44,210.7,"[182.8, 242.3]",Whitman
All,All,Whitman,2018-2022,All,Female,All,23582,63,298.6,"[265.2, 335.6]",Whitman
All,All,Whitman,2018-2022,All,All,All,47092,107,254.1,"[232.3, 277.8]",Whitman
All,All,Yakima,2018-2022,All,Male,All,128323,584,433.2,"[417.3, 449.6]",Yakima
All,All,Yakima,2018-2022,All,Female,All,128350,613,429.3,"[413.8, 445.2]",Yakima
All,All,Yakima,2018-2022,All,All,All,256672,1197,428.1,"[417.1, 439.3]",Yakima
All,In situ,Adams,2018-2022,All,Male,All,10551,NR,NR,NR,Adams
All,In situ,Adams,2018-2022,All,Female,All,10078,2,26.1,"[13.4, 46.6]",Adams
All,In situ,Adams,2018-2022,All,All,All,20630,4,22.4,"[13.6, 35.2]",Adams
All,In situ,Asotin,2018-2022,All,Male,All,10865,6,32.8,"[21.5, 50.5]",Asotin
All,In situ,Asotin,2018-2022,All,Female,All,11471,7,41.6,"[27.5, 62.3]",Asotin
All,In situ,Asotin,2018-2022,All,All,All,22336,13,37.1,"[27.8, 49.5]",Asotin
All,In situ,Benton,2018-2022,All,Male,All,102466,47,40.9,"[35.6, 46.7]",Benton
All,In situ,Benton,2018-2022,All,Female,All,103559,58,48.6,"[43.0, 54.9]",Benton
All,In situ,Benton,2018-2022,All,All,All,206025,104,44.4,"[40.5, 48.5]",Benton
All,In situ,Chelan,2018-2022,All,Male,All,39569,44,79.9,"[69.4, 91.9]",Chelan
All,In situ,Chelan,2018-2022,All,Female,All,39471,39,69.8,"[59.7, 81.4]",Chelan
All,In situ,Chelan,2018-2022,All,All,All,79040,83,73.4,"[66.2, 81.4]",Chelan
All,In situ,Clallam,2018-2022,All,Male,All,37791,67,84.6,"[75.1, 95.6]",Clallam
All,In situ,Clallam,2018-2022,All,Female,All,39105,54,74.0,"[63.7, 86.2]",Clallam
All,In situ,Clallam,2018-2022,All,All,All,76896,121,78.2,"[71.2, 86.0]",Clallam
All,In situ,Clark,2018-2022,All,Male,All,248051,102,36.9,"[33.6, 40.3]",Clark
All,In situ,Clark,2018-2022,All,Female,All,253740,157,49.4,"[45.9, 53.2]",Clark
All,In situ,Clark,2018-2022,All,All,All,501791,259,42.8,"[40.4, 45.2]",Clark
All,In situ,Columbia,2018-2022,All,Male,All,1963,NR,NR,NR,Columbia
All,In situ,Columbia,2018-2022,All,Female,All,1994,NR,NR,NR,Columbia
All,In situ,Columbia,2018-2022,All,All,All,3957,NR,NR,NR,Columbia
All,In situ,Cowlitz,2018-2022,All,Male,All,54735,24,30.7,"[25.3, 37.2]",Cowlitz
All,In situ,Cowlitz,2018-2022,All,Female,All,55601,29,38.5,"[32.2, 46.0]",Cowlitz
All,In situ,Cowlitz,2018-2022,All,All,All,110335,54,34.5,"[30.3, 39.2]",Cowlitz
All,In situ,Douglas,2018-2022,All,Male,All,21598,19,69.9,"[56.3, 86.5]",Douglas
All,In situ,Douglas,2018-2022,All,Female,All,21244,16,63.0,"[49.7, 79.4]",Douglas
All,In situ,Douglas,2018-2022,All,All,All,42842,36,65.7,"[56.1, 76.7]",Douglas
All,In situ,Ferry,2018-2022,All,Male,All,3674,NR,NR,NR,Ferry
All,In situ,Ferry,2018-2022,All,Female,All,3561,NR,NR,NR,Ferry
All,In situ,Ferry,2018-2022,All,All,All,7234,3,16.9,"[8.3, 38.4]",Ferry
All,In situ,Franklin,2018-2022,All,Male,All,49721,12,32.7,"[24.7, 42.9]",Franklin
All,In situ,Franklin,2018-2022,All,Female,All,46721,15,37.8,"[29.7, 47.6]",Franklin
All,In situ,Franklin,2018-2022,All,All,All,96442,28,34.8,"[29.1, 41.4]",Franklin
All,In situ,Garfield,2018-2022,All,Male,All,1158,NR,NR,NR,Garfield
All,In situ,Garfield,2018-2022,All,Female,All,1127,NR,NR,NR,Garfield
All,In situ,Garfield,2018-2022,All,All,All,2285,NR,NR,NR,Garfield
All,In situ,Grant,2018-2022,All,Male,All,50797,21,39.4,"[32.2, 48.1]",Grant
All,In situ,Grant,2018-2022,All,Female,All,48337,20,36.2,"[29.2, 44.5]",Grant
All,In situ,Grant,2018-2022,All,All,All,99134,41,37.2,"[32.2, 42.9]",Grant
All,In situ,Grays Harbor,2018-2022,All,Male,All,38516,25,40.2,"[33.1, 48.8]",Grays Harbor
All,In situ,Grays Harbor,2018-2022,All,Female,All,37011,33,58.6,"[49.2, 69.8]",Grays Harbor
All,In situ,Grays Harbor,2018-2022,All,All,All,75528,58,48.9,"[43.1, 55.6]",Grays Harbor
All,In situ,Island,2018-2022,All,Male,All,42803,63,89.5,"[79.3, 101.2]",Island
All,In situ,Island,2018-2022,All,Female,All,43712,57,81.6,"[71.1, 93.7]",Island
All,In situ,Island,2018-2022,All,All,All,86515,120,84.6,"[77.3, 92.7]",Island
All,In situ,Jefferson,2018-2022,All,Male,All,16132,42,103.8,"[88.7, 124.1]",Jefferson
All,In situ,Jefferson,2018-2022,All,Female,All,16754,33,105.7,"[85.9, 132.2]",Jefferson
All,In situ,Jefferson,2018-2022,All,All,All,32885,75,104.6,"[91.9, 120.1]",Jefferson
All,In situ,King,2018-2022,All,Male,All,1131256,785,70.5,"[68.2, 72.8]",King
All,In situ,King,2018-2022,All,Female,All,1126672,1115,88.1,"[85.8, 90.5]",King
All,In situ,King,2018-2022,All,All,All,2257928,1900,78.1,"[76.5, 79.7]",King
All,In situ,Kitsap,2018-2022,All,Male,All,139034,122,67.2,"[61.8, 73.1]",Kitsap
All,In situ,Kitsap,2018-2022,All,Female,All,136133,143,78.2,"[72.3, 84.7]",Kitsap
All,In situ,Kitsap,2018-2022,All,All,All,275167,265,72.1,"[68.1, 76.3]",Kitsap
All,In situ,Kittitas,2018-2022,All,Male,All,22970,16,55.6,"[43.6, 70.9]",Kittitas
All,In situ,Kittitas,2018-2022,All,Female,All,22723,13,50.7,"[38.6, 66.2]",Kittitas
All,In situ,Kittitas,2018-2022,All,All,All,45694,29,52.7,"[44.1, 62.8]",Kittitas
All,In situ,Klickitat,2018-2022,All,Male,All,11595,7,35.2,"[23.9, 52.7]",Klickitat
All,In situ,Klickitat,2018-2022,All,Female,All,11088,7,39.2,"[26.9, 58.3]",Klickitat
All,In situ,Klickitat,2018-2022,All,All,All,22683,14,37.3,"[28.7, 48.9]",Klickitat
All,In situ,Lewis,2018-2022,All,Male,All,41031,22,38.1,"[31.1, 46.6]",Lewis
All,In situ,Lewis,2018-2022,All,Female,All,40899,26,48.4,"[39.7, 58.8]",Lewis
All,In situ,Lewis,2018-2022,All,All,All,81930,48,42.8,"[37.2, 49.2]",Lewis
All,In situ,Lincoln,2018-2022,All,Male,All,5482,2,22.6,"[10.8, 50.7]",Lincoln
All,In situ,Lincoln,2018-2022,All,Female,All,5407,4,64.0,"[37.5, 107.1]",Lincoln
All,In situ,Lincoln,2018-2022,All,All,All,10889,7,42.9,"[28.0, 65.5]",Lincoln
All,In situ,Mason,2018-2022,All,Male,All,33617,34,59.4,"[50.6, 70.1]",Mason
All,In situ,Mason,2018-2022,All,Female,All,31866,36,70.6,"[59.5, 83.8]",Mason
All,In situ,Mason,2018-2022,All,All,All,65483,70,64.0,"[57.0, 71.9]",Mason
All,In situ,Okanogan,2018-2022,All,Male,All,21691,18,52.4,"[41.6, 65.9]",Okanogan
All,In situ,Okanogan,2018-2022,All,Female,All,20525,15,52.3,"[40.1, 68.2]",Okanogan
All,In situ,Okanogan,2018-2022,All,All,All,42216,34,51.7,"[43.6, 61.3]",Okanogan
All,In situ,Pacific,2018-2022,All,Male,All,11571,9,38.3,"[26.6, 56.5]",Pacific
All,In situ,Pacific,2018-2022,All,Female,All,11646,8,33.2,"[22.1, 52.6]",Pacific
All,In situ,Pacific,2018-2022,All,All,All,23217,17,35.5,"[27.3, 47.1]",Pacific
All,In situ,Pend Oreille,2018-2022,All,Male,All,6803,NR,NR,NR,Pend Oreille
All,In situ,Pend Oreille,2018-2022,All,Female,All,6614,7,57.3,"[37.5, 90.0]",Pend Oreille
All,In situ,Pend Oreille,2018-2022,All,All,All,13417,8,32.7,"[22.2, 49.1]",Pend Oreille
All,In situ,Pierce,2018-2022,All,Male,All,454927,260,55.2,"[52.2, 58.4]",Pierce
All,In situ,Pierce,2018-2022,All,Female,All,461772,367,68.1,"[64.9, 71.4]",Pierce
All,In situ,Pierce,2018-2022,All,All,All,916699,628,60.8,"[58.6, 63.0]",Pierce
All,In situ,San Juan,2018-2022,All,Male,All,8612,16,85.2,"[65.6, 115.2]",San Juan
All,In situ,San Juan,2018-2022,All,Female,All,9085,12,71.7,"[51.3, 103.7]",San Juan
All,In situ,San Juan,2018-2022,All,All,All,17697,28,78.8,"[64.2, 98.5]",San Juan
All,In situ,Skagit,2018-2022,All,Male,All,63522,64,68.4,"[60.8, 76.8]",Skagit
All,In situ,Skagit,2018-2022,All,Female,All,65419,73,75.1,"[66.9, 84.1]",Skagit
All,In situ,Skagit,2018-2022,All,All,All,128941,137,71.2,"[65.6, 77.2]",Skagit
All,In situ,Skamania,2018-2022,All,Male,All,5931,2,25.7,"[12.6, 54.7]",Skamania
All,In situ,Skamania,2018-2022,All,Female,All,5706,3,35.8,"[18.4, 70.4]",Skamania
All,In situ,Skamania,2018-2022,All,All,All,11637,5,30.4,"[19.1, 49.4]",Skamania
All,In situ,Snohomish,2018-2022,All,Male,All,411644,273,63.3,"[59.9, 66.9]",Snohomish
All,In situ,Snohomish,2018-2022,All,Female,All,414096,395,79.1,"[75.6, 82.8]",Snohomish
All,In situ,Snohomish,2018-2022,All,All,All,825740,668,70.2,"[67.8, 72.7]",Snohomish
All,In situ,Spokane,2018-2022,All,Male,All,265853,66,21.5,"[19.2, 24.1]",Spokane
All,In situ,Spokane,2018-2022,All,Female,All,271281,172,50.7,"[47.2, 54.4]",Spokane
All,In situ,Spokane,2018-2022,All,All,All,537133,238,36.2,"[34.1, 38.4]",Spokane
All,In situ,Stevens,2018-2022,All,Male,All,23263,6,15.1,"[9.8, 23.5]",Stevens
All,In situ,Stevens,2018-2022,All,Female,All,23122,14,38.4,"[28.7, 51.4]",Stevens
All,In situ,Stevens,2018-2022,All,All,All,46385,20,26.7,"[21.1, 33.9]",Stevens
All,In situ,Thurston,2018-2022,All,Male,All,143216,120,68.9,"[63.3, 74.9]",Thurston
All,In situ,Thurston,2018-2022,All,Female,All,150490,156,80.5,"[74.7, 86.7]",Thurston
All,In situ,Thurston,2018-2022,All,All,All,293706,276,73.9,"[69.9, 78.0]",Thurston
All,In situ,Wahkiakum,2018-2022,All,Male,All,2194,2,57.7,"[27.1, 145.2]",Wahkiakum
All,In situ,Wahkiakum,2018-2022,All,Female,All,2223,NR,NR,NR,Wahkiakum
All,In situ,Wahkiakum,2018-2022,All,All,All,4418,4,65.4,"[35.6, 118.8]",Wahkiakum
All,In situ,Walla Walla,2018-2022,All,Male,All,31610,10,23.2,"[17.1, 31.3]",Walla Walla
All,In situ,Walla Walla,2018-2022,All,Female,All,30608,17,41.6,"[32.6, 52.7]",Walla Walla
All,In situ,Walla Walla,2018-2022,All,All,All,62218,27,32.2,"[26.8, 38.7]",Walla Walla
All,In situ,Whatcom,2018-2022,All,Male,All,111033,99,71.2,"[64.8, 78.0]",Whatcom
All,In situ,Whatcom,2018-2022,All,Female,All,114724,118,80.3,"[73.6, 87.5]",Whatcom
All,In situ,Whatcom,2018-2022,All,All,All,225757,217,74.9,"[70.3, 79.8]",Whatcom
All,In situ,Whitman,2018-2022,All,Male,All,23510,3,14.3,"[7.8, 25.2]",Whitman
All,In situ,Whitman,2018-2022,All,Female,All,23582,6,29.5,"[19.6, 43.3]",Whitman
All,In situ,Whitman,2018-2022,All,All,All,47092,9,21.6,"[15.6, 29.6]",Whitman
All,In situ,Yakima,2018-2022,All,Male,All,128323,48,36.2,"[31.7, 41.2]",Yakima
All,In situ,Yakima,2018-2022,All,Female,All,128350,59,40.9,"[36.3, 46.0]",Yakima
All,In situ,Yakima,2018-2022,All,All,All,256672,108,38.0,"[34.8, 41.4]",Yakima
All,Invasive,Adams,2018-2022,All,Male,All,10551,35,374.9,"[319.8, 438.1]",Adams
All,Invasive,Adams,2018-2022,All,Female,All,10078,28,301,"[252.6, 356.5]",Adams
All,Invasive,Adams,2018-2022,All,All,All,20630,63,335.8,"[299.1, 376.1]",Adams
All,Invasive,Asotin,2018-2022,All,Male,All,10865,55,322.6,"[282.8, 368.2]",Asotin
All,Invasive,Asotin,2018-2022,All,Female,All,11471,53,318.4,"[277.5, 365.1]",Asotin
All,Invasive,Asotin,2018-2022,All,All,All,22336,108,320.2,"[291.4, 351.9]",Asotin
All,Invasive,Benton,2018-2022,All,Male,All,102466,450,388.2,"[371.9, 405.1]",Benton
All,Invasive,Benton,2018-2022,All,Female,All,103559,482,395.3,"[379.2, 411.9]",Benton
All,Invasive,Benton,2018-2022,All,All,All,206025,932,389.9,"[378.5, 401.6]",Benton
All,Invasive,Chelan,2018-2022,All,Male,All,39569,264,483.1,"[456.4, 511.3]",Chelan
All,Invasive,Chelan,2018-2022,All,Female,All,39471,235,419.4,"[394.4, 446.0]",Chelan
All,Invasive,Chelan,2018-2022,All,All,All,79040,499,448.7,"[430.5, 467.7]",Chelan
All,Invasive,Clallam,2018-2022,All,Male,All,37791,387,523.6,"[498.1, 550.8]",Clallam
All,Invasive,Clallam,2018-2022,All,Female,All,39105,321,437.6,"[412.4, 464.6]",Clallam
All,Invasive,Clallam,2018-2022,All,All,All,76896,708,475.6,"[457.7, 494.2]",Clallam
All,Invasive,Clark,2018-2022,All,Male,All,248051,1054,371.5,"[361.2, 382.0]",Clark
All,Invasive,Clark,2018-2022,All,Female,All,253740,1165,368.9,"[359.3, 378.9]",Clark
All,Invasive,Clark,2018-2022,All,All,All,501791,2219,367.3,"[360.3, 374.4]",Clark
All,Invasive,Columbia,2018-2022,All,Male,All,1963,13,352.9,"[267.8, 473.5]",Columbia
All,Invasive,Columbia,2018-2022,All,Female,All,1994,12,340.2,"[245.9, 476.3]",Columbia
All,Invasive,Columbia,2018-2022,All,All,All,3957,25,344.6,"[280.2, 426.6]",Columbia
All,Invasive,Cowlitz,2018-2022,All,Male,All,54735,286,380.8,"[360.6, 402.1]",Cowlitz
All,Invasive,Cowlitz,2018-2022,All,Female,All,55601,288,370.6,"[350.7, 391.6]",Cowlitz
All,Invasive,Cowlitz,2018-2022,All,All,All,110335,573,373.3,"[359.2, 387.9]",Cowlitz
All,Invasive,Douglas,2018-2022,All,Male,All,21598,118,435.7,"[400.2, 473.9]",Douglas
All,Invasive,Douglas,2018-2022,All,Female,All,21244,121,445.3,"[409.3, 484.3]",Douglas
All,Invasive,Douglas,2018-2022,All,All,All,42842,239,438.7,"[413.4, 465.4]",Douglas
All,Invasive,Ferry,2018-2022,All,Male,All,3674,20,284.8,"[224.9, 365.0]",Ferry
All,Invasive,Ferry,2018-2022,All,Female,All,3561,19,305.2,"[239.4, 393.0]",Ferry
All,Invasive,Ferry,2018-2022,All,All,All,7234,39,293.1,"[248.2, 347.9]",Ferry
All,Invasive,Franklin,2018-2022,All,Male,All,49721,149,376.2,"[348.5, 405.9]",Franklin
All,Invasive,Franklin,2018-2022,All,Female,All,46721,152,373.5,"[346.8, 401.9]",Franklin
All,Invasive,Franklin,2018-2022,All,All,All,96442,302,372.1,"[353.0, 392.1]",Franklin
All,Invasive,Garfield,2018-2022,All,Male,All,1158,5,272.7,"[164.7, 454.2]",Garfield
All,Invasive,Garfield,2018-2022,All,Female,All,1127,7,431.7,"[280.1, 678.5]",Garfield
All,Invasive,Garfield,2018-2022,All,All,All,2285,12,354.9,"[259.2, 486.7]",Garfield
All,Invasive,Grant,2018-2022,All,Male,All,50797,222,409.2,"[384.9, 434.7]",Grant
All,Invasive,Grant,2018-2022,All,Female,All,48337,193,357.6,"[334.8, 381.7]",Grant
All,Invasive,Grant,2018-2022,All,All,All,99134,415,380.7,"[364.2, 397.9]",Grant
All,Invasive,Grays Harbor,2018-2022,All,Male,All,38516,300,509.9,"[482.9, 538.4]",Grays Harbor
All,Invasive,Grays Harbor,2018-2022,All,Female,All,37011,259,444.8,"[419.0, 472.3]",Grays Harbor
All,Invasive,Grays Harbor,2018-2022,All,All,All,75528,559,474.3,"[455.7, 493.6]",Grays Harbor
All,Invasive,Island,2018-2022,All,Male,All,42803,345,489,"[464.6, 514.8]",Island
All,Invasive,Island,2018-2022,All,Female,All,43712,313,438.7,"[414.5, 464.4]",Island
All,Invasive,Island,2018-2022,All,All,All,86515,659,459.9,"[442.8, 477.7]",Island
All,Invasive,Jefferson,2018-2022,All,Male,All,16132,189,483.3,"[447.7, 523.4]",Jefferson
All,Invasive,Jefferson,2018-2022,All,Female,All,16754,147,404,"[367.4, 446.4]",Jefferson
All,Invasive,Jefferson,2018-2022,All,All,All,32885,335,440.8,"[415.3, 468.8]",Jefferson
All,Invasive,King,2018-2022,All,Male,All,1131256,5090,448,"[442.4, 453.7]",King
All,Invasive,King,2018-2022,All,Female,All,1126672,5351,419.5,"[414.4, 424.6]",King
All,Invasive,King,2018-2022,All,All,All,2257928,10446,427.7,"[424.0, 431.5]",King
All,Invasive,Kitsap,2018-2022,All,Male,All,139034,901,507.5,"[492.2, 523.3]",Kitsap
All,Invasive,Kitsap,2018-2022,All,Female,All,136133,798,426.5,"[412.6, 440.8]",Kitsap
All,Invasive,Kitsap,2018-2022,All,All,All,275167,1700,461,"[450.8, 471.4]",Kitsap
All,Invasive,Kittitas,2018-2022,All,Male,All,22970,115,398.3,"[364.8, 434.9]",Kittitas
All,Invasive,Kittitas,2018-2022,All,Female,All,22723,90,315.9,"[285.8, 349.1]",Kittitas
All,Invasive,Kittitas,2018-2022,All,All,All,45694,205,354.9,"[332.4, 378.9]",Kittitas
All,Invasive,Klickitat,2018-2022,All,Male,All,11595,69,361.9,"[322.2, 407.1]",Klickitat
All,Invasive,Klickitat,2018-2022,All,Female,All,11088,62,359.1,"[316.8, 407.4]",Klickitat
All,Invasive,Klickitat,2018-2022,All,All,All,22683,132,359.6,"[330.5, 391.5]",Klickitat
All,Invasive,Lewis,2018-2022,All,Male,All,41031,233,392.3,"[369.0, 417.1]",Lewis
All,Invasive,Lewis,2018-2022,All,Female,All,40899,240,401.3,"[377.3, 426.8]",Lewis
All,Invasive,Lewis,2018-2022,All,All,All,81930,473,395.5,"[378.8, 412.9]",Lewis
All,Invasive,Lincoln,2018-2022,All,Male,All,5482,33,333,"[280.8, 397.5]",Lincoln
All,Invasive,Lincoln,2018-2022,All,Female,All,5407,30,332.4,"[275.1, 403.0]",Lincoln
All,Invasive,Lincoln,2018-2022,All,All,All,10889,63,333.1,"[293.8, 378.7]",Lincoln
All,Invasive,Mason,2018-2022,All,Male,All,33617,262,483.6,"[456.2, 512.8]",Mason
All,Invasive,Mason,2018-2022,All,Female,All,31866,235,453,"[425.2, 482.8]",Mason
All,Invasive,Mason,2018-2022,All,All,All,65483,497,465.9,"[446.4, 486.2]",Mason
All,Invasive,Okanogan,2018-2022,All,Male,All,21691,158,455.6,"[422.2, 491.8]",Okanogan
All,Invasive,Okanogan,2018-2022,All,Female,All,20525,129,422.4,"[387.6, 460.6]",Okanogan
All,Invasive,Okanogan,2018-2022,All,All,All,42216,288,438.5,"[414.3, 464.1]",Okanogan
All,Invasive,Pacific,2018-2022,All,Male,All,11571,94,408.3,"[368.4, 453.7]",Pacific
All,Invasive,Pacific,2018-2022,All,Female,All,11646,91,394.9,"[353.7, 442.8]",Pacific
All,Invasive,Pacific,2018-2022,All,All,All,23217,185,400.2,"[371.5, 431.9]",Pacific
All,Invasive,Pend Oreille,2018-2022,All,Male,All,6803,40,318.9,"[270.4, 377.5]",Pend Oreille
All,Invasive,Pend Oreille,2018-2022,All,Female,All,6614,38,346.2,"[292.5, 411.4]",Pend Oreille
All,Invasive,Pend Oreille,2018-2022,All,All,All,13417,79,333.2,"[296.6, 374.9]",Pend Oreille
All,Invasive,Pierce,2018-2022,All,Male,All,454927,2350,482.5,"[473.5, 491.6]",Pierce
All,Invasive,Pierce,2018-2022,All,Female,All,461772,2417,444.9,"[436.8, 453.1]",Pierce
All,Invasive,Pierce,2018-2022,All,All,All,916699,4769,458.1,"[452.2, 464.1]",Pierce
All,Invasive,San Juan,2018-2022,All,Male,All,8612,91,475.7,"[427.1, 533.4]",San Juan
All,Invasive,San Juan,2018-2022,All,Female,All,9085,75,444.4,"[392.2, 506.5]",San Juan
All,Invasive,San Juan,2018-2022,All,All,All,17697,166,461.3,"[425.1, 502.0]",San Juan
All,Invasive,Skagit,2018-2022,All,Male,All,63522,450,482.8,"[462.2, 504.2]",Skagit
All,Invasive,Skagit,2018-2022,All,Female,All,65419,412,433.5,"[413.5, 454.4]",Skagit
All,Invasive,Skagit,2018-2022,All,All,All,128941,863,453.6,"[439.4, 468.3]",Skagit
All,Invasive,Skamania,2018-2022,All,Male,All,5931,33,356.6,"[299.2, 426.6]",Skamania
All,Invasive,Skamania,2018-2022,All,Female,All,5706,30,373.4,"[311.8, 448.7]",Skamania
All,Invasive,Skamania,2018-2022,All,All,All,11637,63,364.3,"[321.8, 413.2]",Skamania
All,Invasive,Snohomish,2018-2022,All,Male,All,411644,2092,473.5,"[464.1, 483.1]",Snohomish
All,Invasive,Snohomish,2018-2022,All,Female,All,414096,2231,454.1,"[445.6, 462.9]",Snohomish
All,Invasive,Snohomish,2018-2022,All,All,All,825740,4324,458.5,"[452.2, 464.8]",Snohomish
All,Invasive,Spokane,2018-2022,All,Male,All,265853,1081,338.9,"[329.7, 348.4]",Spokane
All,Invasive,Spokane,2018-2022,All,Female,All,271281,1247,363.4,"[354.0, 373.0]",Spokane
All,Invasive,Spokane,2018-2022,All,All,All,537133,2330,349.7,"[343.1, 356.3]",Spokane
All,Invasive,Stevens,2018-2022,All,Male,All,23263,117,305.4,"[278.8, 334.7]",Stevens
All,Invasive,Stevens,2018-2022,All,Female,All,23122,121,340.6,"[311.0, 373.1]",Stevens
All,Invasive,Stevens,2018-2022,All,All,All,46385,238,322.4,"[302.5, 343.8]",Stevens
All,Invasive,Thurston,2018-2022,All,Male,All,143216,856,483.4,"[468.6, 498.6]",Thurston
All,Invasive,Thurston,2018-2022,All,Female,All,150490,911,460.2,"[446.4, 474.4]",Thurston
All,Invasive,Thurston,2018-2022,All,All,All,293706,1768,467,"[457.0, 477.2]",Thurston
All,Invasive,Wahkiakum,2018-2022,All,Male,All,2194,18,415.6,"[326.5, 547.3]",Wahkiakum
All,Invasive,Wahkiakum,2018-2022,All,Female,All,2223,14,381.7,"[283.7, 520.3]",Wahkiakum
All,Invasive,Wahkiakum,2018-2022,All,All,All,4418,33,394.5,"[327.9, 479.3]",Wahkiakum
All,Invasive,Walla Walla,2018-2022,All,Male,All,31610,152,367.8,"[341.3, 396.1]",Walla Walla
All,Invasive,Walla Walla,2018-2022,All,Female,All,30608,142,352.5,"[325.2, 382.0]",Walla Walla
All,Invasive,Walla Walla,2018-2022,All,All,All,62218,294,354.5,"[335.7, 374.2]",Walla Walla
All,Invasive,Whatcom,2018-2022,All,Male,All,111033,688,492.5,"[475.6, 509.9]",Whatcom
All,Invasive,Whatcom,2018-2022,All,Female,All,114724,619,417.9,"[402.6, 433.8]",Whatcom
All,Invasive,Whatcom,2018-2022,All,All,All,225757,1307,449.3,"[438.1, 460.8]",Whatcom
All,Invasive,Whitman,2018-2022,All,Male,All,23510,41,196.4,"[169.5, 227.0]",Whitman
All,Invasive,Whitman,2018-2022,All,Female,All,23582,57,269.1,"[237.5, 304.4]",Whitman
All,Invasive,Whitman,2018-2022,All,All,All,47092,98,232.5,"[211.7, 255.2]",Whitman
All,Invasive,Yakima,2018-2022,All,Male,All,128323,536,397,"[381.8, 412.7]",Yakima
All,Invasive,Yakima,2018-2022,All,Female,All,128350,553,388.4,"[373.7, 403.5]",Yakima
All,Invasive,Yakima,2018-2022,All,All,All,256672,1090,390.1,"[379.7, 400.9]",Yakima
"Anus, anal canal and anorectum",All,Adams,2018-2022,All,Male,All,10551,NR,NR,NR,Adams
"Anus, anal canal and anorectum",All,Adams,2018-2022,All,Female,All,10078,NR,NR,NR,Adams
"Anus, anal canal and anorectum",All,Adams,2018-2022,All,All,All,20630,NR,NR,NR,Adams
"Anus, anal canal and anorectum",All,Asotin,2018-2022,All,Male,All,10865,NR,NR,NR,Asotin
"Anus, anal canal and anorectum",All,Asotin,2018-2022,All,Female,All,11471,NR,NR,NR,Asotin
"Anus, anal canal and anorectum",All,Asotin,2018-2022,All,All,All,22336,NR,NR,NR,Asotin
"Anus, anal canal and anorectum",All,Benton,2018-2022,All,Male,All,102466,NR,NR,NR,Benton
"Anus, anal canal and anorectum",All,Benton,2018-2022,All,Female,All,103559,5,3.8,"[2.4, 5.9]",Benton
"Anus, anal canal and anorectum",All,Benton,2018-2022,All,All,All,206025,6,2.7,"[1.8, 3.9]",Benton
"Anus, anal canal and anorectum",All,Chelan,2018-2022,All,Male,All,39569,NR,NR,NR,Chelan
"Anus, anal canal and anorectum",All,Chelan,2018-2022,All,Female,All,39471,2,2.9,"[1.4, 6.3]",Chelan
"Anus, anal canal and anorectum",All,Chelan,2018-2022,All,All,All,79040,3,2.6,"[1.4, 4.7]",Chelan
"Anus, anal canal and anorectum",All,Clallam,2018-2022,All,Male,All,37791,4,5.3,"[3.1, 9.6]",Clallam
"Anus, anal canal and anorectum",All,Clallam,2018-2022,All,Female,All,39105,3,3.3,"[1.5, 7.4]",Clallam
"Anus, anal canal and anorectum",All,Clallam,2018-2022,All,All,All,76896,7,4.2,"[2.7, 6.7]",Clallam
"Anus, anal canal and anorectum",All,Clark,2018-2022,All,Male,All,248051,7,2.3,"[1.6, 3.3]",Clark
"Anus, anal canal and anorectum",All,Clark,2018-2022,All,Female,All,253740,11,3.3,"[2.5, 4.5]",Clark
"Anus, anal canal and anorectum",All,Clark,2018-2022,All,All,All,501791,17,2.9,"[2.3, 3.6]",Clark
"Anus, anal canal and anorectum",All,Columbia,2018-2022,All,Male,All,1963,NR,NR,NR,Columbia
"Anus, anal canal and anorectum",All,Columbia,2018-2022,All,Female,All,1994,NR,NR,NR,Columbia
"Anus, anal canal and anorectum",All,Columbia,2018-2022,All,All,All,3957,NR,NR,NR,Columbia
"Anus, anal canal and anorectum",All,Cowlitz,2018-2022,All,Male,All,54735,NR,NR,NR,Cowlitz
"Anus, anal canal and anorectum",All,Cowlitz,2018-2022,All,Female,All,55601,3,4.0,"[2.1, 7.2]",Cowlitz
"Anus, anal canal and anorectum",All,Cowlitz,2018-2022,All,All,All,110335,4,2.5,"[1.4, 4.2]",Cowlitz
"Anus, anal canal and anorectum",All,Douglas,2018-2022,All,Male,All,21598,NR,NR,NR,Douglas
"Anus, anal canal and anorectum",All,Douglas,2018-2022,All,Female,All,21244,NR,NR,NR,Douglas
"Anus, anal canal and anorectum",All,Douglas,2018-2022,All,All,All,42842,NR,NR,NR,Douglas
"Anus, anal canal and anorectum",All,Ferry,2018-2022,All,Male,All,3674,NR,NR,NR,Ferry
"Anus, anal canal and anorectum",All,Ferry,2018-2022,All,Female,All,3561,NR,NR,NR,Ferry
"Anus, anal canal and anorectum",All,Ferry,2018-2022,All,All,All,7234,NR,NR,NR,Ferry
"Anus, anal canal and anorectum",All,Franklin,2018-2022,All,Male,All,49721,NR,NR,NR,Franklin
"Anus, anal canal and anorectum",All,Franklin,2018-2022,All,Female,All,46721,NR,NR,NR,Franklin
"Anus, anal canal and anorectum",All,Franklin,2018-2022,All,All,All,96442,NR,NR,NR,Franklin
"Anus, anal canal and anorectum",All,Garfield,2018-2022,All,Male,All,1158,NR,NR,NR,Garfield
"Anus, anal canal and anorectum",All,Garfield,2018-2022,All,Female,All,1127,NR,NR,NR,Garfield
"Anus, anal canal and anorectum",All,Garfield,2018-2022,All,All,All,2285,NR,NR,NR,Garfield
"Anus, anal canal and anorectum",All,Grant,2018-2022,All,Male,All,50797,NR,NR,NR,Grant
"Anus, anal canal and anorectum",All,Grant,2018-2022,All,Female,All,48337,2,3.3,"[1.6, 6.5]",Grant
"Anus, anal canal and anorectum",All,Grant,2018-2022,All,All,All,99134,3,2.8,"[1.6, 4.7]",Grant
"Anus, anal canal and anorectum",All,Grays Harbor,2018-2022,All,Male,All,38516,2,4.0,"[1.8, 8.2]",Grays Harbor
"Anus, anal canal and anorectum",All,Grays Harbor,2018-2022,All,Female,All,37011,4,7.8,"[4.5, 13.1]",Grays Harbor
"Anus, anal canal and anorectum",All,Grays Harbor,2018-2022,All,All,All,75528,6,5.9,"[3.8, 8.9]",Grays Harbor
"Anus, anal canal and anorectum",All,Island,2018-2022,All,Male,All,42803,3,6.3,"[3.5, 11.0]",Island
"Anus, anal canal and anorectum",All,Island,2018-2022,All,Female,All,43712,3,3.2,"[1.6, 6.6]",Island
"Anus, anal canal and anorectum",All,Island,2018-2022,All,All,All,86515,6,4.6,"[3.0, 7.1]",Island
"Anus, anal canal and anorectum",All,Jefferson,2018-2022,All,Male,All,16132,2,7.6,"[3.4, 19.3]",Jefferson
"Anus, anal canal and anorectum",All,Jefferson,2018-2022,All,Female,All,16754,NR,NR,NR,Jefferson
"Anus, anal canal and anorectum",All,Jefferson,2018-2022,All,All,All,32885,4,6.0,"[3.3, 12.6]",Jefferson
"Anus, anal canal and anorectum",All,King,2018-2022,All,Male,All,1131256,93,7.7,"[7.0, 8.5]",King
"Anus, anal canal and anorectum",All,King,2018-2022,All,Female,All,1126672,41,3.1,"[2.7, 3.6]",King
"Anus, anal canal and anorectum",All,King,2018-2022,All,All,All,2257928,135,5.5,"[5.1, 5.9]",King
"Anus, anal canal and anorectum",All,Kitsap,2018-2022,All,Male,All,139034,5,3.1,"[2.0, 4.8]",Kitsap
"Anus, anal canal and anorectum",All,Kitsap,2018-2022,All,Female,All,136133,11,5.8,"[4.3, 7.9]",Kitsap
"Anus, anal canal and anorectum",All,Kitsap,2018-2022,All,All,All,275167,16,4.5,"[3.5, 5.8]",Kitsap
"Anus, anal canal and anorectum",All,Kittitas,2018-2022,All,Male,All,22970,NR,NR,NR,Kittitas
"Anus, anal canal and anorectum",All,Kittitas,2018-2022,All,Female,All,22723,NR,NR,NR,Kittitas
"Anus, anal canal and anorectum",All,Kittitas,2018-2022,All,All,All,45694,NR,NR,NR,Kittitas
"Anus, anal canal and anorectum",All,Klickitat,2018-2022,All,Male,All,11595,NR,NR,NR,Klickitat
"Anus, anal canal and anorectum",All,Klickitat,2018-2022,All,Female,All,11088,NR,NR,NR,Klickitat
"Anus, anal canal and anorectum",All,Klickitat,2018-2022,All,All,All,22683,NR,NR,NR,Klickitat
"Anus, anal canal and anorectum",All,Lewis,2018-2022,All,Male,All,41031,NR,NR,NR,Lewis
"Anus, anal canal and anorectum",All,Lewis,2018-2022,All,Female,All,40899,NR,NR,NR,Lewis
"Anus, anal canal and anorectum",All,Lewis,2018-2022,All,All,All,81930,2,2.0,"[1.0, 3.8]",Lewis
"Anus, anal canal and anorectum",All,Lincoln,2018-2022,All,Male,All,5482,NR,NR,NR,Lincoln
"Anus, anal canal and anorectum",All,Lincoln,2018-2022,All,Female,All,5407,NR,NR,NR,Lincoln
"Anus, anal canal and anorectum",All,Lincoln,2018-2022,All,All,All,10889,NR,NR,NR,Lincoln
"Anus, anal canal and anorectum",All,Mason,2018-2022,All,Male,All,33617,3,5.0,"[2.5, 9.8]",Mason
"Anus, anal canal and anorectum",All,Mason,2018-2022,All,Female,All,31866,2,4.6,"[2.2, 9.6]",Mason
"Anus, anal canal and anorectum",All,Mason,2018-2022,All,All,All,65483,5,4.8,"[3.0, 7.7]",Mason
"Anus, anal canal and anorectum",All,Okanogan,2018-2022,All,Male,All,21691,NR,NR,NR,Okanogan
"Anus, anal canal and anorectum",All,Okanogan,2018-2022,All,Female,All,20525,2,5.6,"[2.8, 12.7]",Okanogan
"Anus, anal canal and anorectum",All,Okanogan,2018-2022,All,All,All,42216,3,4.2,"[2.3, 7.8]",Okanogan
"Anus, anal canal and anorectum",All,Pacific,2018-2022,All,Male,All,11571,NR,NR,NR,Pacific
"Anus, anal canal and anorectum",All,Pacific,2018-2022,All,Female,All,11646,NR,NR,NR,Pacific
"Anus, anal canal and anorectum",All,Pacific,2018-2022,All,All,All,23217,NR,NR,NR,Pacific
"Anus, anal canal and anorectum",All,Pend Oreille,2018-2022,All,Male,All,6803,NR,NR,NR,Pend Oreille
"Anus, anal canal and anorectum",All,Pend Oreille,2018-2022,All,Female,All,6614,NR,NR,NR,Pend Oreille
"Anus, anal canal and anorectum",All,Pend Oreille,2018-2022,All,All,All,13417,NR,NR,NR,Pend Oreille
"Anus, anal canal and anorectum",All,Pierce,2018-2022,All,Male,All,454927,13,2.6,"[2.0, 3.3]",Pierce
"Anus, anal canal and anorectum",All,Pierce,2018-2022,All,Female,All,461772,19,3.3,"[2.6, 4.1]",Pierce
"Anus, anal canal and anorectum",All,Pierce,2018-2022,All,All,All,916699,31,3.0,"[2.5, 3.5]",Pierce
"Anus, anal canal and anorectum",All,San Juan,2018-2022,All,Male,All,8612,NR,NR,NR,San Juan
"Anus, anal canal and anorectum",All,San Juan,2018-2022,All,Female,All,9085,NR,NR,NR,San Juan
"Anus, anal canal and anorectum",All,San Juan,2018-2022,All,All,All,17697,NR,NR,NR,San Juan
"Anus, anal canal and anorectum",All,Skagit,2018-2022,All,Male,All,63522,NR,NR,NR,Skagit
"Anus, anal canal and anorectum",All,Skagit,2018-2022,All,Female,All,65419,3,3.2,"[1.7, 5.9]",Skagit
"Anus, anal canal and anorectum",All,Skagit,2018-2022,All,All,All,128941,4,2.7,"[1.6, 4.3]",Skagit
"Anus, anal canal and anorectum",All,Skamania,2018-2022,All,Male,All,5931,NR,NR,NR,Skamania
"Anus, anal canal and anorectum",All,Skamania,2018-2022,All,Female,All,5706,NR,NR,NR,Skamania
"Anus, anal canal and anorectum",All,Skamania,2018-2022,All,All,All,11637,NR,NR,NR,Skamania
"Anus, anal canal and anorectum",All,Snohomish,2018-2022,All,Male,All,411644,14,3.0,"[2.3, 3.8]",Snohomish
"Anus, anal canal and anorectum",All,Snohomish,2018-2022,All,Female,All,414096,23,4.3,"[3.6, 5.2]",Snohomish
"Anus, anal canal and anorectum",All,Snohomish,2018-2022,All,All,All,825740,37,3.7,"[3.2, 4.3]",Snohomish
"Anus, anal canal and anorectum",All,Spokane,2018-2022,All,Male,All,265853,2,0.7,"[0.4, 1.3]",Spokane
"Anus, anal canal and anorectum",All,Spokane,2018-2022,All,Female,All,271281,9,2.4,"[1.7, 3.3]",Spokane
"Anus, anal canal and anorectum",All,Spokane,2018-2022,All,All,All,537133,11,1.6,"[1.2, 2.1]",Spokane
"Anus, anal canal and anorectum",All,Stevens,2018-2022,All,Male,All,23263,NR,NR,NR,Stevens
"Anus, anal canal and anorectum",All,Stevens,2018-2022,All,Female,All,23122,NR,NR,NR,Stevens
"Anus, anal canal and anorectum",All,Stevens,2018-2022,All,All,All,46385,NR,NR,NR,Stevens
"Anus, anal canal and anorectum",All,Thurston,2018-2022,All,Male,All,143216,5,3.3,"[2.1, 5.0]",Thurston
"Anus, anal canal and anorectum",All,Thurston,2018-2022,All,Female,All,150490,10,4.9,"[3.5, 6.6]",Thurston
"Anus, anal canal and anorectum",All,Thurston,2018-2022,All,All,All,293706,15,4.1,"[3.2, 5.3]",Thurston
"Anus, anal canal and anorectum",All,Wahkiakum,2018-2022,All,Male,All,2194,NR,NR,NR,Wahkiakum
"Anus, anal canal and anorectum",All,Wahkiakum,2018-2022,All,Female,All,2223,NR,NR,NR,Wahkiakum
"Anus, anal canal and anorectum",All,Wahkiakum,2018-2022,All,All,All,4418,NR,NR,NR,Wahkiakum
"Anus, anal canal and anorectum",All,Walla Walla,2018-2022,All,Male,All,31610,NR,NR,NR,Walla Walla
"Anus, anal canal and anorectum",All,Walla Walla,2018-2022,All,Female,All,30608,2,4.6,"[2.2, 9.4]",Walla Walla
"Anus, anal canal and anorectum",All,Walla Walla,2018-2022,All,All,All,62218,3,3.8,"[2.1, 6.6]",Walla Walla
"Anus, anal canal and anorectum",All,Whatcom,2018-2022,All,Male,All,111033,3,2.5,"[1.3, 4.3]",Whatcom
"Anus, anal canal and anorectum",All,Whatcom,2018-2022,All,Female,All,114724,8,5.5,"[3.9, 7.8]",Whatcom
"Anus, anal canal and anorectum",All,Whatcom,2018-2022,All,All,All,225757,11,4.0,"[3.0, 5.4]",Whatcom
"Anus, anal canal and anorectum",All,Whitman,2018-2022,All,Male,All,23510,NR,NR,NR,Whitman
"Anus, anal canal and anorectum",All,Whitman,2018-2022,All,Female,All,23582,NR,NR,NR,Whitman
"Anus, anal canal and anorectum",All,Whitman,2018-2022,All,All,All,47092,NR,NR,NR,Whitman
"Anus, anal canal and anorectum",All,Yakima,2018-2022,All,Male,All,128323,3,2.2,"[1.2, 3.7]",Yakima
"Anus, anal canal and anorectum",All,Yakima,2018-2022,All,Female,All,128350,4,2.4,"[1.4, 3.9]",Yakima
"Anus, anal canal and anorectum",All,Yakima,2018-2022,All,All,All,256672,7,2.3,"[1.6, 3.3]",Yakima
Bladder,All,Adams,2018-2022,All,Male,All,10551,2,28.6,"[13.9, 53.2]",Adams
Bladder,All,Adams,2018-2022,All,Female,All,10078,NR,NR,NR,Adams
Bladder,All,Adams,2018-2022,All,All,All,20630,2,13.7,"[7.0, 24.5]",Adams
Bladder,All,Asotin,2018-2022,All,Male,All,10865,NR,NR,NR,Asotin
Bladder,All,Asotin,2018-2022,All,Female,All,11471,NR,NR,NR,Asotin
Bladder,All,Asotin,2018-2022,All,All,All,22336,2,5.8,"[2.7, 12.4]",Asotin
Bladder,All,Benton,2018-2022,All,Male,All,102466,35,30.7,"[26.1, 35.8]",Benton
Bladder,All,Benton,2018-2022,All,Female,All,103559,12,9.3,"[7.1, 12.2]",Benton
Bladder,All,Benton,2018-2022,All,All,All,206025,47,19.2,"[16.8, 21.9]",Benton
Bladder,All,Chelan,2018-2022,All,Male,All,39569,20,35.9,"[29.0, 44.3]",Chelan
Bladder,All,Chelan,2018-2022,All,Female,All,39471,5,7.7,"[4.9, 12.1]",Chelan
Bladder,All,Chelan,2018-2022,All,All,All,79040,25,20.8,"[17.2, 25.1]",Chelan
Bladder,All,Clallam,2018-2022,All,Male,All,37791,31,37.5,"[31.6, 45.0]",Clallam
Bladder,All,Clallam,2018-2022,All,Female,All,39105,8,7.7,"[5.4, 12.0]",Clallam
Bladder,All,Clallam,2018-2022,All,All,All,76896,39,21.6,"[18.5, 25.4]",Clallam
Bladder,All,Clark,2018-2022,All,Male,All,248051,77,28.0,"[25.2, 31.1]",Clark
Bladder,All,Clark,2018-2022,All,Female,All,253740,27,8.0,"[6.6, 9.5]",Clark
Bladder,All,Clark,2018-2022,All,All,All,501791,104,17.1,"[15.6, 18.7]",Clark
Bladder,All,Columbia,2018-2022,All,Male,All,1963,NR,NR,NR,Columbia
Bladder,All,Columbia,2018-2022,All,Female,All,1994,NR,NR,NR,Columbia
Bladder,All,Columbia,2018-2022,All,All,All,3957,NR,NR,NR,Columbia
Bladder,All,Cowlitz,2018-2022,All,Male,All,54735,21,27.5,"[22.3, 33.7]",Cowlitz
Bladder,All,Cowlitz,2018-2022,All,Female,All,55601,4,4.9,"[3.0, 7.9]",Cowlitz
Bladder,All,Cowlitz,2018-2022,All,All,All,110335,26,15.6,"[13.0, 18.8]",Cowlitz
Bladder,All,Douglas,2018-2022,All,Male,All,21598,10,35.3,"[26.0, 47.7]",Douglas
Bladder,All,Douglas,2018-2022,All,Female,All,21244,2,7.3,"[3.6, 14.4]",Douglas
Bladder,All,Douglas,2018-2022,All,All,All,42842,12,20.5,"[15.5, 26.8]",Douglas
Bladder,All,Ferry,2018-2022,All,Male,All,3674,2,26.2,"[11.9, 66.6]",Ferry
Bladder,All,Ferry,2018-2022,All,Female,All,3561,NR,NR,NR,Ferry
Bladder,All,Ferry,2018-2022,All,All,All,7234,3,17.4,"[9.0, 38.5]",Ferry
Bladder,All,Franklin,2018-2022,All,Male,All,49721,10,29.4,"[21.5, 39.6]",Franklin
Bladder,All,Franklin,2018-2022,All,Female,All,46721,NR,NR,NR,Franklin
Bladder,All,Franklin,2018-2022,All,All,All,96442,12,16.1,"[12.2, 21.1]",Franklin
Bladder,All,Garfield,2018-2022,All,Male,All,1158,NR,NR,NR,Garfield
Bladder,All,Garfield,2018-2022,All,Female,All,1127,NR,NR,NR,Garfield
Bladder,All,Garfield,2018-2022,All,All,All,2285,NR,NR,NR,Garfield
Bladder,All,Grant,2018-2022,All,Male,All,50797,19,37.0,"[29.9, 45.5]",Grant
Bladder,All,Grant,2018-2022,All,Female,All,48337,3,5.3,"[3.0, 9.1]",Grant
Bladder,All,Grant,2018-2022,All,All,All,99134,23,20.4,"[16.8, 24.7]",Grant
Bladder,All,Grays Harbor,2018-2022,All,Male,All,38516,23,37.8,"[30.9, 46.3]",Grays Harbor
Bladder,All,Grays Harbor,2018-2022,All,Female,All,37011,7,12.9,"[8.8, 18.8]",Grays Harbor
Bladder,All,Grays Harbor,2018-2022,All,All,All,75528,30,24.6,"[20.6, 29.3]",Grays Harbor
Bladder,All,Island,2018-2022,All,Male,All,42803,27,36.1,"[30.0, 43.6]",Island
Bladder,All,Island,2018-2022,All,Female,All,43712,7,8.8,"[5.9, 13.3]",Island
Bladder,All,Island,2018-2022,All,All,All,86515,33,21.5,"[18.3, 25.5]",Island
Bladder,All,Jefferson,2018-2022,All,Male,All,16132,23,58.9,"[47.5, 75.8]",Jefferson
Bladder,All,Jefferson,2018-2022,All,Female,All,16754,4,8.1,"[4.6, 20.6]",Jefferson
Bladder,All,Jefferson,2018-2022,All,All,All,32885,27,32.7,"[26.8, 41.5]",Jefferson
Bladder,All,King,2018-2022,All,Male,All,1131256,326,30.6,"[29.1, 32.2]",King
Bladder,All,King,2018-2022,All,Female,All,1126672,105,8.0,"[7.3, 8.8]",King
Bladder,All,King,2018-2022,All,All,All,2257928,432,18.0,"[17.3, 18.8]",King
Bladder,All,Kitsap,2018-2022,All,Male,All,139034,76,43.0,"[38.6, 47.8]",Kitsap
Bladder,All,Kitsap,2018-2022,All,Female,All,136133,20,9.6,"[7.7, 11.9]",Kitsap
Bladder,All,Kitsap,2018-2022,All,All,All,275167,96,25.0,"[22.7, 27.5]",Kitsap
Bladder,All,Kittitas,2018-2022,All,Male,All,22970,11,41.6,"[31.1, 55.4]",Kittitas
Bladder,All,Kittitas,2018-2022,All,Female,All,22723,4,13.9,"[8.5, 22.6]",Kittitas
Bladder,All,Kittitas,2018-2022,All,All,All,45694,15,27.4,"[21.4, 34.9]",Kittitas
Bladder,All,Klickitat,2018-2022,All,Male,All,11595,4,17.9,"[10.5, 31.9]",Klickitat
Bladder,All,Klickitat,2018-2022,All,Female,All,11088,NR,NR,NR,Klickitat
Bladder,All,Klickitat,2018-2022,All,All,All,22683,5,12.0,"[7.6, 19.8]",Klickitat
Bladder,All,Lewis,2018-2022,All,Male,All,41031,18,30.4,"[24.2, 38.0]",Lewis
Bladder,All,Lewis,2018-2022,All,Female,All,40899,5,8.0,"[4.9, 12.8]",Lewis
Bladder,All,Lewis,2018-2022,All,All,All,81930,23,18.4,"[15.1, 22.5]",Lewis
Bladder,All,Lincoln,2018-2022,All,Male,All,5482,4,42.8,"[25.9, 74.6]",Lincoln
Bladder,All,Lincoln,2018-2022,All,Female,All,5407,NR,NR,NR,Lincoln
Bladder,All,Lincoln,2018-2022,All,All,All,10889,5,22.9,"[14.2, 39.0]",Lincoln
Bladder,All,Mason,2018-2022,All,Male,All,33617,19,32.9,"[26.3, 41.3]",Mason
Bladder,All,Mason,2018-2022,All,Female,All,31866,4,7.1,"[4.3, 12.1]",Mason
Bladder,All,Mason,2018-2022,All,All,All,65483,23,19.8,"[16.2, 24.3]",Mason
Bladder,All,Okanogan,2018-2022,All,Male,All,21691,11,32.7,"[24.4, 44.0]",Okanogan
Bladder,All,Okanogan,2018-2022,All,Female,All,20525,2,5.8,"[2.7, 13.0]",Okanogan
Bladder,All,Okanogan,2018-2022,All,All,All,42216,13,18.8,"[14.4, 24.7]",Okanogan
Bladder,All,Pacific,2018-2022,All,Male,All,11571,7,29.7,"[20.6, 45.5]",Pacific
Bladder,All,Pacific,2018-2022,All,Female,All,11646,NR,NR,NR,Pacific
Bladder,All,Pacific,2018-2022,All,All,All,23217,9,17.3,"[12.4, 25.7]",Pacific
Bladder,All,Pend Oreille,2018-2022,All,Male,All,6803,3,18.6,"[10.3, 39.6]",Pend Oreille
Bladder,All,Pend Oreille,2018-2022,All,Female,All,6614,NR,NR,NR,Pend Oreille
Bladder,All,Pend Oreille,2018-2022,All,All,All,13417,4,13.3,"[8.1, 24.8]",Pend Oreille
Bladder,All,Pierce,2018-2022,All,Male,All,454927,170,36.8,"[34.2, 39.4]",Pierce
Bladder,All,Pierce,2018-2022,All,Female,All,461772,47,8.4,"[7.3, 9.5]",Pierce
Bladder,All,Pierce,2018-2022,All,All,All,916699,217,21.0,"[19.7, 22.3]",Pierce
Bladder,All,San Juan,2018-2022,All,Male,All,8612,6,29.3,"[19.4, 51.2]",San Juan
Bladder,All,San Juan,2018-2022,All,Female,All,9085,NR,NR,NR,San Juan
Bladder,All,San Juan,2018-2022,All,All,All,17697,7,17.0,"[11.7, 28.3]",San Juan
Bladder,All,Skagit,2018-2022,All,Male,All,63522,39,41.0,"[35.2, 47.7]",Skagit
Bladder,All,Skagit,2018-2022,All,Female,All,65419,7,6.7,"[4.7, 9.7]",Skagit
Bladder,All,Skagit,2018-2022,All,All,All,128941,46,22.7,"[19.7, 26.0]",Skagit
Bladder,All,Skamania,2018-2022,All,Male,All,5931,NR,NR,NR,Skamania
Bladder,All,Skamania,2018-2022,All,Female,All,5706,NR,NR,NR,Skamania
Bladder,All,Skamania,2018-2022,All,All,All,11637,2,12.3,"[6.1, 26.8]",Skamania
Bladder,All,Snohomish,2018-2022,All,Male,All,411644,148,36.2,"[33.5, 39.0]",Snohomish
Bladder,All,Snohomish,2018-2022,All,Female,All,414096,43,8.5,"[7.4, 9.8]",Snohomish
Bladder,All,Snohomish,2018-2022,All,All,All,825740,192,20.8,"[19.5, 22.2]",Snohomish
Bladder,All,Spokane,2018-2022,All,Male,All,265853,90,29.1,"[26.4, 32.0]",Spokane
Bladder,All,Spokane,2018-2022,All,Female,All,271281,29,7.6,"[6.4, 9.0]",Spokane
Bladder,All,Spokane,2018-2022,All,All,All,537133,119,17.2,"[15.8, 18.7]",Spokane
Bladder,All,Stevens,2018-2022,All,Male,All,23263,9,23.1,"[16.5, 32.6]",Stevens
Bladder,All,Stevens,2018-2022,All,Female,All,23122,2,6.1,"[3.1, 12.9]",Stevens
Bladder,All,Stevens,2018-2022,All,All,All,46385,12,14.4,"[10.8, 19.5]",Stevens
Bladder,All,Thurston,2018-2022,All,Male,All,143216,61,34.9,"[31.0, 39.2]",Thurston
Bladder,All,Thurston,2018-2022,All,Female,All,150490,17,8.0,"[6.4, 10.1]",Thurston
Bladder,All,Thurston,2018-2022,All,All,All,293706,78,20.0,"[18.1, 22.2]",Thurston
Bladder,All,Wahkiakum,2018-2022,All,Male,All,2194,3,61.6,"[30.9, 148.4]",Wahkiakum
Bladder,All,Wahkiakum,2018-2022,All,Female,All,2223,NR,NR,NR,Wahkiakum
Bladder,All,Wahkiakum,2018-2022,All,All,All,4418,3,28.3,"[14.6, 66.0]",Wahkiakum
Bladder,All,Walla Walla,2018-2022,All,Male,All,31610,10,23.4,"[17.1, 31.7]",Walla Walla
Bladder,All,Walla Walla,2018-2022,All,Female,All,30608,3,6.1,"[3.3, 11.3]",Walla Walla
Bladder,All,Walla Walla,2018-2022,All,All,All,62218,12,13.8,"[10.5, 18.1]",Walla Walla
Bladder,All,Whatcom,2018-2022,All,Male,All,111033,56,40.3,"[35.6, 45.6]",Whatcom
Bladder,All,Whatcom,2018-2022,All,Female,All,114724,13,8.3,"[6.3, 10.8]",Whatcom
Bladder,All,Whatcom,2018-2022,All,All,All,225757,69,22.9,"[20.5, 25.5]",Whatcom
Bladder,All,Whitman,2018-2022,All,Male,All,23510,2,10.5,"[5.0, 20.6]",Whitman
Bladder,All,Whitman,2018-2022,All,Female,All,23582,NR,NR,NR,Whitman
Bladder,All,Whitman,2018-2022,All,All,All,47092,3,6.5,"[3.4, 11.8]",Whitman
Bladder,All,Yakima,2018-2022,All,Male,All,128323,37,29.2,"[25.1, 33.9]",Yakima
Bladder,All,Yakima,2018-2022,All,Female,All,128350,9,5.5,"[4.0, 7.6]",Yakima
Bladder,All,Yakima,2018-2022,All,All,All,256672,46,16.4,"[14.3, 18.7]",Yakima
Brain and other nervous system,All,Adams,2018-2022,All,Male,All,10551,NR,NR,NR,Adams
Brain and other nervous system,All,Adams,2018-2022,All,Female,All,10078,NR,NR,NR,Adams
Brain and other nervous system,All,Adams,2018-2022,All,All,All,20630,NR,NR,NR,Adams
Brain and other nervous system,All,Asotin,2018-2022,All,Male,All,10865,NR,NR,NR,Asotin
Brain and other nervous system,All,Asotin,2018-2022,All,Female,All,11471,NR,NR,NR,Asotin
Brain and other nervous system,All,Asotin,2018-2022,All,All,All,22336,3,11.5,"[6.1, 20.7]",Asotin
Brain and other nervous system,All,Benton,2018-2022,All,Male,All,102466,10,8.4,"[6.1, 11.3]",Benton
Brain and other nervous system,All,Benton,2018-2022,All,Female,All,103559,6,5.0,"[3.3, 7.4]",Benton
Brain and other nervous system,All,Benton,2018-2022,All,All,All,206025,16,6.6,"[5.2, 8.3]",Benton
Brain and other nervous system,All,Chelan,2018-2022,All,Male,All,39569,3,7.5,"[4.3, 12.6]",Chelan
Brain and other nervous system,All,Chelan,2018-2022,All,Female,All,39471,4,8.2,"[5.0, 13.1]",Chelan
Brain and other nervous system,All,Chelan,2018-2022,All,All,All,79040,8,7.8,"[5.5, 11.0]",Chelan
Brain and other nervous system,All,Clallam,2018-2022,All,Male,All,37791,6,12.9,"[8.2, 19.8]",Clallam
Brain and other nervous system,All,Clallam,2018-2022,All,Female,All,39105,4,5.9,"[3.1, 10.9]",Clallam
Brain and other nervous system,All,Clallam,2018-2022,All,All,All,76896,10,9.4,"[6.6, 13.2]",Clallam
Brain and other nervous system,All,Clark,2018-2022,All,Male,All,248051,22,8.3,"[6.8, 10.1]",Clark
Brain and other nervous system,All,Clark,2018-2022,All,Female,All,253740,17,5.8,"[4.6, 7.2]",Clark
Brain and other nervous system,All,Clark,2018-2022,All,All,All,501791,39,6.9,"[6.0, 8.0]",Clark
Brain and other nervous system,All,Columbia,2018-2022,All,Male,All,1963,NR,NR,NR,Columbia
Brain and other nervous system,All,Columbia,2018-2022,All,Female,All,1994,NR,NR,NR,Columbia
Brain and other nervous system,All,Columbia,2018-2022,All,All,All,3957,NR,NR,NR,Columbia
Brain and other nervous system,All,Cowlitz,2018-2022,All,Male,All,54735,4,5.8,"[3.4, 9.6]",Cowlitz
Brain and other nervous system,All,Cowlitz,2018-2022,All,Female,All,55601,4,5.0,"[2.9, 8.4]",Cowlitz
Brain and other nervous system,All,Cowlitz,2018-2022,All,All,All,110335,8,5.4,"[3.8, 7.7]",Cowlitz
Brain and other nervous system,All,Douglas,2018-2022,All,Male,All,21598,NR,NR,NR,Douglas
Brain and other nervous system,All,Douglas,2018-2022,All,Female,All,21244,NR,NR,NR,Douglas
Brain and other nervous system,All,Douglas,2018-2022,All,All,All,42842,3,6.5,"[3.6, 11.0]",Douglas
Brain and other nervous system,All,Ferry,2018-2022,All,Male,All,3674,NR,NR,NR,Ferry
Brain and other nervous system,All,Ferry,2018-2022,All,Female,All,3561,NR,NR,NR,Ferry
Brain and other nervous system,All,Ferry,2018-2022,All,All,All,7234,NR,NR,NR,Ferry
Brain and other nervous system,All,Franklin,2018-2022,All,Male,All,49721,3,5.2,"[2.7, 10.0]",Franklin
Brain and other nervous system,All,Franklin,2018-2022,All,Female,All,46721,NR,NR,NR,Franklin
Brain and other nervous system,All,Franklin,2018-2022,All,All,All,96442,4,4.2,"[2.6, 6.8]",Franklin
Brain and other nervous system,All,Garfield,2018-2022,All,Male,All,1158,NR,NR,NR,Garfield
Brain and other nervous system,All,Garfield,2018-2022,All,Female,All,1127,NR,NR,NR,Garfield
Brain and other nervous system,All,Garfield,2018-2022,All,All,All,2285,NR,NR,NR,Garfield
Brain and other nervous system,All,Grant,2018-2022,All,Male,All,50797,4,7.9,"[4.8, 12.5]",Grant
Brain and other nervous system,All,Grant,2018-2022,All,Female,All,48337,NR,NR,NR,Grant
Brain and other nervous system,All,Grant,2018-2022,All,All,All,99134,6,5.9,"[4.0, 8.6]",Grant
Brain and other nervous system,All,Grays Harbor,2018-2022,All,Male,All,38516,4,7.2,"[4.2, 12.1]",Grays Harbor
Brain and other nervous system,All,Grays Harbor,2018-2022,All,Female,All,37011,3,5.2,"[2.7, 9.7]",Grays Harbor
Brain and other nervous system,All,Grays Harbor,2018-2022,All,All,All,75528,7,6.3,"[4.2, 9.3]",Grays Harbor
Brain and other nervous system,All,Island,2018-2022,All,Male,All,42803,5,8.5,"[5.2, 13.7]",Island
Brain and other nervous system,All,Island,2018-2022,All,Female,All,43712,6,10.9,"[6.8, 16.8]",Island
Brain and other nervous system,All,Island,2018-2022,All,All,All,86515,11,9.6,"[7.0, 13.2]",Island
Brain and other nervous system,All,Jefferson,2018-2022,All,Male,All,16132,2,6.8,"[2.9, 18.3]",Jefferson
Brain and other nervous system,All,Jefferson,2018-2022,All,Female,All,16754,2,8.7,"[2.6, 24.7]",Jefferson
Brain and other nervous system,All,Jefferson,2018-2022,All,All,All,32885,5,7.5,"[3.7, 15.3]",Jefferson
Brain and other nervous system,All,King,2018-2022,All,Male,All,1131256,90,8.0,"[7.2, 8.8]",King
Brain and other nervous system,All,King,2018-2022,All,Female,All,1126672,68,5.7,"[5.1, 6.3]",King
Brain and other nervous system,All,King,2018-2022,All,All,All,2257928,159,6.7,"[6.3, 7.2]",King
Brain and other nervous system,All,Kitsap,2018-2022,All,Male,All,139034,11,7.2,"[5.4, 9.6]",Kitsap
Brain and other nervous system,All,Kitsap,2018-2022,All,Female,All,136133,9,5.7,"[4.1, 7.9]",Kitsap
Brain and other nervous system,All,Kitsap,2018-2022,All,All,All,275167,20,6.4,"[5.1, 7.9]",Kitsap
Brain and other nervous system,All,Kittitas,2018-2022,All,Male,All,22970,2,8.3,"[3.7, 16.7]",Kittitas
Brain and other nervous system,All,Kittitas,2018-2022,All,Female,All,22723,NR,NR,NR,Kittitas
Brain and other nervous system,All,Kittitas,2018-2022,All,All,All,45694,3,5.6,"[2.9, 10.1]",Kittitas
Brain and other nervous system,All,Klickitat,2018-2022,All,Male,All,11595,NR,NR,NR,Klickitat
Brain and other nervous system,All,Klickitat,2018-2022,All,Female,All,11088,NR,NR,NR,Klickitat
Brain and other nervous system,All,Klickitat,2018-2022,All,All,All,22683,NR,NR,NR,Klickitat
Brain and other nervous system,All,Lewis,2018-2022,All,Male,All,41031,3,5.5,"[2.9, 10.0]",Lewis
Brain and other nervous system,All,Lewis,2018-2022,All,Female,All,40899,3,6.8,"[3.7, 11.7]",Lewis
Brain and other nervous system,All,Lewis,2018-2022,All,All,All,81930,6,6.1,"[4.0, 9.1]",Lewis
Brain and other nervous system,All,Lincoln,2018-2022,All,Male,All,5482,NR,NR,NR,Lincoln
Brain and other nervous system,All,Lincoln,2018-2022,All,Female,All,5407,NR,NR,NR,Lincoln
Brain and other nervous system,All,Lincoln,2018-2022,All,All,All,10889,NR,NR,NR,Lincoln
Brain and other nervous system,All,Mason,2018-2022,All,Male,All,33617,3,6.2,"[3.3, 11.4]",Mason
Brain and other nervous system,All,Mason,2018-2022,All,Female,All,31866,3,7.0,"[3.7, 12.8]",Mason
Brain and other nervous system,All,Mason,2018-2022,All,All,All,65483,6,6.7,"[4.3, 10.1]",Mason
Brain and other nervous system,All,Okanogan,2018-2022,All,Male,All,21691,3,10.4,"[5.6, 18.7]",Okanogan
Brain and other nervous system,All,Okanogan,2018-2022,All,Female,All,20525,NR,NR,NR,Okanogan
Brain and other nervous system,All,Okanogan,2018-2022,All,All,All,42216,5,9.1,"[5.6, 14.4]",Okanogan
Brain and other nervous system,All,Pacific,2018-2022,All,Male,All,11571,NR,NR,NR,Pacific
Brain and other nervous system,All,Pacific,2018-2022,All,Female,All,11646,NR,NR,NR,Pacific
Brain and other nervous system,All,Pacific,2018-2022,All,All,All,23217,3,9.1,"[4.1, 18.6]",Pacific
Brain and other nervous system,All,Pend Oreille,2018-2022,All,Male,All,6803,NR,NR,NR,Pend Oreille
Brain and other nervous system,All,Pend Oreille,2018-2022,All,Female,All,6614,NR,NR,NR,Pend Oreille
Brain and other nervous system,All,Pend Oreille,2018-2022,All,All,All,13417,NR,NR,NR,Pend Oreille
Brain and other nervous system,All,Pierce,2018-2022,All,Male,All,454927,44,9.3,"[8.1, 10.7]",Pierce
Brain and other nervous system,All,Pierce,2018-2022,All,Female,All,461772,26,5.1,"[4.2, 6.1]",Pierce
Brain and other nervous system,All,Pierce,2018-2022,All,All,All,916699,70,7.1,"[6.3, 7.9]",Pierce
Brain and other nervous system,All,San Juan,2018-2022,All,Male,All,8612,NR,NR,NR,San Juan
Brain and other nervous system,All,San Juan,2018-2022,All,Female,All,9085,NR,NR,NR,San Juan
Brain and other nervous system,All,San Juan,2018-2022,All,All,All,17697,2,7.6,"[3.2, 19.3]",San Juan
Brain and other nervous system,All,Skagit,2018-2022,All,Male,All,63522,7,9.0,"[6.2, 12.9]",Skagit
Brain and other nervous system,All,Skagit,2018-2022,All,Female,All,65419,7,9.5,"[6.5, 13.6]",Skagit
Brain and other nervous system,All,Skagit,2018-2022,All,All,All,128941,15,9.2,"[7.1, 11.9]",Skagit
Brain and other nervous system,All,Skamania,2018-2022,All,Male,All,5931,NR,NR,NR,Skamania
Brain and other nervous system,All,Skamania,2018-2022,All,Female,All,5706,NR,NR,NR,Skamania
Brain and other nervous system,All,Skamania,2018-2022,All,All,All,11637,NR,NR,NR,Skamania
Brain and other nervous system,All,Snohomish,2018-2022,All,Male,All,411644,35,7.9,"[6.7, 9.2]",Snohomish
Brain and other nervous system,All,Snohomish,2018-2022,All,Female,All,414096,31,6.8,"[5.8, 8.0]",Snohomish
Brain and other nervous system,All,Snohomish,2018-2022,All,All,All,825740,66,7.4,"[6.6, 8.2]",Snohomish
Brain and other nervous system,All,Spokane,2018-2022,All,Male,All,265853,26,8.9,"[7.3, 10.6]",Spokane
Brain and other nervous system,All,Spokane,2018-2022,All,Female,All,271281,19,5.6,"[4.5, 7.0]",Spokane
Brain and other nervous system,All,Spokane,2018-2022,All,All,All,537133,45,7.2,"[6.3, 8.3]",Spokane
Brain and other nervous system,All,Stevens,2018-2022,All,Male,All,23263,4,12.4,"[6.9, 21.5]",Stevens
Brain and other nervous system,All,Stevens,2018-2022,All,Female,All,23122,NR,NR,NR,Stevens
Brain and other nervous system,All,Stevens,2018-2022,All,All,All,46385,5,8.8,"[5.5, 14.0]",Stevens
Brain and other nervous system,All,Thurston,2018-2022,All,Male,All,143216,13,8.0,"[6.1, 10.3]",Thurston
Brain and other nervous system,All,Thurston,2018-2022,All,Female,All,150490,11,6.7,"[5.0, 8.8]",Thurston
Brain and other nervous system,All,Thurston,2018-2022,All,All,All,293706,24,7.3,"[6.0, 8.8]",Thurston
Brain and other nervous system,All,Wahkiakum,2018-2022,All,Male,All,2194,NR,NR,NR,Wahkiakum
Brain and other nervous system,All,Wahkiakum,2018-2022,All,Female,All,2223,NR,NR,NR,Wahkiakum
Brain and other nervous system,All,Wahkiakum,2018-2022,All,All,All,4418,NR,NR,NR,Wahkiakum
Brain and other nervous system,All,Walla Walla,2018-2022,All,Male,All,31610,4,9.7,"[5.6, 16.1]",Walla Walla
Brain and other nervous system,All,Walla Walla,2018-2022,All,Female,All,30608,3,9.3,"[4.8, 16.5]",Walla Walla
Brain and other nervous system,All,Walla Walla,2018-2022,All,All,All,62218,6,9.3,"[6.2, 13.7]",Walla Walla
Brain and other nervous system,All,Whatcom,2018-2022,All,Male,All,111033,11,8.6,"[6.3, 11.4]",Whatcom
Brain and other nervous system,All,Whatcom,2018-2022,All,Female,All,114724,9,6.3,"[4.5, 8.7]",Whatcom
Brain and other nervous system,All,Whatcom,2018-2022,All,All,All,225757,20,7.4,"[6.0, 9.2]",Whatcom
Brain and other nervous system,All,Whitman,2018-2022,All,Male,All,23510,NR,NR,NR,Whitman
Brain and other nervous system,All,Whitman,2018-2022,All,Female,All,23582,NR,NR,NR,Whitman
Brain and other nervous system,All,Whitman,2018-2022,All,All,All,47092,NR,NR,NR,Whitman
Brain and other nervous system,All,Yakima,2018-2022,All,Male,All,128323,12,9.6,"[7.3, 12.5]",Yakima
Brain and other nervous system,All,Yakima,2018-2022,All,Female,All,128350,5,3.5,"[2.3, 5.4]",Yakima
Brain and other nervous system,All,Yakima,2018-2022,All,All,All,256672,17,6.6,"[5.2, 8.2]",Yakima
Breast (female),All,Adams,2018-2022,All,Female,All,10078,12,130.1,"[98.8, 168.6]",Adams
Breast (female),All,Asotin,2018-2022,All,Female,All,11471,15,92.0,"[70.5, 119.6]",Asotin
Breast (female),All,Benton,2018-2022,All,Female,All,103559,187,154.4,"[144.3, 165.0]",Benton
Breast (female),All,Chelan,2018-2022,All,Female,All,39471,89,166.7,"[150.6, 184.3]",Chelan
Breast (female),All,Clallam,2018-2022,All,Female,All,39105,113,149.6,"[135.3, 165.6]",Clallam
Breast (female),All,Clark,2018-2022,All,Female,All,253740,449,141.6,"[135.7, 147.8]",Clark
Breast (female),All,Columbia,2018-2022,All,Female,All,1994,3,122.1,"[62.2, 231.6]",Columbia
Breast (female),All,Cowlitz,2018-2022,All,Female,All,55601,90,116.9,"[105.8, 129.1]",Cowlitz
Breast (female),All,Douglas,2018-2022,All,Female,All,21244,40,142.9,"[123.2, 165.6]",Douglas
Breast (female),All,Ferry,2018-2022,All,Female,All,3561,6,101.5,"[65.9, 161.2]",Ferry
Breast (female),All,Franklin,2018-2022,All,Female,All,46721,54,131.6,"[116.1, 148.9]",Franklin
Breast (female),All,Garfield,2018-2022,All,Female,All,1127,NR,NR,NR,Garfield
Breast (female),All,Grant,2018-2022,All,Female,All,48337,69,128.9,"[115.3, 143.8]",Grant
Breast (female),All,Grays Harbor,2018-2022,All,Female,All,37011,78,131.7,"[117.8, 147.2]",Grays Harbor
Breast (female),All,Island,2018-2022,All,Female,All,43712,115,163.8,"[148.7, 180.5]",Island
Breast (female),All,Jefferson,2018-2022,All,Female,All,16754,52,156.3,"[132.9, 186.1]",Jefferson
Breast (female),All,King,2018-2022,All,Female,All,1126672,2310,183.0,"[179.7, 186.5]",King
Breast (female),All,Kitsap,2018-2022,All,Female,All,136133,297,160.4,"[151.8, 169.4]",Kitsap
Breast (female),All,Kittitas,2018-2022,All,Female,All,22723,32,113.0,"[95.0, 134.3]",Kittitas
Breast (female),All,Klickitat,2018-2022,All,Female,All,11088,24,132.0,"[107.5, 162.9]",Klickitat
Breast (female),All,Lewis,2018-2022,All,Female,All,40899,76,129.2,"[115.5, 144.5]",Lewis
Breast (female),All,Lincoln,2018-2022,All,Female,All,5407,14,174.2,"[130.5, 232.4]",Lincoln
Breast (female),All,Mason,2018-2022,All,Female,All,31866,73,143.4,"[127.4, 161.3]",Mason
Breast (female),All,Okanogan,2018-2022,All,Female,All,20525,46,158.0,"[136.3, 183.2]",Okanogan
Breast (female),All,Pacific,2018-2022,All,Female,All,11646,33,128.2,"[107.1, 156.2]",Pacific
Breast (female),All,Pend Oreille,2018-2022,All,Female,All,6614,16,137.0,"[105.6, 180.3]",Pend Oreille
Breast (female),All,Pierce,2018-2022,All,Female,All,461772,892,165.4,"[160.5, 170.5]",Pierce
Breast (female),All,San Juan,2018-2022,All,Female,All,9085,33,186.9,"[154.3, 230.0]",San Juan
Breast (female),All,Skagit,2018-2022,All,Female,All,65419,161,178.3,"[165.1, 192.4]",Skagit
Breast (female),All,Skamania,2018-2022,All,Female,All,5706,9,119.3,"[85.8, 167.7]",Skamania
Breast (female),All,Snohomish,2018-2022,All,Female,All,414096,901,183.7,"[178.2, 189.3]",Snohomish
Breast (female),All,Spokane,2018-2022,All,Female,All,271281,561,166.4,"[160.0, 173.0]",Spokane
Breast (female),All,Stevens,2018-2022,All,Female,All,23122,54,151.3,"[131.7, 173.9]",Stevens
Breast (female),All,Thurston,2018-2022,All,Female,All,150490,335,168.2,"[159.9, 176.9]",Thurston
Breast (female),All,Wahkiakum,2018-2022,All,Female,All,2223,7,190.3,"[126.7, 296.3]",Wahkiakum
Breast (female),All,Walla Walla,2018-2022,All,Female,All,30608,62,158.8,"[140.3, 179.5]",Walla Walla
Breast (female),All,Whatcom,2018-2022,All,Female,All,114724,246,170.7,"[160.7, 181.3]",Whatcom
Breast (female),All,Whitman,2018-2022,All,Female,All,23582,24,113.1,"[92.8, 137.2]",Whitman
Breast (female),All,Yakima,2018-2022,All,Female,All,128350,191,135.0,"[126.3, 144.1]",Yakima
Breast (female),In situ,Adams,2018-2022,All,Female,All,10078,2,22.1,"[10.4, 41.5]",Adams
Breast (female),In situ,Asotin,2018-2022,All,Female,All,11471,3,18.8,"[9.6, 35.1]",Asotin
Breast (female),In situ,Benton,2018-2022,All,Female,All,103559,34,28.7,"[24.4, 33.6]",Benton
Breast (female),In situ,Chelan,2018-2022,All,Female,All,39471,14,26.6,"[20.4, 34.5]",Chelan
Breast (female),In situ,Clallam,2018-2022,All,Female,All,39105,15,20.5,"[15.3, 27.8]",Clallam
Breast (female),In situ,Clark,2018-2022,All,Female,All,253740,76,23.6,"[21.3, 26.3]",Clark
Breast (female),In situ,Columbia,2018-2022,All,Female,All,1994,NR,NR,NR,Columbia
Breast (female),In situ,Cowlitz,2018-2022,All,Female,All,55601,12,16.1,"[12.1, 21.3]",Cowlitz
Breast (female),In situ,Douglas,2018-2022,All,Female,All,21244,6,24.0,"[16.2, 34.9]",Douglas
Breast (female),In situ,Ferry,2018-2022,All,Female,All,3561,NR,NR,NR,Ferry
Breast (female),In situ,Franklin,2018-2022,All,Female,All,46721,10,24.0,"[17.7, 32.1]",Franklin
Breast (female),In situ,Garfield,2018-2022,All,Female,All,1127,NR,NR,NR,Garfield
Breast (female),In situ,Grant,2018-2022,All,Female,All,48337,9,16.9,"[12.2, 23.0]",Grant
Breast (female),In situ,Grays Harbor,2018-2022,All,Female,All,37011,11,19.0,"[14.0, 25.9]",Grays Harbor
Breast (female),In situ,Island,2018-2022,All,Female,All,43712,18,25.3,"[19.5, 32.7]",Island
Breast (female),In situ,Jefferson,2018-2022,All,Female,All,16754,10,38.1,"[25.8, 57.8]",Jefferson
Breast (female),In situ,King,2018-2022,All,Female,All,1126672,475,37.8,"[36.2, 39.4]",King
Breast (female),In situ,Kitsap,2018-2022,All,Female,All,136133,50,27.5,"[24.0, 31.5]",Kitsap
Breast (female),In situ,Kittitas,2018-2022,All,Female,All,22723,5,18.8,"[11.7, 29.5]",Kittitas
Breast (female),In situ,Klickitat,2018-2022,All,Female,All,11088,4,18.3,"[10.5, 33.4]",Klickitat
Breast (female),In situ,Lewis,2018-2022,All,Female,All,40899,11,20.1,"[14.6, 27.3]",Lewis
Breast (female),In situ,Lincoln,2018-2022,All,Female,All,5407,3,55.4,"[30.1, 97.7]",Lincoln
Breast (female),In situ,Mason,2018-2022,All,Female,All,31866,11,20.7,"[14.9, 28.6]",Mason
Breast (female),In situ,Okanogan,2018-2022,All,Female,All,20525,7,25.5,"[17.1, 37.7]",Okanogan
Breast (female),In situ,Pacific,2018-2022,All,Female,All,11646,4,15.6,"[9.3, 30.8]",Pacific
Breast (female),In situ,Pend Oreille,2018-2022,All,Female,All,6614,4,36.2,"[21.0, 65.1]",Pend Oreille
Breast (female),In situ,Pierce,2018-2022,All,Female,All,461772,156,29.0,"[26.9, 31.1]",Pierce
Breast (female),In situ,San Juan,2018-2022,All,Female,All,9085,4,23.0,"[12.8, 46.6]",San Juan
Breast (female),In situ,Skagit,2018-2022,All,Female,All,65419,29,31.6,"[26.2, 38.0]",Skagit
Breast (female),In situ,Skamania,2018-2022,All,Female,All,5706,NR,NR,NR,Skamania
Breast (female),In situ,Snohomish,2018-2022,All,Female,All,414096,173,34.9,"[32.5, 37.4]",Snohomish
Breast (female),In situ,Spokane,2018-2022,All,Female,All,271281,127,37.5,"[34.5, 40.8]",Spokane
Breast (female),In situ,Stevens,2018-2022,All,Female,All,23122,9,25.9,"[18.1, 37.1]",Stevens
Breast (female),In situ,Thurston,2018-2022,All,Female,All,150490,57,28.8,"[25.4, 32.6]",Thurston
Breast (female),In situ,Wahkiakum,2018-2022,All,Female,All,2223,NR,NR,NR,Wahkiakum
Breast (female),In situ,Walla Walla,2018-2022,All,Female,All,30608,10,25.1,"[18.1, 34.4]",Walla Walla
Breast (female),In situ,Whatcom,2018-2022,All,Female,All,114724,46,32.4,"[28.1, 37.2]",Whatcom
Breast (female),In situ,Whitman,2018-2022,All,Female,All,23582,4,19.7,"[12.1, 31.2]",Whitman
Breast (female),In situ,Yakima,2018-2022,All,Female,All,128350,27,18.9,"[15.8, 22.5]",Yakima
Breast (female),Invasive,Adams,2018-2022,All,Female,All,10078,10,108.1,"[79.8, 143.6]",Adams
Breast (female),Invasive,Asotin,2018-2022,All,Female,All,11471,12,73.2,"[54.4, 98.1]",Asotin
Breast (female),Invasive,Benton,2018-2022,All,Female,All,103559,153,125.6,"[116.6, 135.3]",Benton
Breast (female),Invasive,Chelan,2018-2022,All,Female,All,39471,75,140.1,"[125.3, 156.4]",Chelan
Breast (female),Invasive,Clallam,2018-2022,All,Female,All,39105,99,129.0,"[115.9, 143.9]",Clallam
Breast (female),Invasive,Clark,2018-2022,All,Female,All,253740,374,118.0,"[112.5, 123.7]",Clark
Breast (female),Invasive,Columbia,2018-2022,All,Female,All,1994,3,92.3,"[42.8, 192.2]",Columbia
Breast (female),Invasive,Cowlitz,2018-2022,All,Female,All,55601,78,100.8,"[90.5, 112.1]",Cowlitz
Breast (female),Invasive,Douglas,2018-2022,All,Female,All,21244,34,119.0,"[101.1, 139.7]",Douglas
Breast (female),Invasive,Ferry,2018-2022,All,Female,All,3561,5,82.6,"[50.7, 139.3]",Ferry
Breast (female),Invasive,Franklin,2018-2022,All,Female,All,46721,44,107.7,"[93.7, 123.4]",Franklin
Breast (female),Invasive,Garfield,2018-2022,All,Female,All,1127,NR,NR,NR,Garfield
Breast (female),Invasive,Grant,2018-2022,All,Female,All,48337,60,112.0,"[99.4, 126.0]",Grant
Breast (female),Invasive,Grays Harbor,2018-2022,All,Female,All,37011,67,112.6,"[99.8, 127.1]",Grays Harbor
Breast (female),Invasive,Island,2018-2022,All,Female,All,43712,97,138.6,"[124.7, 154.0]",Island
Breast (female),Invasive,Jefferson,2018-2022,All,Female,All,16754,41,118.3,"[98.8, 144.1]",Jefferson
Breast (female),Invasive,King,2018-2022,All,Female,All,1126672,1835,145.3,"[142.3, 148.3]",King
Breast (female),Invasive,Kitsap,2018-2022,All,Female,All,136133,247,132.8,"[125.1, 141.0]",Kitsap
Breast (female),Invasive,Kittitas,2018-2022,All,Female,All,22723,27,94.2,"[77.9, 113.7]",Kittitas
Breast (female),Invasive,Klickitat,2018-2022,All,Female,All,11088,20,113.7,"[90.8, 143.0]",Klickitat
Breast (female),Invasive,Lewis,2018-2022,All,Female,All,40899,65,109.1,"[96.7, 123.0]",Lewis
Breast (female),Invasive,Lincoln,2018-2022,All,Female,All,5407,11,118.8,"[85.1, 167.0]",Lincoln
Breast (female),Invasive,Mason,2018-2022,All,Female,All,31866,62,122.7,"[108.0, 139.5]",Mason
Breast (female),Invasive,Okanogan,2018-2022,All,Female,All,20525,39,132.5,"[112.8, 155.7]",Okanogan
Breast (female),Invasive,Pacific,2018-2022,All,Female,All,11646,28,112.6,"[92.7, 139.6]",Pacific
Breast (female),Invasive,Pend Oreille,2018-2022,All,Female,All,6614,12,100.9,"[74.3, 139.6]",Pend Oreille
Breast (female),Invasive,Pierce,2018-2022,All,Female,All,461772,736,136.5,"[132.0, 141.1]",Pierce
Breast (female),Invasive,San Juan,2018-2022,All,Female,All,9085,29,164.0,"[133.4, 205.0]",San Juan
Breast (female),Invasive,Skagit,2018-2022,All,Female,All,65419,132,146.7,"[134.8, 159.6]",Skagit
Breast (female),Invasive,Skamania,2018-2022,All,Female,All,5706,8,94.9,"[65.8, 139.0]",Skamania
Breast (female),Invasive,Snohomish,2018-2022,All,Female,All,414096,728,148.8,"[143.9, 153.8]",Snohomish
Breast (female),Invasive,Spokane,2018-2022,All,Female,All,271281,434,128.8,"[123.2, 134.7]",Spokane
Breast (female),Invasive,Stevens,2018-2022,All,Female,All,23122,45,125.4,"[107.7, 146.1]",Stevens
Breast (female),Invasive,Thurston,2018-2022,All,Female,All,150490,278,139.5,"[131.9, 147.4]",Thurston
Breast (female),Invasive,Wahkiakum,2018-2022,All,Female,All,2223,6,132.9,"[86.8, 221.9]",Wahkiakum
Breast (female),Invasive,Walla Walla,2018-2022,All,Female,All,30608,52,133.7,"[116.7, 152.9]",Walla Walla
Breast (female),Invasive,Whatcom,2018-2022,All,Female,All,114724,199,138.4,"[129.4, 147.9]",Whatcom
Breast (female),Invasive,Whitman,2018-2022,All,Female,All,23582,19,93.4,"[74.9, 115.9]",Whitman
Breast (female),Invasive,Yakima,2018-2022,All,Female,All,128350,164,116.1,"[108.1, 124.6]",Yakima
Cervix (uterine),All,Adams,2018-2022,All,Female,All,10078,NR,NR,NR,Adams
Cervix (uterine),All,Asotin,2018-2022,All,Female,All,11471,NR,NR,NR,Asotin
Cervix (uterine),All,Benton,2018-2022,All,Female,All,103559,8,7.8,"[5.5, 10.9]",Benton
Cervix (uterine),All,Chelan,2018-2022,All,Female,All,39471,2,5.2,"[2.5, 9.8]",Chelan
Cervix (uterine),All,Clallam,2018-2022,All,Female,All,39105,NR,NR,NR,Clallam
Cervix (uterine),All,Clark,2018-2022,All,Female,All,253740,10,3.9,"[2.8, 5.2]",Clark
Cervix (uterine),All,Columbia,2018-2022,All,Female,All,1994,NR,NR,NR,Columbia
Cervix (uterine),All,Cowlitz,2018-2022,All,Female,All,55601,6,10.3,"[6.7, 15.2]",Cowlitz
Cervix (uterine),All,Douglas,2018-2022,All,Female,All,21244,NR,NR,NR,Douglas
Cervix (uterine),All,Ferry,2018-2022,All,Female,All,3561,NR,NR,NR,Ferry
Cervix (uterine),All,Franklin,2018-2022,All,Female,All,46721,4,9.7,"[6.0, 15.2]",Franklin
Cervix (uterine),All,Garfield,2018-2022,All,Female,All,1127,NR,NR,NR,Garfield
Cervix (uterine),All,Grant,2018-2022,All,Female,All,48337,3,7.2,"[4.1, 11.9]",Grant
Cervix (uterine),All,Grays Harbor,2018-2022,All,Female,All,37011,3,8.1,"[4.3, 14.0]",Grays Harbor
Cervix (uterine),All,Island,2018-2022,All,Female,All,43712,3,7.3,"[3.9, 13.0]",Island
Cervix (uterine),All,Jefferson,2018-2022,All,Female,All,16754,NR,NR,NR,Jefferson
Cervix (uterine),All,King,2018-2022,All,Female,All,1126672,66,5.5,"[4.9, 6.2]",King
Cervix (uterine),All,Kitsap,2018-2022,All,Female,All,136133,11,7.1,"[5.3, 9.6]",Kitsap
Cervix (uterine),All,Kittitas,2018-2022,All,Female,All,22723,NR,NR,NR,Kittitas
Cervix (uterine),All,Klickitat,2018-2022,All,Female,All,11088,2,18.1,"[8.8, 35.5]",Klickitat
Cervix (uterine),All,Lewis,2018-2022,All,Female,All,40899,4,8.4,"[4.8, 13.9]",Lewis
Cervix (uterine),All,Lincoln,2018-2022,All,Female,All,5407,NR,NR,NR,Lincoln
Cervix (uterine),All,Mason,2018-2022,All,Female,All,31866,4,9.0,"[4.9, 15.7]",Mason
Cervix (uterine),All,Okanogan,2018-2022,All,Female,All,20525,NR,NR,NR,Okanogan
Cervix (uterine),All,Pacific,2018-2022,All,Female,All,11646,NR,NR,NR,Pacific
Cervix (uterine),All,Pend Oreille,2018-2022,All,Female,All,6614,NR,NR,NR,Pend Oreille
Cervix (uterine),All,Pierce,2018-2022,All,Female,All,461772,35,7.7,"[6.6, 8.9]",Pierce
Cervix (uterine),All,San Juan,2018-2022,All,Female,All,9085,NR,NR,NR,San Juan
Cervix (uterine),All,Skagit,2018-2022,All,Female,All,65419,5,6.7,"[4.1, 10.4]",Skagit
Cervix (uterine),All,Skamania,2018-2022,All,Female,All,5706,NR,NR,NR,Skamania
Cervix (uterine),All,Snohomish,2018-2022,All,Female,All,414096,32,7.1,"[6.0, 8.4]",Snohomish
Cervix (uterine),All,Spokane,2018-2022,All,Female,All,271281,18,6.7,"[5.3, 8.3]",Spokane
Cervix (uterine),All,Stevens,2018-2022,All,Female,All,23122,3,13.5,"[7.0, 24.2]",Stevens
Cervix (uterine),All,Thurston,2018-2022,All,Female,All,150490,13,8.3,"[6.3, 10.7]",Thurston
Cervix (uterine),All,Wahkiakum,2018-2022,All,Female,All,2223,NR,NR,NR,Wahkiakum
Cervix (uterine),All,Walla Walla,2018-2022,All,Female,All,30608,NR,NR,NR,Walla Walla
Cervix (uterine),All,Whatcom,2018-2022,All,Female,All,114724,5,4.3,"[2.8, 6.6]",Whatcom
Cervix (uterine),All,Whitman,2018-2022,All,Female,All,23582,NR,NR,NR,Whitman
Cervix (uterine),All,Yakima,2018-2022,All,Female,All,128350,8,6.9,"[4.9, 9.4]",Yakima
Colorectal,All,Adams,2018-2022,All,Male,All,10551,4,45.6,"[27.9, 72.1]",Adams
Colorectal,All,Adams,2018-2022,All,Female,All,10078,2,20.9,"[9.9, 39.6]",Adams
Colorectal,All,Adams,2018-2022,All,All,All,20630,6,32.9,"[22.2, 47.3]",Adams
Colorectal,All,Asotin,2018-2022,All,Male,All,10865,3,16.7,"[9.0, 31.3]",Asotin
Colorectal,All,Asotin,2018-2022,All,Female,All,11471,5,33.1,"[20.5, 52.3]",Asotin
Colorectal,All,Asotin,2018-2022,All,All,All,22336,8,25.2,"[17.5, 36.2]",Asotin
Colorectal,All,Benton,2018-2022,All,Male,All,102466,38,35.4,"[30.5, 41.0]",Benton
Colorectal,All,Benton,2018-2022,All,Female,All,103559,38,31.4,"[27.0, 36.5]",Benton
Colorectal,All,Benton,2018-2022,All,All,All,206025,76,33.2,"[29.9, 36.9]",Benton
Colorectal,All,Chelan,2018-2022,All,Male,All,39569,21,41.0,"[33.2, 50.4]",Chelan
Colorectal,All,Chelan,2018-2022,All,Female,All,39471,18,32.5,"[25.8, 40.9]",Chelan
Colorectal,All,Chelan,2018-2022,All,All,All,79040,39,36.8,"[31.6, 42.8]",Chelan
Colorectal,All,Clallam,2018-2022,All,Male,All,37791,26,41.0,"[33.4, 50.4]",Clallam
Colorectal,All,Clallam,2018-2022,All,Female,All,39105,24,31.8,"[25.4, 40.1]",Clallam
Colorectal,All,Clallam,2018-2022,All,All,All,76896,50,36.0,"[31.0, 41.9]",Clallam
Colorectal,All,Clark,2018-2022,All,Male,All,248051,85,31.4,"[28.4, 34.7]",Clark
Colorectal,All,Clark,2018-2022,All,Female,All,253740,80,26.4,"[23.8, 29.2]",Clark
Colorectal,All,Clark,2018-2022,All,All,All,501791,166,28.6,"[26.7, 30.7]",Clark
Colorectal,All,Columbia,2018-2022,All,Male,All,1963,NR,NR,NR,Columbia
Colorectal,All,Columbia,2018-2022,All,Female,All,1994,NR,NR,NR,Columbia
Colorectal,All,Columbia,2018-2022,All,All,All,3957,3,43.1,"[22.1, 86.2]",Columbia
Colorectal,All,Cowlitz,2018-2022,All,Male,All,54735,26,35.4,"[29.3, 42.6]",Cowlitz
Colorectal,All,Cowlitz,2018-2022,All,Female,All,55601,23,30.2,"[24.7, 36.8]",Cowlitz
Colorectal,All,Cowlitz,2018-2022,All,All,All,110335,49,32.7,"[28.5, 37.3]",Cowlitz
Colorectal,All,Douglas,2018-2022,All,Male,All,21598,7,26.4,"[18.2, 37.7]",Douglas
Colorectal,All,Douglas,2018-2022,All,Female,All,21244,9,37.9,"[27.5, 51.5]",Douglas
Colorectal,All,Douglas,2018-2022,All,All,All,42842,16,32.2,"[25.4, 40.5]",Douglas
Colorectal,All,Ferry,2018-2022,All,Male,All,3674,NR,NR,NR,Ferry
Colorectal,All,Ferry,2018-2022,All,Female,All,3561,NR,NR,NR,Ferry
Colorectal,All,Ferry,2018-2022,All,All,All,7234,2,19.6,"[8.8, 43.6]",Ferry
Colorectal,All,Franklin,2018-2022,All,Male,All,49721,17,43.6,"[34.3, 55.0]",Franklin
Colorectal,All,Franklin,2018-2022,All,Female,All,46721,12,30.1,"[22.8, 39.4]",Franklin
Colorectal,All,Franklin,2018-2022,All,All,All,96442,28,36.5,"[30.6, 43.4]",Franklin
Colorectal,All,Garfield,2018-2022,All,Male,All,1158,NR,NR,NR,Garfield
Colorectal,All,Garfield,2018-2022,All,Female,All,1127,NR,NR,NR,Garfield
Colorectal,All,Garfield,2018-2022,All,All,All,2285,NR,NR,NR,Garfield
Colorectal,All,Grant,2018-2022,All,Male,All,50797,18,34.0,"[27.2, 42.1]",Grant
Colorectal,All,Grant,2018-2022,All,Female,All,48337,12,24.5,"[18.5, 31.9]",Grant
Colorectal,All,Grant,2018-2022,All,All,All,99134,30,29.1,"[24.5, 34.3]",Grant
Colorectal,All,Grays Harbor,2018-2022,All,Male,All,38516,27,48.5,"[40.2, 58.5]",Grays Harbor
Colorectal,All,Grays Harbor,2018-2022,All,Female,All,37011,20,36.6,"[29.4, 45.6]",Grays Harbor
Colorectal,All,Grays Harbor,2018-2022,All,All,All,75528,47,42.4,"[36.8, 48.8]",Grays Harbor
Colorectal,All,Island,2018-2022,All,Male,All,42803,25,42.5,"[34.7, 51.9]",Island
Colorectal,All,Island,2018-2022,All,Female,All,43712,23,35.4,"[28.7, 43.8]",Island
Colorectal,All,Island,2018-2022,All,All,All,86515,49,38.9,"[33.7, 44.9]",Island
Colorectal,All,Jefferson,2018-2022,All,Male,All,16132,12,38.1,"[27.0, 55.4]",Jefferson
Colorectal,All,Jefferson,2018-2022,All,Female,All,16754,10,26.4,"[18.5, 41.8]",Jefferson
Colorectal,All,Jefferson,2018-2022,All,All,All,32885,22,32.1,"[25.1, 42.2]",Jefferson
Colorectal,All,King,2018-2022,All,Male,All,1131256,419,37.1,"[35.5, 38.8]",King
Colorectal,All,King,2018-2022,All,Female,All,1126672,368,29.1,"[27.7, 30.5]",King
Colorectal,All,King,2018-2022,All,All,All,2257928,788,32.8,"[31.8, 33.9]",King
Colorectal,All,Kitsap,2018-2022,All,Male,All,139034,63,38.6,"[34.3, 43.4]",Kitsap
Colorectal,All,Kitsap,2018-2022,All,Female,All,136133,53,30.3,"[26.6, 34.5]",Kitsap
Colorectal,All,Kitsap,2018-2022,All,All,All,275167,116,34.2,"[31.4, 37.3]",Kitsap
Colorectal,All,Kittitas,2018-2022,All,Male,All,22970,8,34.3,"[24.2, 47.8]",Kittitas
Colorectal,All,Kittitas,2018-2022,All,Female,All,22723,5,18.4,"[11.6, 28.6]",Kittitas
Colorectal,All,Kittitas,2018-2022,All,All,All,45694,13,26.5,"[20.2, 34.5]",Kittitas
Colorectal,All,Klickitat,2018-2022,All,Male,All,11595,6,35.4,"[23.5, 53.7]",Klickitat
Colorectal,All,Klickitat,2018-2022,All,Female,All,11088,4,22.2,"[12.4, 39.6]",Klickitat
Colorectal,All,Klickitat,2018-2022,All,All,All,22683,10,28.9,"[20.9, 40.1]",Klickitat
Colorectal,All,Lewis,2018-2022,All,Male,All,41031,25,44.5,"[36.6, 53.9]",Lewis
Colorectal,All,Lewis,2018-2022,All,Female,All,40899,20,34.2,"[27.6, 42.5]",Lewis
Colorectal,All,Lewis,2018-2022,All,All,All,81930,45,39.2,"[34.0, 45.2]",Lewis
Colorectal,All,Lincoln,2018-2022,All,Male,All,5482,3,31.5,"[16.2, 62.8]",Lincoln
Colorectal,All,Lincoln,2018-2022,All,Female,All,5407,3,30.1,"[16.7, 59.3]",Lincoln
Colorectal,All,Lincoln,2018-2022,All,All,All,10889,6,31.2,"[20.4, 49.3]",Lincoln
Colorectal,All,Mason,2018-2022,All,Male,All,33617,19,38.1,"[30.4, 47.8]",Mason
Colorectal,All,Mason,2018-2022,All,Female,All,31866,17,33.6,"[26.3, 43.0]",Mason
Colorectal,All,Mason,2018-2022,All,All,All,65483,36,35.9,"[30.5, 42.2]",Mason
Colorectal,All,Okanogan,2018-2022,All,Male,All,21691,15,44.2,"[34.0, 57.3]",Okanogan
Colorectal,All,Okanogan,2018-2022,All,Female,All,20525,11,36.8,"[27.3, 49.8]",Okanogan
Colorectal,All,Okanogan,2018-2022,All,All,All,42216,26,40.5,"[33.4, 49.1]",Okanogan
Colorectal,All,Pacific,2018-2022,All,Male,All,11571,7,33.9,"[23.0, 51.5]",Pacific
Colorectal,All,Pacific,2018-2022,All,Female,All,11646,5,22.8,"[13.9, 40.3]",Pacific
Colorectal,All,Pacific,2018-2022,All,All,All,23217,13,28.0,"[20.8, 38.5]",Pacific
Colorectal,All,Pend Oreille,2018-2022,All,Male,All,6803,4,34.5,"[19.5, 61.8]",Pend Oreille
Colorectal,All,Pend Oreille,2018-2022,All,Female,All,6614,3,27.9,"[15.3, 54.6]",Pend Oreille
Colorectal,All,Pend Oreille,2018-2022,All,All,All,13417,7,30.6,"[20.6, 46.6]",Pend Oreille
Colorectal,All,Pierce,2018-2022,All,Male,All,454927,193,41.2,"[38.6, 44.0]",Pierce
Colorectal,All,Pierce,2018-2022,All,Female,All,461772,174,32.6,"[30.4, 34.9]",Pierce
Colorectal,All,Pierce,2018-2022,All,All,All,916699,368,36.7,"[35.0, 38.4]",Pierce
Colorectal,All,San Juan,2018-2022,All,Male,All,8612,7,44.5,"[29.5, 71.3]",San Juan
Colorectal,All,San Juan,2018-2022,All,Female,All,9085,5,29.5,"[17.3, 54.8]",San Juan
Colorectal,All,San Juan,2018-2022,All,All,All,17697,12,37.0,"[27.0, 52.5]",San Juan
Colorectal,All,Skagit,2018-2022,All,Male,All,63522,42,46.1,"[39.8, 53.4]",Skagit
Colorectal,All,Skagit,2018-2022,All,Female,All,65419,28,31.4,"[26.1, 37.8]",Skagit
Colorectal,All,Skagit,2018-2022,All,All,All,128941,70,38.1,"[34.0, 42.7]",Skagit
Colorectal,All,Skamania,2018-2022,All,Male,All,5931,4,59.6,"[36.2, 98.2]",Skamania
Colorectal,All,Skamania,2018-2022,All,Female,All,5706,3,33.6,"[17.4, 66.7]",Skamania
Colorectal,All,Skamania,2018-2022,All,All,All,11637,7,46.6,"[31.8, 68.8]",Skamania
Colorectal,All,Snohomish,2018-2022,All,Male,All,411644,172,39.5,"[36.8, 42.4]",Snohomish
Colorectal,All,Snohomish,2018-2022,All,Female,All,414096,157,32.3,"[30.0, 34.7]",Snohomish
Colorectal,All,Snohomish,2018-2022,All,All,All,825740,329,35.8,"[34.0, 37.6]",Snohomish
Colorectal,All,Spokane,2018-2022,All,Male,All,265853,103,34.0,"[31.0, 37.2]",Spokane
Colorectal,All,Spokane,2018-2022,All,Female,All,271281,98,28.6,"[26.0, 31.4]",Spokane
Colorectal,All,Spokane,2018-2022,All,All,All,537133,201,31.4,"[29.4, 33.5]",Spokane
Colorectal,All,Stevens,2018-2022,All,Male,All,23263,15,41.8,"[32.1, 54.6]",Stevens
Colorectal,All,Stevens,2018-2022,All,Female,All,23122,10,33.5,"[24.2, 46.1]",Stevens
Colorectal,All,Stevens,2018-2022,All,All,All,46385,25,37.0,"[30.3, 45.3]",Stevens
Colorectal,All,Thurston,2018-2022,All,Male,All,143216,65,38.8,"[34.6, 43.4]",Thurston
Colorectal,All,Thurston,2018-2022,All,Female,All,150490,66,34.6,"[30.8, 38.8]",Thurston
Colorectal,All,Thurston,2018-2022,All,All,All,293706,131,36.5,"[33.6, 39.5]",Thurston
Colorectal,All,Wahkiakum,2018-2022,All,Male,All,2194,NR,NR,NR,Wahkiakum
Colorectal,All,Wahkiakum,2018-2022,All,Female,All,2223,NR,NR,NR,Wahkiakum
Colorectal,All,Wahkiakum,2018-2022,All,All,All,4418,2,33.0,"[15.4, 74.9]",Wahkiakum
Colorectal,All,Walla Walla,2018-2022,All,Male,All,31610,12,29.7,"[22.3, 39.2]",Walla Walla
Colorectal,All,Walla Walla,2018-2022,All,Female,All,30608,11,25.9,"[19.1, 34.9]",Walla Walla
Colorectal,All,Walla Walla,2018-2022,All,All,All,62218,23,27.5,"[22.4, 33.5]",Walla Walla
Colorectal,All,Whatcom,2018-2022,All,Male,All,111033,48,37.3,"[32.5, 42.6]",Whatcom
Colorectal,All,Whatcom,2018-2022,All,Female,All,114724,39,27.1,"[23.2, 31.5]",Whatcom
Colorectal,All,Whatcom,2018-2022,All,All,All,225757,86,31.9,"[28.8, 35.2]",Whatcom
Colorectal,All,Whitman,2018-2022,All,Male,All,23510,2,12.6,"[6.3, 23.3]",Whitman
Colorectal,All,Whitman,2018-2022,All,Female,All,23582,2,13.0,"[6.3, 24.3]",Whitman
Colorectal,All,Whitman,2018-2022,All,All,All,47092,5,12.5,"[7.8, 19.4]",Whitman
Colorectal,All,Yakima,2018-2022,All,Male,All,128323,47,36.1,"[31.5, 41.2]",Yakima
Colorectal,All,Yakima,2018-2022,All,Female,All,128350,36,25.7,"[22.0, 29.9]",Yakima
Colorectal,All,Yakima,2018-2022,All,All,All,256672,83,30.5,"[27.6, 33.6]",Yakima
Endometrium,All,Adams,2018-2022,All,Female,All,10078,NR,NR,NR,Adams
Endometrium,All,Asotin,2018-2022,All,Female,All,11471,3,19.9,"[10.9, 35.5]",Asotin
Endometrium,All,Benton,2018-2022,All,Female,All,103559,33,26.7,"[22.7, 31.4]",Benton
Endometrium,All,Chelan,2018-2022,All,Female,All,39471,14,24.4,"[18.8, 31.7]",Chelan
Endometrium,All,Clallam,2018-2022,All,Female,All,39105,23,29.4,"[23.7, 37.1]",Clallam
Endometrium,All,Clark,2018-2022,All,Female,All,253740,82,25.0,"[22.6, 27.7]",Clark
Endometrium,All,Columbia,2018-2022,All,Female,All,1994,NR,NR,NR,Columbia
Endometrium,All,Cowlitz,2018-2022,All,Female,All,55601,21,25.9,"[21.0, 32.1]",Cowlitz
Endometrium,All,Douglas,2018-2022,All,Female,All,21244,6,22.1,"[14.6, 32.7]",Douglas
Endometrium,All,Ferry,2018-2022,All,Female,All,3561,NR,NR,NR,Ferry
Endometrium,All,Franklin,2018-2022,All,Female,All,46721,11,24.8,"[18.5, 32.8]",Franklin
Endometrium,All,Garfield,2018-2022,All,Female,All,1127,NR,NR,NR,Garfield
Endometrium,All,Grant,2018-2022,All,Female,All,48337,9,16.5,"[12.0, 22.5]",Grant
Endometrium,All,Grays Harbor,2018-2022,All,Female,All,37011,18,31.1,"[24.6, 39.4]",Grays Harbor
Endometrium,All,Island,2018-2022,All,Female,All,43712,20,25.7,"[20.4, 32.7]",Island
Endometrium,All,Jefferson,2018-2022,All,Female,All,16754,10,27.4,"[18.7, 43.6]",Jefferson
Endometrium,All,King,2018-2022,All,Female,All,1126672,392,29.8,"[28.5, 31.2]",King
Endometrium,All,Kitsap,2018-2022,All,Female,All,136133,60,30.7,"[27.1, 34.7]",Kitsap
Endometrium,All,Kittitas,2018-2022,All,Female,All,22723,5,16.3,"[10.5, 25.4]",Kittitas
Endometrium,All,Klickitat,2018-2022,All,Female,All,11088,6,32.4,"[21.4, 50.3]",Klickitat
Endometrium,All,Lewis,2018-2022,All,Female,All,40899,22,38.7,"[31.3, 47.7]",Lewis
Endometrium,All,Lincoln,2018-2022,All,Female,All,5407,3,32.1,"[15.5, 65.7]",Lincoln
Endometrium,All,Mason,2018-2022,All,Female,All,31866,16,26.2,"[20.6, 33.7]",Mason
Endometrium,All,Okanogan,2018-2022,All,Female,All,20525,7,19.4,"[12.8, 29.6]",Okanogan
Endometrium,All,Pacific,2018-2022,All,Female,All,11646,7,27.6,"[18.0, 45.5]",Pacific
Endometrium,All,Pend Oreille,2018-2022,All,Female,All,6614,4,33.2,"[17.9, 62.9]",Pend Oreille
Endometrium,All,Pierce,2018-2022,All,Female,All,461772,165,29.4,"[27.4, 31.6]",Pierce
Endometrium,All,San Juan,2018-2022,All,Female,All,9085,4,22.4,"[12.6, 45.7]",San Juan
Endometrium,All,Skagit,2018-2022,All,Female,All,65419,26,26.1,"[21.5, 31.6]",Skagit
Endometrium,All,Skamania,2018-2022,All,Female,All,5706,3,37.5,"[20.5, 71.0]",Skamania
Endometrium,All,Snohomish,2018-2022,All,Female,All,414096,172,33.2,"[30.9, 35.6]",Snohomish
Endometrium,All,Spokane,2018-2022,All,Female,All,271281,82,23.5,"[21.2, 26.0]",Spokane
Endometrium,All,Stevens,2018-2022,All,Female,All,23122,6,12.9,"[8.6, 20.4]",Stevens
Endometrium,All,Thurston,2018-2022,All,Female,All,150490,72,36.7,"[32.9, 41.0]",Thurston
Endometrium,All,Wahkiakum,2018-2022,All,Female,All,2223,NR,NR,NR,Wahkiakum
Endometrium,All,Walla Walla,2018-2022,All,Female,All,30608,9,21.6,"[15.6, 29.9]",Walla Walla
Endometrium,All,Whatcom,2018-2022,All,Female,All,114724,48,31.3,"[27.3, 35.9]",Whatcom
Endometrium,All,Whitman,2018-2022,All,Female,All,23582,4,19.6,"[12.2, 31.0]",Whitman
Endometrium,All,Yakima,2018-2022,All,Female,All,128350,46,32.1,"[28.0, 36.8]",Yakima
Esophagus,All,Adams,2018-2022,All,Male,All,10551,NR,NR,NR,Adams
Esophagus,All,Adams,2018-2022,All,Female,All,10078,NR,NR,NR,Adams
Esophagus,All,Adams,2018-2022,All,All,All,20630,NR,NR,NR,Adams
Esophagus,All,Asotin,2018-2022,All,Male,All,10865,NR,NR,NR,Asotin
Esophagus,All,Asotin,2018-2022,All,Female,All,11471,NR,NR,NR,Asotin
Esophagus,All,Asotin,2018-2022,All,All,All,22336,NR,NR,NR,Asotin
Esophagus,All,Benton,2018-2022,All,Male,All,102466,8,6.9,"[4.9, 9.6]",Benton
Esophagus,All,Benton,2018-2022,All,Female,All,103559,2,1.9,"[1.0, 3.6]",Benton
Esophagus,All,Benton,2018-2022,All,All,All,206025,10,4.2,"[3.1, 5.6]",Benton
Esophagus,All,Chelan,2018-2022,All,Male,All,39569,3,4.9,"[2.6, 8.8]",Chelan
Esophagus,All,Chelan,2018-2022,All,Female,All,39471,NR,NR,NR,Chelan
Esophagus,All,Chelan,2018-2022,All,All,All,79040,4,3.6,"[2.2, 5.7]",Chelan
Esophagus,All,Clallam,2018-2022,All,Male,All,37791,10,13.1,"[9.3, 18.8]",Clallam
Esophagus,All,Clallam,2018-2022,All,Female,All,39105,NR,NR,NR,Clallam
Esophagus,All,Clallam,2018-2022,All,All,All,76896,10,6.4,"[4.6, 9.2]",Clallam
Esophagus,All,Clark,2018-2022,All,Male,All,248051,23,8.0,"[6.6, 9.7]",Clark
Esophagus,All,Clark,2018-2022,All,Female,All,253740,6,1.8,"[1.2, 2.7]",Clark
Esophagus,All,Clark,2018-2022,All,All,All,501791,29,4.6,"[3.9, 5.5]",Clark
Esophagus,All,Columbia,2018-2022,All,Male,All,1963,NR,NR,NR,Columbia
Esophagus,All,Columbia,2018-2022,All,Female,All,1994,NR,NR,NR,Columbia
Esophagus,All,Columbia,2018-2022,All,All,All,3957,NR,NR,NR,Columbia
Esophagus,All,Cowlitz,2018-2022,All,Male,All,54735,8,10.5,"[7.4, 14.7]",Cowlitz
Esophagus,All,Cowlitz,2018-2022,All,Female,All,55601,NR,NR,NR,Cowlitz
Esophagus,All,Cowlitz,2018-2022,All,All,All,110335,9,5.3,"[3.8, 7.4]",Cowlitz
Esophagus,All,Douglas,2018-2022,All,Male,All,21598,2,8.2,"[4.2, 15.5]",Douglas
Esophagus,All,Douglas,2018-2022,All,Female,All,21244,NR,NR,NR,Douglas
Esophagus,All,Douglas,2018-2022,All,All,All,42842,3,4.6,"[2.5, 8.4]",Douglas
Esophagus,All,Ferry,2018-2022,All,Male,All,3674,NR,NR,NR,Ferry
Esophagus,All,Ferry,2018-2022,All,Female,All,3561,NR,NR,NR,Ferry
Esophagus,All,Ferry,2018-2022,All,All,All,7234,NR,NR,NR,Ferry
Esophagus,All,Franklin,2018-2022,All,Male,All,49721,3,6.8,"[3.7, 12.1]",Franklin
Esophagus,All,Franklin,2018-2022,All,Female,All,46721,NR,NR,NR,Franklin
Esophagus,All,Franklin,2018-2022,All,All,All,96442,4,4.8,"[2.9, 7.7]",Franklin
Esophagus,All,Garfield,2018-2022,All,Male,All,1158,NR,NR,NR,Garfield
Esophagus,All,Garfield,2018-2022,All,Female,All,1127,NR,NR,NR,Garfield
Esophagus,All,Garfield,2018-2022,All,All,All,2285,NR,NR,NR,Garfield
Esophagus,All,Grant,2018-2022,All,Male,All,50797,5,8.4,"[5.4, 12.8]",Grant
Esophagus,All,Grant,2018-2022,All,Female,All,48337,NR,NR,NR,Grant
Esophagus,All,Grant,2018-2022,All,All,All,99134,6,5.5,"[3.7, 8.0]",Grant
Esophagus,All,Grays Harbor,2018-2022,All,Male,All,38516,7,11.1,"[7.6, 16.4]",Grays Harbor
Esophagus,All,Grays Harbor,2018-2022,All,Female,All,37011,2,3.7,"[1.7, 7.8]",Grays Harbor
Esophagus,All,Grays Harbor,2018-2022,All,All,All,75528,9,7.5,"[5.4, 10.4]",Grays Harbor
Esophagus,All,Island,2018-2022,All,Male,All,42803,6,7.7,"[5.1, 11.9]",Island
Esophagus,All,Island,2018-2022,All,Female,All,43712,NR,NR,NR,Island
Esophagus,All,Island,2018-2022,All,All,All,86515,7,4.2,"[2.9, 6.3]",Island
Esophagus,All,Jefferson,2018-2022,All,Male,All,16132,4,7.4,"[4.3, 18.0]",Jefferson
Esophagus,All,Jefferson,2018-2022,All,Female,All,16754,NR,NR,NR,Jefferson
Esophagus,All,Jefferson,2018-2022,All,All,All,32885,4,3.9,"[2.4, 9.6]",Jefferson
Esophagus,All,King,2018-2022,All,Male,All,1131256,73,6.5,"[5.9, 7.3]",King
Esophagus,All,King,2018-2022,All,Female,All,1126672,25,1.9,"[1.6, 2.3]",King
Esophagus,All,King,2018-2022,All,All,All,2257928,98,4.0,"[3.6, 4.4]",King
Esophagus,All,Kitsap,2018-2022,All,Male,All,139034,15,8.0,"[6.2, 10.3]",Kitsap
Esophagus,All,Kitsap,2018-2022,All,Female,All,136133,2,1.3,"[0.6, 2.5]",Kitsap
Esophagus,All,Kitsap,2018-2022,All,All,All,275167,17,4.3,"[3.4, 5.4]",Kitsap
Esophagus,All,Kittitas,2018-2022,All,Male,All,22970,2,6.8,"[3.2, 14.1]",Kittitas
Esophagus,All,Kittitas,2018-2022,All,Female,All,22723,NR,NR,NR,Kittitas
Esophagus,All,Kittitas,2018-2022,All,All,All,45694,3,4.9,"[2.6, 8.9]",Kittitas
Esophagus,All,Klickitat,2018-2022,All,Male,All,11595,2,10.2,"[5.0, 22.5]",Klickitat
Esophagus,All,Klickitat,2018-2022,All,Female,All,11088,NR,NR,NR,Klickitat
Esophagus,All,Klickitat,2018-2022,All,All,All,22683,2,5.9,"[3.0, 12.5]",Klickitat
Esophagus,All,Lewis,2018-2022,All,Male,All,41031,7,11.8,"[8.1, 17.1]",Lewis
Esophagus,All,Lewis,2018-2022,All,Female,All,40899,NR,NR,NR,Lewis
Esophagus,All,Lewis,2018-2022,All,All,All,81930,8,6.3,"[4.4, 9.0]",Lewis
Esophagus,All,Lincoln,2018-2022,All,Male,All,5482,NR,NR,NR,Lincoln
Esophagus,All,Lincoln,2018-2022,All,Female,All,5407,NR,NR,NR,Lincoln
Esophagus,All,Lincoln,2018-2022,All,All,All,10889,NR,NR,NR,Lincoln
Esophagus,All,Mason,2018-2022,All,Male,All,33617,5,10.4,"[6.5, 16.4]",Mason
Esophagus,All,Mason,2018-2022,All,Female,All,31866,2,3.8,"[1.9, 8.0]",Mason
Esophagus,All,Mason,2018-2022,All,All,All,65483,7,7.0,"[4.8, 10.2]",Mason
Esophagus,All,Okanogan,2018-2022,All,Male,All,21691,5,13.8,"[8.4, 22.5]",Okanogan
Esophagus,All,Okanogan,2018-2022,All,Female,All,20525,NR,NR,NR,Okanogan
Esophagus,All,Okanogan,2018-2022,All,All,All,42216,6,8.0,"[5.1, 12.6]",Okanogan
Esophagus,All,Pacific,2018-2022,All,Male,All,11571,2,9.8,"[4.0, 23.7]",Pacific
Esophagus,All,Pacific,2018-2022,All,Female,All,11646,NR,NR,NR,Pacific
Esophagus,All,Pacific,2018-2022,All,All,All,23217,2,5.6,"[2.5, 13.0]",Pacific
Esophagus,All,Pend Oreille,2018-2022,All,Male,All,6803,NR,NR,NR,Pend Oreille
Esophagus,All,Pend Oreille,2018-2022,All,Female,All,6614,NR,NR,NR,Pend Oreille
Esophagus,All,Pend Oreille,2018-2022,All,All,All,13417,2,7.5,"[3.5, 18.6]",Pend Oreille
Esophagus,All,Pierce,2018-2022,All,Male,All,454927,46,9.5,"[8.3, 10.9]",Pierce
Esophagus,All,Pierce,2018-2022,All,Female,All,461772,13,2.3,"[1.8, 3.0]",Pierce
Esophagus,All,Pierce,2018-2022,All,All,All,916699,59,5.6,"[4.9, 6.3]",Pierce
Esophagus,All,San Juan,2018-2022,All,Male,All,8612,NR,NR,NR,San Juan
Esophagus,All,San Juan,2018-2022,All,Female,All,9085,NR,NR,NR,San Juan
Esophagus,All,San Juan,2018-2022,All,All,All,17697,NR,NR,NR,San Juan
Esophagus,All,Skagit,2018-2022,All,Male,All,63522,8,8.1,"[5.7, 11.6]",Skagit
Esophagus,All,Skagit,2018-2022,All,Female,All,65419,3,2.2,"[1.2, 4.4]",Skagit
Esophagus,All,Skagit,2018-2022,All,All,All,128941,10,5.0,"[3.7, 6.9]",Skagit
Esophagus,All,Skamania,2018-2022,All,Male,All,5931,NR,NR,NR,Skamania
Esophagus,All,Skamania,2018-2022,All,Female,All,5706,NR,NR,NR,Skamania
Esophagus,All,Skamania,2018-2022,All,All,All,11637,NR,NR,NR,Skamania
Esophagus,All,Snohomish,2018-2022,All,Male,All,411644,37,8.5,"[7.3, 9.9]",Snohomish
Esophagus,All,Snohomish,2018-2022,All,Female,All,414096,10,1.9,"[1.4, 2.5]",Snohomish
Esophagus,All,Snohomish,2018-2022,All,All,All,825740,46,4.9,"[4.3, 5.6]",Snohomish
Esophagus,All,Spokane,2018-2022,All,Male,All,265853,24,7.3,"[6.0, 8.8]",Spokane
Esophagus,All,Spokane,2018-2022,All,Female,All,271281,8,2.2,"[1.5, 3.0]",Spokane
Esophagus,All,Spokane,2018-2022,All,All,All,537133,32,4.6,"[3.9, 5.4]",Spokane
Esophagus,All,Stevens,2018-2022,All,Male,All,23263,4,9.8,"[5.9, 16.9]",Stevens
Esophagus,All,Stevens,2018-2022,All,Female,All,23122,NR,NR,NR,Stevens
Esophagus,All,Stevens,2018-2022,All,All,All,46385,6,6.5,"[4.3, 10.4]",Stevens
Esophagus,All,Thurston,2018-2022,All,Male,All,143216,13,7.2,"[5.5, 9.3]",Thurston
Esophagus,All,Thurston,2018-2022,All,Female,All,150490,7,3.4,"[2.3, 4.9]",Thurston
Esophagus,All,Thurston,2018-2022,All,All,All,293706,20,5.0,"[4.1, 6.2]",Thurston
Esophagus,All,Wahkiakum,2018-2022,All,Male,All,2194,NR,NR,NR,Wahkiakum
Esophagus,All,Wahkiakum,2018-2022,All,Female,All,2223,NR,NR,NR,Wahkiakum
Esophagus,All,Wahkiakum,2018-2022,All,All,All,4418,NR,NR,NR,Wahkiakum
Esophagus,All,Walla Walla,2018-2022,All,Male,All,31610,2,5.2,"[2.7, 10.0]",Walla Walla
Esophagus,All,Walla Walla,2018-2022,All,Female,All,30608,NR,NR,NR,Walla Walla
Esophagus,All,Walla Walla,2018-2022,All,All,All,62218,3,2.7,"[1.4, 5.1]",Walla Walla
Esophagus,All,Whatcom,2018-2022,All,Male,All,111033,15,9.9,"[7.7, 12.7]",Whatcom
Esophagus,All,Whatcom,2018-2022,All,Female,All,114724,5,2.8,"[1.8, 4.5]",Whatcom
Esophagus,All,Whatcom,2018-2022,All,All,All,225757,19,6.1,"[4.9, 7.6]",Whatcom
Esophagus,All,Whitman,2018-2022,All,Male,All,23510,NR,NR,NR,Whitman
Esophagus,All,Whitman,2018-2022,All,Female,All,23582,NR,NR,NR,Whitman
Esophagus,All,Whitman,2018-2022,All,All,All,47092,NR,NR,NR,Whitman
Esophagus,All,Yakima,2018-2022,All,Male,All,128323,9,6.7,"[4.9, 9.1]",Yakima
Esophagus,All,Yakima,2018-2022,All,Female,All,128350,2,1.2,"[0.6, 2.3]",Yakima
Esophagus,All,Yakima,2018-2022,All,All,All,256672,11,3.9,"[2.9, 5.1]",Yakima
Hodgkin lymphoma,All,Central,2018-2022,All,Male,All,427039,10,2.3,"[1.7, 3.1]",Chelan
Hodgkin lymphoma,All,Central,2018-2022,All,Male,All,427039,10,2.3,"[1.7, 3.1]",Douglas
Hodgkin lymphoma,All,Central,2018-2022,All,Male,All,427039,10,2.3,"[1.7, 3.1]",Grant
Hodgkin lymphoma,All,Central,2018-2022,All,Male,All,427039,10,2.3,"[1.7, 3.1]",Kittitas
Hodgkin lymphoma,All,Central,2018-2022,All,Male,All,427039,10,2.3,"[1.7, 3.1]",Yakima
Hodgkin lymphoma,All,Central,2018-2022,All,Male,All,427039,10,2.3,"[1.7, 3.1]",Benton
Hodgkin lymphoma,All,Central,2018-2022,All,Male,All,427039,10,2.3,"[1.7, 3.1]",Franklin
Hodgkin lymphoma,All,Central,2018-2022,All,Male,All,427039,10,2.3,"[1.7, 3.1]",Klickitat
Hodgkin lymphoma,All,Central,2018-2022,All,Female,All,421493,10,2.5,"[1.9, 3.3]",Chelan
Hodgkin lymphoma,All,Central,2018-2022,All,Female,All,421493,10,2.5,"[1.9, 3.3]",Douglas
Hodgkin lymphoma,All,Central,2018-2022,All,Female,All,421493,10,2.5,"[1.9, 3.3]",Grant
Hodgkin lymphoma,All,Central,2018-2022,All,Female,All,421493,10,2.5,"[1.9, 3.3]",Kittitas
Hodgkin lymphoma,All,Central,2018-2022,All,Female,All,421493,10,2.5,"[1.9, 3.3]",Yakima
Hodgkin lymphoma,All,Central,2018-2022,All,Female,All,421493,10,2.5,"[1.9, 3.3]",Benton
Hodgkin lymphoma,All,Central,2018-2022,All,Female,All,421493,10,2.5,"[1.9, 3.3]",Franklin
Hodgkin lymphoma,All,Central,2018-2022,All,Female,All,421493,10,2.5,"[1.9, 3.3]",Klickitat
Hodgkin lymphoma,All,Central,2018-2022,All,All,All,848532,20,2.4,"[2.0, 3.0]",Chelan
Hodgkin lymphoma,All,Central,2018-2022,All,All,All,848532,20,2.4,"[2.0, 3.0]",Douglas
Hodgkin lymphoma,All,Central,2018-2022,All,All,All,848532,20,2.4,"[2.0, 3.0]",Grant
Hodgkin lymphoma,All,Central,2018-2022,All,All,All,848532,20,2.4,"[2.0, 3.0]",Kittitas
Hodgkin lymphoma,All,Central,2018-2022,All,All,All,848532,20,2.4,"[2.0, 3.0]",Yakima
Hodgkin lymphoma,All,Central,2018-2022,All,All,All,848532,20,2.4,"[2.0, 3.0]",Benton
Hodgkin lymphoma,All,Central,2018-2022,All,All,All,848532,20,2.4,"[2.0, 3.0]",Franklin
Hodgkin lymphoma,All,Central,2018-2022,All,All,All,848532,20,2.4,"[2.0, 3.0]",Klickitat
Hodgkin lymphoma,All,East,2018-2022,All,Male,All,406422,8,2.1,"[1.5, 2.8]",Okanogan
Hodgkin lymphoma,All,East,2018-2022,All,Male,All,406422,8,2.1,"[1.5, 2.8]",Ferry
Hodgkin lymphoma,All,East,2018-2022,All,Male,All,406422,8,2.1,"[1.5, 2.8]",Stevens
Hodgkin lymphoma,All,East,2018-2022,All,Male,All,406422,8,2.1,"[1.5, 2.8]",Pend Oreille
Hodgkin lymphoma,All,East,2018-2022,All,Male,All,406422,8,2.1,"[1.5, 2.8]",Lincoln
Hodgkin lymphoma,All,East,2018-2022,All,Male,All,406422,8,2.1,"[1.5, 2.8]",Spokane
Hodgkin lymphoma,All,East,2018-2022,All,Male,All,406422,8,2.1,"[1.5, 2.8]",Adams
Hodgkin lymphoma,All,East,2018-2022,All,Male,All,406422,8,2.1,"[1.5, 2.8]",Whitman
Hodgkin lymphoma,All,East,2018-2022,All,Male,All,406422,8,2.1,"[1.5, 2.8]",Walla Walla
Hodgkin lymphoma,All,East,2018-2022,All,Male,All,406422,8,2.1,"[1.5, 2.8]",Columbia
Hodgkin lymphoma,All,East,2018-2022,All,Male,All,406422,8,2.1,"[1.5, 2.8]",Garfield
Hodgkin lymphoma,All,East,2018-2022,All,Male,All,406422,8,2.1,"[1.5, 2.8]",Asotin
Hodgkin lymphoma,All,East,2018-2022,All,Female,All,409370,9,2,"[1.5, 2.8]",Okanogan
Hodgkin lymphoma,All,East,2018-2022,All,Female,All,409370,9,2,"[1.5, 2.8]",Ferry
Hodgkin lymphoma,All,East,2018-2022,All,Female,All,409370,9,2,"[1.5, 2.8]",Stevens
Hodgkin lymphoma,All,East,2018-2022,All,Female,All,409370,9,2,"[1.5, 2.8]",Pend Oreille
Hodgkin lymphoma,All,East,2018-2022,All,Female,All,409370,9,2,"[1.5, 2.8]",Lincoln
Hodgkin lymphoma,All,East,2018-2022,All,Female,All,409370,9,2,"[1.5, 2.8]",Spokane
Hodgkin lymphoma,All,East,2018-2022,All,Female,All,409370,9,2,"[1.5, 2.8]",Adams
Hodgkin lymphoma,All,East,2018-2022,All,Female,All,409370,9,2,"[1.5, 2.8]",Whitman
Hodgkin lymphoma,All,East,2018-2022,All,Female,All,409370,9,2,"[1.5, 2.8]",Walla Walla
Hodgkin lymphoma,All,East,2018-2022,All,Female,All,409370,9,2,"[1.5, 2.8]",Columbia
Hodgkin lymphoma,All,East,2018-2022,All,Female,All,409370,9,2,"[1.5, 2.8]",Garfield
Hodgkin lymphoma,All,East,2018-2022,All,Female,All,409370,9,2,"[1.5, 2.8]",Asotin
Hodgkin lymphoma,All,East,2018-2022,All,All,All,815792,17,2.1,"[1.6, 2.6]",Okanogan
Hodgkin lymphoma,All,East,2018-2022,All,All,All,815792,17,2.1,"[1.6, 2.6]",Ferry
Hodgkin lymphoma,All,East,2018-2022,All,All,All,815792,17,2.1,"[1.6, 2.6]",Stevens
Hodgkin lymphoma,All,East,2018-2022,All,All,All,815792,17,2.1,"[1.6, 2.6]",Pend Oreille
Hodgkin lymphoma,All,East,2018-2022,All,All,All,815792,17,2.1,"[1.6, 2.6]",Lincoln
Hodgkin lymphoma,All,East,2018-2022,All,All,All,815792,17,2.1,"[1.6, 2.6]",Spokane
Hodgkin lymphoma,All,East,2018-2022,All,All,All,815792,17,2.1,"[1.6, 2.6]",Adams
Hodgkin lymphoma,All,East,2018-2022,All,All,All,815792,17,2.1,"[1.6, 2.6]",Whitman
Hodgkin lymphoma,All,East,2018-2022,All,All,All,815792,17,2.1,"[1.6, 2.6]",Walla Walla
Hodgkin lymphoma,All,East,2018-2022,All,All,All,815792,17,2.1,"[1.6, 2.6]",Columbia
Hodgkin lymphoma,All,East,2018-2022,All,All,All,815792,17,2.1,"[1.6, 2.6]",Garfield
Hodgkin lymphoma,All,East,2018-2022,All,All,All,815792,17,2.1,"[1.6, 2.6]",Asotin
Hodgkin lymphoma,All,King,2018-2022,All,Male,All,1131256,28,2.5,"[2.1, 2.9]",King
Hodgkin lymphoma,All,King,2018-2022,All,Female,All,1126672,24,2,"[1.7, 2.5]",King
Hodgkin lymphoma,All,King,2018-2022,All,All,All,2257928,53,2.2,"[2.0, 2.5]",King
Hodgkin lymphoma,All,Kitsap-Pierce,2018-2022,All,Male,All,593961,16,2.6,"[2.0, 3.2]",Kitsap
Hodgkin lymphoma,All,Kitsap-Pierce,2018-2022,All,Male,All,593961,16,2.6,"[2.0, 3.2]",Pierce
Hodgkin lymphoma,All,Kitsap-Pierce,2018-2022,All,Female,All,597904,16,2.6,"[2.1, 3.3]",Kitsap
Hodgkin lymphoma,All,Kitsap-Pierce,2018-2022,All,Female,All,597904,16,2.6,"[2.1, 3.3]",Pierce
Hodgkin lymphoma,All,Kitsap-Pierce,2018-2022,All,All,All,1191866,32,2.6,"[2.2, 3.0]",Kitsap
Hodgkin lymphoma,All,Kitsap-Pierce,2018-2022,All,All,All,1191866,32,2.6,"[2.2, 3.0]",Pierce
Hodgkin lymphoma,All,North,2018-2022,All,Male,All,637614,17,2.7,"[2.1, 3.3]",Whatcom
Hodgkin lymphoma,All,North,2018-2022,All,Male,All,637614,17,2.7,"[2.1, 3.3]",Skagit
Hodgkin lymphoma,All,North,2018-2022,All,Male,All,637614,17,2.7,"[2.1, 3.3]",Snohomish
Hodgkin lymphoma,All,North,2018-2022,All,Male,All,637614,17,2.7,"[2.1, 3.3]",Island
Hodgkin lymphoma,All,North,2018-2022,All,Male,All,637614,17,2.7,"[2.1, 3.3]",San Juan
Hodgkin lymphoma,All,North,2018-2022,All,Female,All,647035,14,2.1,"[1.6, 2.7]",Whatcom
Hodgkin lymphoma,All,North,2018-2022,All,Female,All,647035,14,2.1,"[1.6, 2.7]",Skagit
Hodgkin lymphoma,All,North,2018-2022,All,Female,All,647035,14,2.1,"[1.6, 2.7]",Snohomish
Hodgkin lymphoma,All,North,2018-2022,All,Female,All,647035,14,2.1,"[1.6, 2.7]",Island
Hodgkin lymphoma,All,North,2018-2022,All,Female,All,647035,14,2.1,"[1.6, 2.7]",San Juan
Hodgkin lymphoma,All,North,2018-2022,All,All,All,1284650,31,2.4,"[2.0, 2.8]",Whatcom
Hodgkin lymphoma,All,North,2018-2022,All,All,All,1284650,31,2.4,"[2.0, 2.8]",Skagit
Hodgkin lymphoma,All,North,2018-2022,All,All,All,1284650,31,2.4,"[2.0, 2.8]",Snohomish
Hodgkin lymphoma,All,North,2018-2022,All,All,All,1284650,31,2.4,"[2.0, 2.8]",Island
Hodgkin lymphoma,All,North,2018-2022,All,All,All,1284650,31,2.4,"[2.0, 2.8]",San Juan
Hodgkin lymphoma,All,West,2018-2022,All,Male,All,632785,17,2.6,"[2.1, 3.3]",Clallam
Hodgkin lymphoma,All,West,2018-2022,All,Male,All,632785,17,2.6,"[2.1, 3.3]",Jefferson
Hodgkin lymphoma,All,West,2018-2022,All,Male,All,632785,17,2.6,"[2.1, 3.3]",Grays Harbor
Hodgkin lymphoma,All,West,2018-2022,All,Male,All,632785,17,2.6,"[2.1, 3.3]",Mason
Hodgkin lymphoma,All,West,2018-2022,All,Male,All,632785,17,2.6,"[2.1, 3.3]",Thurston
Hodgkin lymphoma,All,West,2018-2022,All,Male,All,632785,17,2.6,"[2.1, 3.3]",Pacific
Hodgkin lymphoma,All,West,2018-2022,All,Male,All,632785,17,2.6,"[2.1, 3.3]",Lewis
Hodgkin lymphoma,All,West,2018-2022,All,Male,All,632785,17,2.6,"[2.1, 3.3]",Cowlitz
Hodgkin lymphoma,All,West,2018-2022,All,Male,All,632785,17,2.6,"[2.1, 3.3]",Skamania
Hodgkin lymphoma,All,West,2018-2022,All,Male,All,632785,17,2.6,"[2.1, 3.3]",Clark
Hodgkin lymphoma,All,West,2018-2022,All,Female,All,645042,12,2.1,"[1.6, 2.7]",Clallam
Hodgkin lymphoma,All,West,2018-2022,All,Female,All,645042,12,2.1,"[1.6, 2.7]",Jefferson
Hodgkin lymphoma,All,West,2018-2022,All,Female,All,645042,12,2.1,"[1.6, 2.7]",Grays Harbor
Hodgkin lymphoma,All,West,2018-2022,All,Female,All,645042,12,2.1,"[1.6, 2.7]",Mason
Hodgkin lymphoma,All,West,2018-2022,All,Female,All,645042,12,2.1,"[1.6, 2.7]",Thurston
Hodgkin lymphoma,All,West,2018-2022,All,Female,All,645042,12,2.1,"[1.6, 2.7]",Pacific
Hodgkin lymphoma,All,West,2018-2022,All,Female,All,645042,12,2.1,"[1.6, 2.7]",Lewis
Hodgkin lymphoma,All,West,2018-2022,All,Female,All,645042,12,2.1,"[1.6, 2.7]",Cowlitz
Hodgkin lymphoma,All,West,2018-2022,All,Female,All,645042,12,2.1,"[1.6, 2.7]",Skamania
Hodgkin lymphoma,All,West,2018-2022,All,Female,All,645042,12,2.1,"[1.6, 2.7]",Clark
Hodgkin lymphoma,All,West,2018-2022,All,All,All,1277827,29,2.3,"[2.0, 2.8]",Clallam
Hodgkin lymphoma,All,West,2018-2022,All,All,All,1277827,29,2.3,"[2.0, 2.8]",Jefferson
Hodgkin lymphoma,All,West,2018-2022,All,All,All,1277827,29,2.3,"[2.0, 2.8]",Grays Harbor
Hodgkin lymphoma,All,West,2018-2022,All,All,All,1277827,29,2.3,"[2.0, 2.8]",Mason
Hodgkin lymphoma,All,West,2018-2022,All,All,All,1277827,29,2.3,"[2.0, 2.8]",Thurston
Hodgkin lymphoma,All,West,2018-2022,All,All,All,1277827,29,2.3,"[2.0, 2.8]",Pacific
Hodgkin lymphoma,All,West,2018-2022,All,All,All,1277827,29,2.3,"[2.0, 2.8]",Lewis
Hodgkin lymphoma,All,West,2018-2022,All,All,All,1277827,29,2.3,"[2.0, 2.8]",Cowlitz
Hodgkin lymphoma,All,West,2018-2022,All,All,All,1277827,29,2.3,"[2.0, 2.8]",Skamania
Hodgkin lymphoma,All,West,2018-2022,All,All,All,1277827,29,2.3,"[2.0, 2.8]",Clark
Kidney and renal pelvis,All,Adams,2018-2022,All,Male,All,10551,3,31.4,"[17.4, 54.3]",Adams
Kidney and renal pelvis,All,Adams,2018-2022,All,Female,All,10078,NR,NR,NR,Adams
Kidney and renal pelvis,All,Adams,2018-2022,All,All,All,20630,5,26.2,"[16.6, 39.5]",Adams
Kidney and renal pelvis,All,Asotin,2018-2022,All,Male,All,10865,2,13.0,"[6.1, 27.1]",Asotin
Kidney and renal pelvis,All,Asotin,2018-2022,All,Female,All,11471,NR,NR,NR,Asotin
Kidney and renal pelvis,All,Asotin,2018-2022,All,All,All,22336,4,10.5,"[5.8, 18.7]",Asotin
Kidney and renal pelvis,All,Benton,2018-2022,All,Male,All,102466,22,19.7,"[16.1, 23.9]",Benton
Kidney and renal pelvis,All,Benton,2018-2022,All,Female,All,103559,17,13.8,"[10.9, 17.3]",Benton
Kidney and renal pelvis,All,Benton,2018-2022,All,All,All,206025,39,16.6,"[14.3, 19.2]",Benton
Kidney and renal pelvis,All,Chelan,2018-2022,All,Male,All,39569,10,17.3,"[12.6, 23.7]",Chelan
Kidney and renal pelvis,All,Chelan,2018-2022,All,Female,All,39471,7,11.7,"[8.0, 17.1]",Chelan
Kidney and renal pelvis,All,Chelan,2018-2022,All,All,All,79040,17,14.6,"[11.5, 18.5]",Chelan
Kidney and renal pelvis,All,Clallam,2018-2022,All,Male,All,37791,17,24.4,"[18.9, 31.8]",Clallam
Kidney and renal pelvis,All,Clallam,2018-2022,All,Female,All,39105,8,10.9,"[7.3, 16.6]",Clallam
Kidney and renal pelvis,All,Clallam,2018-2022,All,All,All,76896,25,17.3,"[14.0, 21.5]",Clallam
Kidney and renal pelvis,All,Clark,2018-2022,All,Male,All,248051,65,22.6,"[20.2, 25.3]",Clark
Kidney and renal pelvis,All,Clark,2018-2022,All,Female,All,253740,35,11.2,"[9.5, 13.1]",Clark
Kidney and renal pelvis,All,Clark,2018-2022,All,All,All,501791,99,16.6,"[15.2, 18.2]",Clark
Kidney and renal pelvis,All,Columbia,2018-2022,All,Male,All,1963,NR,NR,NR,Columbia
Kidney and renal pelvis,All,Columbia,2018-2022,All,Female,All,1994,NR,NR,NR,Columbia
Kidney and renal pelvis,All,Columbia,2018-2022,All,All,All,3957,NR,NR,NR,Columbia
Kidney and renal pelvis,All,Cowlitz,2018-2022,All,Male,All,54735,15,20.4,"[15.9, 26.1]",Cowlitz
Kidney and renal pelvis,All,Cowlitz,2018-2022,All,Female,All,55601,8,10.7,"[7.5, 15.1]",Cowlitz
Kidney and renal pelvis,All,Cowlitz,2018-2022,All,All,All,110335,23,15.3,"[12.5, 18.6]",Cowlitz
Kidney and renal pelvis,All,Douglas,2018-2022,All,Male,All,21598,6,24.7,"[16.4, 36.3]",Douglas
Kidney and renal pelvis,All,Douglas,2018-2022,All,Female,All,21244,3,10.6,"[5.8, 18.7]",Douglas
Kidney and renal pelvis,All,Douglas,2018-2022,All,All,All,42842,9,17.1,"[12.3, 23.5]",Douglas
Kidney and renal pelvis,All,Ferry,2018-2022,All,Male,All,3674,NR,NR,NR,Ferry
Kidney and renal pelvis,All,Ferry,2018-2022,All,Female,All,3561,NR,NR,NR,Ferry
Kidney and renal pelvis,All,Ferry,2018-2022,All,All,All,7234,2,18.1,"[7.8, 41.8]",Ferry
Kidney and renal pelvis,All,Franklin,2018-2022,All,Male,All,49721,9,21.9,"[15.8, 30.0]",Franklin
Kidney and renal pelvis,All,Franklin,2018-2022,All,Female,All,46721,7,16.5,"[11.2, 23.6]",Franklin
Kidney and renal pelvis,All,Franklin,2018-2022,All,All,All,96442,16,19.1,"[15.0, 24.1]",Franklin
Kidney and renal pelvis,All,Garfield,2018-2022,All,Male,All,1158,NR,NR,NR,Garfield
Kidney and renal pelvis,All,Garfield,2018-2022,All,Female,All,1127,NR,NR,NR,Garfield
Kidney and renal pelvis,All,Garfield,2018-2022,All,All,All,2285,NR,NR,NR,Garfield
Kidney and renal pelvis,All,Grant,2018-2022,All,Male,All,50797,13,24.4,"[18.7, 31.6]",Grant
Kidney and renal pelvis,All,Grant,2018-2022,All,Female,All,48337,7,14.0,"[9.8, 19.7]",Grant
Kidney and renal pelvis,All,Grant,2018-2022,All,All,All,99134,20,19.1,"[15.5, 23.4]",Grant
Kidney and renal pelvis,All,Grays Harbor,2018-2022,All,Male,All,38516,13,24.6,"[18.6, 32.3]",Grays Harbor
Kidney and renal pelvis,All,Grays Harbor,2018-2022,All,Female,All,37011,9,14.5,"[10.5, 20.2]",Grays Harbor
Kidney and renal pelvis,All,Grays Harbor,2018-2022,All,All,All,75528,23,19.8,"[16.1, 24.4]",Grays Harbor
Kidney and renal pelvis,All,Island,2018-2022,All,Male,All,42803,15,21.3,"[16.5, 27.8]",Island
Kidney and renal pelvis,All,Island,2018-2022,All,Female,All,43712,9,10.6,"[7.5, 15.3]",Island
Kidney and renal pelvis,All,Island,2018-2022,All,All,All,86515,24,15.6,"[12.7, 19.2]",Island
Kidney and renal pelvis,All,Jefferson,2018-2022,All,Male,All,16132,7,18.8,"[11.6, 32.5]",Jefferson
Kidney and renal pelvis,All,Jefferson,2018-2022,All,Female,All,16754,5,13.7,"[7.5, 28.4]",Jefferson
Kidney and renal pelvis,All,Jefferson,2018-2022,All,All,All,32885,11,16.2,"[11.2, 24.4]",Jefferson
Kidney and renal pelvis,All,King,2018-2022,All,Male,All,1131256,230,20.3,"[19.1, 21.5]",King
Kidney and renal pelvis,All,King,2018-2022,All,Female,All,1126672,115,8.9,"[8.2, 9.7]",King
Kidney and renal pelvis,All,King,2018-2022,All,All,All,2257928,346,14.2,"[13.5, 14.9]",King
Kidney and renal pelvis,All,Kitsap,2018-2022,All,Male,All,139034,35,19.8,"[16.9, 23.2]",Kitsap
Kidney and renal pelvis,All,Kitsap,2018-2022,All,Female,All,136133,24,12.3,"[10.1, 15.0]",Kitsap
Kidney and renal pelvis,All,Kitsap,2018-2022,All,All,All,275167,59,15.9,"[14.1, 18.0]",Kitsap
Kidney and renal pelvis,All,Kittitas,2018-2022,All,Male,All,22970,6,20.9,"[13.5, 31.7]",Kittitas
Kidney and renal pelvis,All,Kittitas,2018-2022,All,Female,All,22723,3,12.0,"[6.6, 21.1]",Kittitas
Kidney and renal pelvis,All,Kittitas,2018-2022,All,All,All,45694,9,16.4,"[11.6, 22.8]",Kittitas
Kidney and renal pelvis,All,Klickitat,2018-2022,All,Male,All,11595,3,20.5,"[11.4, 36.5]",Klickitat
Kidney and renal pelvis,All,Klickitat,2018-2022,All,Female,All,11088,NR,NR,NR,Klickitat
Kidney and renal pelvis,All,Klickitat,2018-2022,All,All,All,22683,5,13.9,"[8.6, 22.8]",Klickitat
Kidney and renal pelvis,All,Lewis,2018-2022,All,Male,All,41031,11,18.4,"[13.6, 24.8]",Lewis
Kidney and renal pelvis,All,Lewis,2018-2022,All,Female,All,40899,7,11.9,"[8.1, 17.4]",Lewis
Kidney and renal pelvis,All,Lewis,2018-2022,All,All,All,81930,18,15.2,"[12.0, 19.1]",Lewis
Kidney and renal pelvis,All,Lincoln,2018-2022,All,Male,All,5482,2,26.7,"[13.1, 56.6]",Lincoln
Kidney and renal pelvis,All,Lincoln,2018-2022,All,Female,All,5407,NR,NR,NR,Lincoln
Kidney and renal pelvis,All,Lincoln,2018-2022,All,All,All,10889,3,19.6,"[10.7, 36.4]",Lincoln
Kidney and renal pelvis,All,Mason,2018-2022,All,Male,All,33617,12,24.3,"[18.0, 32.6]",Mason
Kidney and renal pelvis,All,Mason,2018-2022,All,Female,All,31866,8,14.3,"[9.9, 20.8]",Mason
Kidney and renal pelvis,All,Mason,2018-2022,All,All,All,65483,19,19.3,"[15.4, 24.2]",Mason
Kidney and renal pelvis,All,Okanogan,2018-2022,All,Male,All,21691,9,24.9,"[17.7, 35.1]",Okanogan
Kidney and renal pelvis,All,Okanogan,2018-2022,All,Female,All,20525,3,9.9,"[5.2, 18.7]",Okanogan
Kidney and renal pelvis,All,Okanogan,2018-2022,All,All,All,42216,12,17.4,"[12.9, 23.4]",Okanogan
Kidney and renal pelvis,All,Pacific,2018-2022,All,Male,All,11571,3,13.9,"[7.8, 27.4]",Pacific
Kidney and renal pelvis,All,Pacific,2018-2022,All,Female,All,11646,2,7.8,"[3.4, 22.2]",Pacific
Kidney and renal pelvis,All,Pacific,2018-2022,All,All,All,23217,5,10.7,"[6.8, 18.5]",Pacific
Kidney and renal pelvis,All,Pend Oreille,2018-2022,All,Male,All,6803,2,18.5,"[7.6, 43.1]",Pend Oreille
Kidney and renal pelvis,All,Pend Oreille,2018-2022,All,Female,All,6614,NR,NR,NR,Pend Oreille
Kidney and renal pelvis,All,Pend Oreille,2018-2022,All,All,All,13417,4,16.3,"[8.7, 30.7]",Pend Oreille
Kidney and renal pelvis,All,Pierce,2018-2022,All,Male,All,454927,119,23.8,"[21.9, 25.9]",Pierce
Kidney and renal pelvis,All,Pierce,2018-2022,All,Female,All,461772,70,12.7,"[11.4, 14.2]",Pierce
Kidney and renal pelvis,All,Pierce,2018-2022,All,All,All,916699,189,17.9,"[16.8, 19.1]",Pierce
Kidney and renal pelvis,All,San Juan,2018-2022,All,Male,All,8612,5,24.3,"[14.4, 46.7]",San Juan
Kidney and renal pelvis,All,San Juan,2018-2022,All,Female,All,9085,NR,NR,NR,San Juan
Kidney and renal pelvis,All,San Juan,2018-2022,All,All,All,17697,6,16.3,"[10.4, 28.4]",San Juan
Kidney and renal pelvis,All,Skagit,2018-2022,All,Male,All,63522,21,23.1,"[18.7, 28.5]",Skagit
Kidney and renal pelvis,All,Skagit,2018-2022,All,Female,All,65419,12,12.4,"[9.3, 16.5]",Skagit
Kidney and renal pelvis,All,Skagit,2018-2022,All,All,All,128941,33,17.6,"[14.9, 20.9]",Skagit
Kidney and renal pelvis,All,Skamania,2018-2022,All,Male,All,5931,NR,NR,NR,Skamania
Kidney and renal pelvis,All,Skamania,2018-2022,All,Female,All,5706,NR,NR,NR,Skamania
Kidney and renal pelvis,All,Skamania,2018-2022,All,All,All,11637,NR,NR,NR,Skamania
Kidney and renal pelvis,All,Snohomish,2018-2022,All,Male,All,411644,89,19.7,"[17.9, 21.7]",Snohomish
Kidney and renal pelvis,All,Snohomish,2018-2022,All,Female,All,414096,46,9.2,"[8.0, 10.5]",Snohomish
Kidney and renal pelvis,All,Snohomish,2018-2022,All,All,All,825740,135,14.2,"[13.1, 15.3]",Snohomish
Kidney and renal pelvis,All,Spokane,2018-2022,All,Male,All,265853,63,19.6,"[17.4, 22.0]",Spokane
Kidney and renal pelvis,All,Spokane,2018-2022,All,Female,All,271281,35,10.3,"[8.7, 12.0]",Spokane
Kidney and renal pelvis,All,Spokane,2018-2022,All,All,All,537133,97,14.7,"[13.4, 16.1]",Spokane
Kidney and renal pelvis,All,Stevens,2018-2022,All,Male,All,23263,8,22.6,"[15.6, 32.9]",Stevens
Kidney and renal pelvis,All,Stevens,2018-2022,All,Female,All,23122,5,14.3,"[8.8, 23.3]",Stevens
Kidney and renal pelvis,All,Stevens,2018-2022,All,All,All,46385,13,18.4,"[13.8, 24.6]",Stevens
Kidney and renal pelvis,All,Thurston,2018-2022,All,Male,All,143216,42,22.7,"[19.7, 26.2]",Thurston
Kidney and renal pelvis,All,Thurston,2018-2022,All,Female,All,150490,21,10.9,"[8.8, 13.4]",Thurston
Kidney and renal pelvis,All,Thurston,2018-2022,All,All,All,293706,63,16.3,"[14.5, 18.3]",Thurston
Kidney and renal pelvis,All,Wahkiakum,2018-2022,All,Male,All,2194,NR,NR,NR,Wahkiakum
Kidney and renal pelvis,All,Wahkiakum,2018-2022,All,Female,All,2223,NR,NR,NR,Wahkiakum
Kidney and renal pelvis,All,Wahkiakum,2018-2022,All,All,All,4418,NR,NR,NR,Wahkiakum
Kidney and renal pelvis,All,Walla Walla,2018-2022,All,Male,All,31610,9,22.2,"[16.1, 30.5]",Walla Walla
Kidney and renal pelvis,All,Walla Walla,2018-2022,All,Female,All,30608,5,13.6,"[8.3, 21.4]",Walla Walla
Kidney and renal pelvis,All,Walla Walla,2018-2022,All,All,All,62218,14,17.6,"[13.5, 22.8]",Walla Walla
Kidney and renal pelvis,All,Whatcom,2018-2022,All,Male,All,111033,33,24.6,"[20.9, 28.9]",Whatcom
Kidney and renal pelvis,All,Whatcom,2018-2022,All,Female,All,114724,16,11.5,"[9.1, 14.6]",Whatcom
Kidney and renal pelvis,All,Whatcom,2018-2022,All,All,All,225757,50,17.5,"[15.3, 20.0]",Whatcom
Kidney and renal pelvis,All,Whitman,2018-2022,All,Male,All,23510,NR,NR,NR,Whitman
Kidney and renal pelvis,All,Whitman,2018-2022,All,Female,All,23582,NR,NR,NR,Whitman
Kidney and renal pelvis,All,Whitman,2018-2022,All,All,All,47092,3,7.1,"[3.7, 12.6]",Whitman
Kidney and renal pelvis,All,Yakima,2018-2022,All,Male,All,128323,25,18.8,"[15.6, 22.6]",Yakima
Kidney and renal pelvis,All,Yakima,2018-2022,All,Female,All,128350,18,12.5,"[10.0, 15.6]",Yakima
Kidney and renal pelvis,All,Yakima,2018-2022,All,All,All,256672,43,15.5,"[13.5, 17.9]",Yakima
Larynx,All,Adams,2018-2022,All,Male,All,10551,NR,NR,NR,Adams
Larynx,All,Adams,2018-2022,All,Female,All,10078,NR,NR,NR,Adams
Larynx,All,Adams,2018-2022,All,All,All,20630,NR,NR,NR,Adams
Larynx,All,Asotin,2018-2022,All,Male,All,10865,NR,NR,NR,Asotin
Larynx,All,Asotin,2018-2022,All,Female,All,11471,NR,NR,NR,Asotin
Larynx,All,Asotin,2018-2022,All,All,All,22336,NR,NR,NR,Asotin
Larynx,All,Benton,2018-2022,All,Male,All,102466,4,3.4,"[2.0, 5.4]",Benton
Larynx,All,Benton,2018-2022,All,Female,All,103559,NR,NR,NR,Benton
Larynx,All,Benton,2018-2022,All,All,All,206025,5,1.9,"[1.2, 3.0]",Benton
Larynx,All,Chelan,2018-2022,All,Male,All,39569,2,3.2,"[1.5, 6.7]",Chelan
Larynx,All,Chelan,2018-2022,All,Female,All,39471,NR,NR,NR,Chelan
Larynx,All,Chelan,2018-2022,All,All,All,79040,3,2.0,"[1.0, 3.8]",Chelan
Larynx,All,Clallam,2018-2022,All,Male,All,37791,3,4.3,"[2.3, 8.5]",Clallam
Larynx,All,Clallam,2018-2022,All,Female,All,39105,NR,NR,NR,Clallam
Larynx,All,Clallam,2018-2022,All,All,All,76896,3,2.1,"[1.1, 4.2]",Clallam
Larynx,All,Clark,2018-2022,All,Male,All,248051,9,3.0,"[2.2, 4.1]",Clark
Larynx,All,Clark,2018-2022,All,Female,All,253740,2,0.7,"[0.4, 1.4]",Clark
Larynx,All,Clark,2018-2022,All,All,All,501791,12,1.8,"[1.3, 2.3]",Clark
Larynx,All,Columbia,2018-2022,All,Male,All,1963,NR,NR,NR,Columbia
Larynx,All,Columbia,2018-2022,All,Female,All,1994,NR,NR,NR,Columbia
Larynx,All,Columbia,2018-2022,All,All,All,3957,NR,NR,NR,Columbia
Larynx,All,Cowlitz,2018-2022,All,Male,All,54735,2,2.4,"[1.1, 5.0]",Cowlitz
Larynx,All,Cowlitz,2018-2022,All,Female,All,55601,NR,NR,NR,Cowlitz
Larynx,All,Cowlitz,2018-2022,All,All,All,110335,3,1.7,"[0.9, 3.1]",Cowlitz
Larynx,All,Douglas,2018-2022,All,Male,All,21598,NR,NR,NR,Douglas
Larynx,All,Douglas,2018-2022,All,Female,All,21244,NR,NR,NR,Douglas
Larynx,All,Douglas,2018-2022,All,All,All,42842,NR,NR,NR,Douglas
Larynx,All,Ferry,2018-2022,All,Male,All,3674,NR,NR,NR,Ferry
Larynx,All,Ferry,2018-2022,All,Female,All,3561,NR,NR,NR,Ferry
Larynx,All,Ferry,2018-2022,All,All,All,7234,NR,NR,NR,Ferry
Larynx,All,Franklin,2018-2022,All,Male,All,49721,NR,NR,NR,Franklin
Larynx,All,Franklin,2018-2022,All,Female,All,46721,NR,NR,NR,Franklin
Larynx,All,Franklin,2018-2022,All,All,All,96442,NR,NR,NR,Franklin
Larynx,All,Garfield,2018-2022,All,Male,All,1158,NR,NR,NR,Garfield
Larynx,All,Garfield,2018-2022,All,Female,All,1127,NR,NR,NR,Garfield
Larynx,All,Garfield,2018-2022,All,All,All,2285,NR,NR,NR,Garfield
Larynx,All,Grant,2018-2022,All,Male,All,50797,2,4.5,"[2.3, 8.3]",Grant
Larynx,All,Grant,2018-2022,All,Female,All,48337,NR,NR,NR,Grant
Larynx,All,Grant,2018-2022,All,All,All,99134,3,3.0,"[1.7, 5.1]",Grant
Larynx,All,Grays Harbor,2018-2022,All,Male,All,38516,3,5.5,"[3.2, 9.8]",Grays Harbor
Larynx,All,Grays Harbor,2018-2022,All,Female,All,37011,NR,NR,NR,Grays Harbor
Larynx,All,Grays Harbor,2018-2022,All,All,All,75528,5,4.0,"[2.5, 6.3]",Grays Harbor
Larynx,All,Island,2018-2022,All,Male,All,42803,NR,NR,NR,Island
Larynx,All,Island,2018-2022,All,Female,All,43712,NR,NR,NR,Island
Larynx,All,Island,2018-2022,All,All,All,86515,NR,NR,NR,Island
Larynx,All,Jefferson,2018-2022,All,Male,All,16132,NR,NR,NR,Jefferson
Larynx,All,Jefferson,2018-2022,All,Female,All,16754,NR,NR,NR,Jefferson
Larynx,All,Jefferson,2018-2022,All,All,All,32885,NR,NR,NR,Jefferson
Larynx,All,King,2018-2022,All,Male,All,1131256,35,3.0,"[2.5, 3.5]",King
Larynx,All,King,2018-2022,All,Female,All,1126672,9,0.6,"[0.5, 0.9]",King
Larynx,All,King,2018-2022,All,All,All,2257928,44,1.7,"[1.5, 2.0]",King
Larynx,All,Kitsap,2018-2022,All,Male,All,139034,5,3.1,"[2.0, 4.7]",Kitsap
Larynx,All,Kitsap,2018-2022,All,Female,All,136133,NR,NR,NR,Kitsap
Larynx,All,Kitsap,2018-2022,All,All,All,275167,7,1.8,"[1.2, 2.6]",Kitsap
Larynx,All,Kittitas,2018-2022,All,Male,All,22970,NR,NR,NR,Kittitas
Larynx,All,Kittitas,2018-2022,All,Female,All,22723,NR,NR,NR,Kittitas
Larynx,All,Kittitas,2018-2022,All,All,All,45694,NR,NR,NR,Kittitas
Larynx,All,Klickitat,2018-2022,All,Male,All,11595,NR,NR,NR,Klickitat
Larynx,All,Klickitat,2018-2022,All,Female,All,11088,NR,NR,NR,Klickitat
Larynx,All,Klickitat,2018-2022,All,All,All,22683,NR,NR,NR,Klickitat
Larynx,All,Lewis,2018-2022,All,Male,All,41031,2,4.0,"[1.9, 7.8]",Lewis
Larynx,All,Lewis,2018-2022,All,Female,All,40899,NR,NR,NR,Lewis
Larynx,All,Lewis,2018-2022,All,All,All,81930,3,2.2,"[1.1, 4.1]",Lewis
Larynx,All,Lincoln,2018-2022,All,Male,All,5482,NR,NR,NR,Lincoln
Larynx,All,Lincoln,2018-2022,All,Female,All,5407,NR,NR,NR,Lincoln
Larynx,All,Lincoln,2018-2022,All,All,All,10889,NR,NR,NR,Lincoln
Larynx,All,Mason,2018-2022,All,Male,All,33617,4,6.1,"[3.5, 10.8]",Mason
Larynx,All,Mason,2018-2022,All,Female,All,31866,NR,NR,NR,Mason
Larynx,All,Mason,2018-2022,All,All,All,65483,4,3.6,"[2.2, 6.0]",Mason
Larynx,All,Okanogan,2018-2022,All,Male,All,21691,NR,NR,NR,Okanogan
Larynx,All,Okanogan,2018-2022,All,Female,All,20525,NR,NR,NR,Okanogan
Larynx,All,Okanogan,2018-2022,All,All,All,42216,NR,NR,NR,Okanogan
Larynx,All,Pacific,2018-2022,All,Male,All,11571,NR,NR,NR,Pacific
Larynx,All,Pacific,2018-2022,All,Female,All,11646,NR,NR,NR,Pacific
Larynx,All,Pacific,2018-2022,All,All,All,23217,NR,NR,NR,Pacific
Larynx,All,Pend Oreille,2018-2022,All,Male,All,6803,NR,NR,NR,Pend Oreille
Larynx,All,Pend Oreille,2018-2022,All,Female,All,6614,NR,NR,NR,Pend Oreille
Larynx,All,Pend Oreille,2018-2022,All,All,All,13417,NR,NR,NR,Pend Oreille
Larynx,All,Pierce,2018-2022,All,Male,All,454927,24,4.6,"[3.8, 5.5]",Pierce
Larynx,All,Pierce,2018-2022,All,Female,All,461772,6,1.0,"[0.7, 1.5]",Pierce
Larynx,All,Pierce,2018-2022,All,All,All,916699,29,2.6,"[2.2, 3.1]",Pierce
Larynx,All,San Juan,2018-2022,All,Male,All,8612,NR,NR,NR,San Juan
Larynx,All,San Juan,2018-2022,All,Female,All,9085,NR,NR,NR,San Juan
Larynx,All,San Juan,2018-2022,All,All,All,17697,NR,NR,NR,San Juan
Larynx,All,Skagit,2018-2022,All,Male,All,63522,4,4.2,"[2.5, 7.0]",Skagit
Larynx,All,Skagit,2018-2022,All,Female,All,65419,NR,NR,NR,Skagit
Larynx,All,Skagit,2018-2022,All,All,All,128941,5,2.3,"[1.5, 3.8]",Skagit
Larynx,All,Skamania,2018-2022,All,Male,All,5931,NR,NR,NR,Skamania
Larynx,All,Skamania,2018-2022,All,Female,All,5706,NR,NR,NR,Skamania
Larynx,All,Skamania,2018-2022,All,All,All,11637,NR,NR,NR,Skamania
Larynx,All,Snohomish,2018-2022,All,Male,All,411644,16,3.5,"[2.8, 4.5]",Snohomish
Larynx,All,Snohomish,2018-2022,All,Female,All,414096,3,0.6,"[0.3, 1.0]",Snohomish
Larynx,All,Snohomish,2018-2022,All,All,All,825740,19,1.9,"[1.5, 2.4]",Snohomish
Larynx,All,Spokane,2018-2022,All,Male,All,265853,8,2.5,"[1.8, 3.4]",Spokane
Larynx,All,Spokane,2018-2022,All,Female,All,271281,NR,NR,NR,Spokane
Larynx,All,Spokane,2018-2022,All,All,All,537133,10,1.4,"[1.0, 1.9]",Spokane
Larynx,All,Stevens,2018-2022,All,Male,All,23263,2,4.6,"[2.2, 10.6]",Stevens
Larynx,All,Stevens,2018-2022,All,Female,All,23122,NR,NR,NR,Stevens
Larynx,All,Stevens,2018-2022,All,All,All,46385,2,2.6,"[1.3, 5.7]",Stevens
Larynx,All,Thurston,2018-2022,All,Male,All,143216,7,3.8,"[2.6, 5.5]",Thurston
Larynx,All,Thurston,2018-2022,All,Female,All,150490,2,1.2,"[0.6, 2.3]",Thurston
Larynx,All,Thurston,2018-2022,All,All,All,293706,9,2.4,"[1.7, 3.3]",Thurston
Larynx,All,Wahkiakum,2018-2022,All,Male,All,2194,NR,NR,NR,Wahkiakum
Larynx,All,Wahkiakum,2018-2022,All,Female,All,2223,NR,NR,NR,Wahkiakum
Larynx,All,Wahkiakum,2018-2022,All,All,All,4418,NR,NR,NR,Wahkiakum
Larynx,All,Walla Walla,2018-2022,All,Male,All,31610,NR,NR,NR,Walla Walla
Larynx,All,Walla Walla,2018-2022,All,Female,All,30608,NR,NR,NR,Walla Walla
Larynx,All,Walla Walla,2018-2022,All,All,All,62218,2,2.5,"[1.2, 4.9]",Walla Walla
Larynx,All,Whatcom,2018-2022,All,Male,All,111033,4,3.6,"[2.2, 5.6]",Whatcom
Larynx,All,Whatcom,2018-2022,All,Female,All,114724,NR,NR,NR,Whatcom
Larynx,All,Whatcom,2018-2022,All,All,All,225757,5,1.9,"[1.2, 2.9]",Whatcom
Larynx,All,Whitman,2018-2022,All,Male,All,23510,NR,NR,NR,Whitman
Larynx,All,Whitman,2018-2022,All,Female,All,23582,NR,NR,NR,Whitman
Larynx,All,Whitman,2018-2022,All,All,All,47092,NR,NR,NR,Whitman
Larynx,All,Yakima,2018-2022,All,Male,All,128323,5,4.0,"[2.6, 5.9]",Yakima
Larynx,All,Yakima,2018-2022,All,Female,All,128350,NR,NR,NR,Yakima
Larynx,All,Yakima,2018-2022,All,All,All,256672,7,2.3,"[1.5, 3.3]",Yakima
Leukemia,All,Adams,2018-2022,All,Male,All,10551,NR,NR,NR,Adams
Leukemia,All,Adams,2018-2022,All,Female,All,10078,NR,NR,NR,Adams
Leukemia,All,Adams,2018-2022,All,All,All,20630,2,11.0,"[5.6, 20.1]",Adams
Leukemia,All,Asotin,2018-2022,All,Male,All,10865,3,16.4,"[8.2, 31.8]",Asotin
Leukemia,All,Asotin,2018-2022,All,Female,All,11471,NR,NR,NR,Asotin
Leukemia,All,Asotin,2018-2022,All,All,All,22336,3,10.9,"[5.8, 19.6]",Asotin
Leukemia,All,Benton,2018-2022,All,Male,All,102466,19,17.2,"[13.8, 21.2]",Benton
Leukemia,All,Benton,2018-2022,All,Female,All,103559,11,8.8,"[6.6, 11.7]",Benton
Leukemia,All,Benton,2018-2022,All,All,All,206025,30,12.8,"[10.8, 15.1]",Benton
Leukemia,All,Chelan,2018-2022,All,Male,All,39569,10,19.1,"[13.9, 25.9]",Chelan
Leukemia,All,Chelan,2018-2022,All,Female,All,39471,7,12.5,"[8.4, 18.3]",Chelan
Leukemia,All,Chelan,2018-2022,All,All,All,79040,16,15.5,"[12.2, 19.6]",Chelan
Leukemia,All,Clallam,2018-2022,All,Male,All,37791,15,24.5,"[18.4, 32.6]",Clallam
Leukemia,All,Clallam,2018-2022,All,Female,All,39105,8,14.3,"[9.3, 21.6]",Clallam
Leukemia,All,Clallam,2018-2022,All,All,All,76896,23,19.1,"[15.2, 24.2]",Clallam
Leukemia,All,Clark,2018-2022,All,Male,All,248051,45,16.5,"[14.3, 18.9]",Clark
Leukemia,All,Clark,2018-2022,All,Female,All,253740,29,9.7,"[8.1, 11.5]",Clark
Leukemia,All,Clark,2018-2022,All,All,All,501791,74,12.8,"[11.5, 14.2]",Clark
Leukemia,All,Columbia,2018-2022,All,Male,All,1963,NR,NR,NR,Columbia
Leukemia,All,Columbia,2018-2022,All,Female,All,1994,NR,NR,NR,Columbia
Leukemia,All,Columbia,2018-2022,All,All,All,3957,NR,NR,NR,Columbia
Leukemia,All,Cowlitz,2018-2022,All,Male,All,54735,14,19.6,"[15.1, 25.2]",Cowlitz
Leukemia,All,Cowlitz,2018-2022,All,Female,All,55601,8,10.3,"[7.3, 14.6]",Cowlitz
Leukemia,All,Cowlitz,2018-2022,All,All,All,110335,22,14.5,"[11.8, 17.7]",Cowlitz
Leukemia,All,Douglas,2018-2022,All,Male,All,21598,6,24.1,"[16.4, 35.0]",Douglas
Leukemia,All,Douglas,2018-2022,All,Female,All,21244,4,14.2,"[8.5, 23.1]",Douglas
Leukemia,All,Douglas,2018-2022,All,All,All,42842,10,19.0,"[14.1, 25.5]",Douglas
Leukemia,All,Ferry,2018-2022,All,Male,All,3674,NR,NR,NR,Ferry
Leukemia,All,Ferry,2018-2022,All,Female,All,3561,NR,NR,NR,Ferry
Leukemia,All,Ferry,2018-2022,All,All,All,7234,NR,NR,NR,Ferry
Leukemia,All,Franklin,2018-2022,All,Male,All,49721,7,16.4,"[11.1, 23.8]",Franklin
Leukemia,All,Franklin,2018-2022,All,Female,All,46721,4,9.1,"[5.4, 14.6]",Franklin
Leukemia,All,Franklin,2018-2022,All,All,All,96442,10,12.7,"[9.4, 16.9]",Franklin
Leukemia,All,Garfield,2018-2022,All,Male,All,1158,NR,NR,NR,Garfield
Leukemia,All,Garfield,2018-2022,All,Female,All,1127,NR,NR,NR,Garfield
Leukemia,All,Garfield,2018-2022,All,All,All,2285,NR,NR,NR,Garfield
Leukemia,All,Grant,2018-2022,All,Male,All,50797,6,11.3,"[7.6, 16.5]",Grant
Leukemia,All,Grant,2018-2022,All,Female,All,48337,5,10.5,"[6.9, 15.7]",Grant
Leukemia,All,Grant,2018-2022,All,All,All,99134,11,10.9,"[8.2, 14.3]",Grant
Leukemia,All,Grays Harbor,2018-2022,All,Male,All,38516,11,21.3,"[15.8, 28.6]",Grays Harbor
Leukemia,All,Grays Harbor,2018-2022,All,Female,All,37011,8,14.3,"[9.8, 20.5]",Grays Harbor
Leukemia,All,Grays Harbor,2018-2022,All,All,All,75528,19,17.7,"[14.1, 22.1]",Grays Harbor
Leukemia,All,Island,2018-2022,All,Male,All,42803,11,16.7,"[12.2, 22.9]",Island
Leukemia,All,Island,2018-2022,All,Female,All,43712,9,13.0,"[8.9, 18.8]",Island
Leukemia,All,Island,2018-2022,All,All,All,86515,20,14.7,"[11.6, 18.6]",Island
Leukemia,All,Jefferson,2018-2022,All,Male,All,16132,7,17.4,"[11.0, 30.2]",Jefferson
Leukemia,All,Jefferson,2018-2022,All,Female,All,16754,3,8.4,"[4.2, 21.7]",Jefferson
Leukemia,All,Jefferson,2018-2022,All,All,All,32885,11,12.9,"[8.8, 20.4]",Jefferson
Leukemia,All,King,2018-2022,All,Male,All,1131256,201,18.3,"[17.1, 19.5]",King
Leukemia,All,King,2018-2022,All,Female,All,1126672,133,10.6,"[9.8, 11.4]",King
Leukemia,All,King,2018-2022,All,All,All,2257928,334,14.1,"[13.4, 14.8]",King
Leukemia,All,Kitsap,2018-2022,All,Male,All,139034,37,21.8,"[18.6, 25.4]",Kitsap
Leukemia,All,Kitsap,2018-2022,All,Female,All,136133,24,12.8,"[10.5, 15.6]",Kitsap
Leukemia,All,Kitsap,2018-2022,All,All,All,275167,62,17.1,"[15.2, 19.3]",Kitsap
Leukemia,All,Kittitas,2018-2022,All,Male,All,22970,5,19.8,"[12.7, 30.5]",Kittitas
Leukemia,All,Kittitas,2018-2022,All,Female,All,22723,4,12.8,"[7.4, 21.9]",Kittitas
Leukemia,All,Kittitas,2018-2022,All,All,All,45694,9,16.1,"[11.5, 22.4]",Kittitas
Leukemia,All,Klickitat,2018-2022,All,Male,All,11595,3,13.6,"[7.0, 27.4]",Klickitat
Leukemia,All,Klickitat,2018-2022,All,Female,All,11088,NR,NR,NR,Klickitat
Leukemia,All,Klickitat,2018-2022,All,All,All,22683,4,11.7,"[6.8, 20.1]",Klickitat
Leukemia,All,Lewis,2018-2022,All,Male,All,41031,9,16.8,"[12.0, 23.3]",Lewis
Leukemia,All,Lewis,2018-2022,All,Female,All,40899,5,8.3,"[5.0, 13.3]",Lewis
Leukemia,All,Lewis,2018-2022,All,All,All,81930,13,12.5,"[9.5, 16.3]",Lewis
Leukemia,All,Lincoln,2018-2022,All,Male,All,5482,NR,NR,NR,Lincoln
Leukemia,All,Lincoln,2018-2022,All,Female,All,5407,NR,NR,NR,Lincoln
Leukemia,All,Lincoln,2018-2022,All,All,All,10889,NR,NR,NR,Lincoln
Leukemia,All,Mason,2018-2022,All,Male,All,33617,9,17.3,"[12.3, 24.3]",Mason
Leukemia,All,Mason,2018-2022,All,Female,All,31866,5,9.6,"[6.1, 15.4]",Mason
Leukemia,All,Mason,2018-2022,All,All,All,65483,14,13.5,"[10.4, 17.7]",Mason
Leukemia,All,Okanogan,2018-2022,All,Male,All,21691,7,21.1,"[14.2, 31.3]",Okanogan
Leukemia,All,Okanogan,2018-2022,All,Female,All,20525,3,11.9,"[6.2, 21.7]",Okanogan
Leukemia,All,Okanogan,2018-2022,All,All,All,42216,10,16.3,"[11.7, 22.6]",Okanogan
Leukemia,All,Pacific,2018-2022,All,Male,All,11571,4,16.8,"[10.0, 30.8]",Pacific
Leukemia,All,Pacific,2018-2022,All,Female,All,11646,NR,NR,NR,Pacific
Leukemia,All,Pacific,2018-2022,All,All,All,23217,6,12.9,"[8.1, 21.5]",Pacific
Leukemia,All,Pend Oreille,2018-2022,All,Male,All,6803,NR,NR,NR,Pend Oreille
Leukemia,All,Pend Oreille,2018-2022,All,Female,All,6614,NR,NR,NR,Pend Oreille
Leukemia,All,Pend Oreille,2018-2022,All,All,All,13417,NR,NR,NR,Pend Oreille
Leukemia,All,Pierce,2018-2022,All,Male,All,454927,99,21.3,"[19.4, 23.4]",Pierce
Leukemia,All,Pierce,2018-2022,All,Female,All,461772,65,12.4,"[11.1, 13.9]",Pierce
Leukemia,All,Pierce,2018-2022,All,All,All,916699,164,16.5,"[15.3, 17.6]",Pierce
Leukemia,All,San Juan,2018-2022,All,Male,All,8612,3,20.8,"[10.8, 43.8]",San Juan
Leukemia,All,San Juan,2018-2022,All,Female,All,9085,2,13.3,"[5.1, 36.4]",San Juan
Leukemia,All,San Juan,2018-2022,All,All,All,17697,5,16.7,"[10.0, 29.8]",San Juan
Leukemia,All,Skagit,2018-2022,All,Male,All,63522,21,24.4,"[19.7, 30.0]",Skagit
Leukemia,All,Skagit,2018-2022,All,Female,All,65419,13,13.8,"[10.4, 18.3]",Skagit
Leukemia,All,Skagit,2018-2022,All,All,All,128941,34,18.7,"[15.8, 22.1]",Skagit
Leukemia,All,Skamania,2018-2022,All,Male,All,5931,NR,NR,NR,Skamania
Leukemia,All,Skamania,2018-2022,All,Female,All,5706,NR,NR,NR,Skamania
Leukemia,All,Skamania,2018-2022,All,All,All,11637,NR,NR,NR,Skamania
Leukemia,All,Snohomish,2018-2022,All,Male,All,411644,89,21.3,"[19.3, 23.5]",Snohomish
Leukemia,All,Snohomish,2018-2022,All,Female,All,414096,57,11.6,"[10.3, 13.1]",Snohomish
Leukemia,All,Snohomish,2018-2022,All,All,All,825740,146,16.0,"[14.9, 17.3]",Snohomish
Leukemia,All,Spokane,2018-2022,All,Male,All,265853,37,12.1,"[10.4, 14.1]",Spokane
Leukemia,All,Spokane,2018-2022,All,Female,All,271281,24,7.1,"[5.8, 8.6]",Spokane
Leukemia,All,Spokane,2018-2022,All,All,All,537133,61,9.5,"[8.4, 10.6]",Spokane
Leukemia,All,Stevens,2018-2022,All,Male,All,23263,3,10.5,"[5.4, 19.4]",Stevens
Leukemia,All,Stevens,2018-2022,All,Female,All,23122,NR,NR,NR,Stevens
Leukemia,All,Stevens,2018-2022,All,All,All,46385,5,7.6,"[4.6, 12.4]",Stevens
Leukemia,All,Thurston,2018-2022,All,Male,All,143216,37,21.6,"[18.5, 25.1]",Thurston
Leukemia,All,Thurston,2018-2022,All,Female,All,150490,27,13.9,"[11.6, 16.6]",Thurston
Leukemia,All,Thurston,2018-2022,All,All,All,293706,64,17.3,"[15.4, 19.4]",Thurston
Leukemia,All,Wahkiakum,2018-2022,All,Male,All,2194,NR,NR,NR,Wahkiakum
Leukemia,All,Wahkiakum,2018-2022,All,Female,All,2223,NR,NR,NR,Wahkiakum
Leukemia,All,Wahkiakum,2018-2022,All,All,All,4418,NR,NR,NR,Wahkiakum
Leukemia,All,Walla Walla,2018-2022,All,Male,All,31610,5,11.1,"[7.0, 17.3]",Walla Walla
Leukemia,All,Walla Walla,2018-2022,All,Female,All,30608,2,6.2,"[2.9, 12.2]",Walla Walla
Leukemia,All,Walla Walla,2018-2022,All,All,All,62218,7,8.3,"[5.7, 12.0]",Walla Walla
Leukemia,All,Whatcom,2018-2022,All,Male,All,111033,26,19.8,"[16.4, 23.7]",Whatcom
Leukemia,All,Whatcom,2018-2022,All,Female,All,114724,21,14.6,"[11.8, 18.0]",Whatcom
Leukemia,All,Whatcom,2018-2022,All,All,All,225757,47,16.9,"[14.7, 19.3]",Whatcom
Leukemia,All,Whitman,2018-2022,All,Male,All,23510,2,9.4,"[4.3, 19.0]",Whitman
Leukemia,All,Whitman,2018-2022,All,Female,All,23582,NR,NR,NR,Whitman
Leukemia,All,Whitman,2018-2022,All,All,All,47092,3,7.5,"[4.3, 12.8]",Whitman
Leukemia,All,Yakima,2018-2022,All,Male,All,128323,20,14.7,"[11.9, 18.0]",Yakima
Leukemia,All,Yakima,2018-2022,All,Female,All,128350,19,13.9,"[11.2, 17.1]",Yakima
Leukemia,All,Yakima,2018-2022,All,All,All,256672,39,14.3,"[12.3, 16.5]",Yakima
Liver and intrahepatic bile duct,All,Adams,2018-2022,All,Male,All,10551,NR,NR,NR,Adams
Liver and intrahepatic bile duct,All,Adams,2018-2022,All,Female,All,10078,NR,NR,NR,Adams
Liver and intrahepatic bile duct,All,Adams,2018-2022,All,All,All,20630,2,11.2,"[5.3, 21.1]",Adams
Liver and intrahepatic bile duct,All,Asotin,2018-2022,All,Male,All,10865,2,11.0,"[5.5, 23.6]",Asotin
Liver and intrahepatic bile duct,All,Asotin,2018-2022,All,Female,All,11471,NR,NR,NR,Asotin
Liver and intrahepatic bile duct,All,Asotin,2018-2022,All,All,All,22336,3,8.9,"[4.9, 16.2]",Asotin
Liver and intrahepatic bile duct,All,Benton,2018-2022,All,Male,All,102466,10,8.1,"[5.9, 10.9]",Benton
Liver and intrahepatic bile duct,All,Benton,2018-2022,All,Female,All,103559,3,2.5,"[1.5, 4.3]",Benton
Liver and intrahepatic bile duct,All,Benton,2018-2022,All,All,All,206025,13,5.2,"[4.0, 6.6]",Benton
Liver and intrahepatic bile duct,All,Chelan,2018-2022,All,Male,All,39569,8,14.1,"[9.9, 19.9]",Chelan
Liver and intrahepatic bile duct,All,Chelan,2018-2022,All,Female,All,39471,2,3.2,"[1.5, 6.8]",Chelan
Liver and intrahepatic bile duct,All,Chelan,2018-2022,All,All,All,79040,10,8.4,"[6.1, 11.4]",Chelan
Liver and intrahepatic bile duct,All,Clallam,2018-2022,All,Male,All,37791,11,15.3,"[11.0, 21.5]",Clallam
Liver and intrahepatic bile duct,All,Clallam,2018-2022,All,Female,All,39105,5,5.0,"[3.0, 9.1]",Clallam
Liver and intrahepatic bile duct,All,Clallam,2018-2022,All,All,All,76896,15,9.9,"[7.6, 13.2]",Clallam
Liver and intrahepatic bile duct,All,Clark,2018-2022,All,Male,All,248051,33,11.2,"[9.5, 13.1]",Clark
Liver and intrahepatic bile duct,All,Clark,2018-2022,All,Female,All,253740,17,5.0,"[4.0, 6.2]",Clark
Liver and intrahepatic bile duct,All,Clark,2018-2022,All,All,All,501791,50,7.9,"[6.9, 8.9]",Clark
Liver and intrahepatic bile duct,All,Columbia,2018-2022,All,Male,All,1963,NR,NR,NR,Columbia
Liver and intrahepatic bile duct,All,Columbia,2018-2022,All,Female,All,1994,NR,NR,NR,Columbia
Liver and intrahepatic bile duct,All,Columbia,2018-2022,All,All,All,3957,NR,NR,NR,Columbia
Liver and intrahepatic bile duct,All,Cowlitz,2018-2022,All,Male,All,54735,10,12.4,"[9.2, 16.8]",Cowlitz
Liver and intrahepatic bile duct,All,Cowlitz,2018-2022,All,Female,All,55601,5,6.9,"[4.4, 10.5]",Cowlitz
Liver and intrahepatic bile duct,All,Cowlitz,2018-2022,All,All,All,110335,16,9.5,"[7.5, 12.1]",Cowlitz
Liver and intrahepatic bile duct,All,Douglas,2018-2022,All,Male,All,21598,4,13.2,"[7.8, 21.8]",Douglas
Liver and intrahepatic bile duct,All,Douglas,2018-2022,All,Female,All,21244,NR,NR,NR,Douglas
Liver and intrahepatic bile duct,All,Douglas,2018-2022,All,All,All,42842,5,8.7,"[5.6, 13.3]",Douglas
Liver and intrahepatic bile duct,All,Ferry,2018-2022,All,Male,All,3674,NR,NR,NR,Ferry
Liver and intrahepatic bile duct,All,Ferry,2018-2022,All,Female,All,3561,NR,NR,NR,Ferry
Liver and intrahepatic bile duct,All,Ferry,2018-2022,All,All,All,7234,NR,NR,NR,Ferry
Liver and intrahepatic bile duct,All,Franklin,2018-2022,All,Male,All,49721,4,10.1,"[6.2, 16.2]",Franklin
Liver and intrahepatic bile duct,All,Franklin,2018-2022,All,Female,All,46721,3,6.6,"[3.5, 11.5]",Franklin
Liver and intrahepatic bile duct,All,Franklin,2018-2022,All,All,All,96442,7,8.4,"[5.8, 12.0]",Franklin
Liver and intrahepatic bile duct,All,Garfield,2018-2022,All,Male,All,1158,NR,NR,NR,Garfield
Liver and intrahepatic bile duct,All,Garfield,2018-2022,All,Female,All,1127,NR,NR,NR,Garfield
Liver and intrahepatic bile duct,All,Garfield,2018-2022,All,All,All,2285,NR,NR,NR,Garfield
Liver and intrahepatic bile duct,All,Grant,2018-2022,All,Male,All,50797,7,12.0,"[8.2, 17.2]",Grant
Liver and intrahepatic bile duct,All,Grant,2018-2022,All,Female,All,48337,3,6.0,"[3.5, 10.0]",Grant
Liver and intrahepatic bile duct,All,Grant,2018-2022,All,All,All,99134,10,8.9,"[6.6, 11.9]",Grant
Liver and intrahepatic bile duct,All,Grays Harbor,2018-2022,All,Male,All,38516,10,15.2,"[11.1, 21.0]",Grays Harbor
Liver and intrahepatic bile duct,All,Grays Harbor,2018-2022,All,Female,All,37011,5,8.6,"[5.3, 13.8]",Grays Harbor
Liver and intrahepatic bile duct,All,Grays Harbor,2018-2022,All,All,All,75528,15,11.8,"[9.1, 15.4]",Grays Harbor
Liver and intrahepatic bile duct,All,Island,2018-2022,All,Male,All,42803,7,10.2,"[7.0, 15.0]",Island
Liver and intrahepatic bile duct,All,Island,2018-2022,All,Female,All,43712,4,4.4,"[2.5, 8.1]",Island
Liver and intrahepatic bile duct,All,Island,2018-2022,All,All,All,86515,11,7.0,"[5.2, 9.7]",Island
Liver and intrahepatic bile duct,All,Jefferson,2018-2022,All,Male,All,16132,4,9.3,"[5.3, 20.5]",Jefferson
Liver and intrahepatic bile duct,All,Jefferson,2018-2022,All,Female,All,16754,NR,NR,NR,Jefferson
Liver and intrahepatic bile duct,All,Jefferson,2018-2022,All,All,All,32885,5,5.6,"[3.5, 11.6]",Jefferson
Liver and intrahepatic bile duct,All,King,2018-2022,All,Male,All,1131256,148,12.5,"[11.6, 13.5]",King
Liver and intrahepatic bile duct,All,King,2018-2022,All,Female,All,1126672,69,5.3,"[4.7, 5.9]",King
Liver and intrahepatic bile duct,All,King,2018-2022,All,All,All,2257928,217,8.6,"[8.1, 9.2]",King
Liver and intrahepatic bile duct,All,Kitsap,2018-2022,All,Male,All,139034,28,14.6,"[12.2, 17.5]",Kitsap
Liver and intrahepatic bile duct,All,Kitsap,2018-2022,All,Female,All,136133,12,5.9,"[4.4, 7.7]",Kitsap
Liver and intrahepatic bile duct,All,Kitsap,2018-2022,All,All,All,275167,40,9.9,"[8.5, 11.4]",Kitsap
Liver and intrahepatic bile duct,All,Kittitas,2018-2022,All,Male,All,22970,3,8.6,"[4.5, 16.4]",Kittitas
Liver and intrahepatic bile duct,All,Kittitas,2018-2022,All,Female,All,22723,NR,NR,NR,Kittitas
Liver and intrahepatic bile duct,All,Kittitas,2018-2022,All,All,All,45694,4,5.7,"[3.3, 9.8]",Kittitas
Liver and intrahepatic bile duct,All,Klickitat,2018-2022,All,Male,All,11595,2,7.8,"[3.7, 19.1]",Klickitat
Liver and intrahepatic bile duct,All,Klickitat,2018-2022,All,Female,All,11088,NR,NR,NR,Klickitat
Liver and intrahepatic bile duct,All,Klickitat,2018-2022,All,All,All,22683,3,7.5,"[4.3, 14.3]",Klickitat
Liver and intrahepatic bile duct,All,Lewis,2018-2022,All,Male,All,41031,5,8.3,"[5.4, 12.7]",Lewis
Liver and intrahepatic bile duct,All,Lewis,2018-2022,All,Female,All,40899,4,6.1,"[3.5, 10.5]",Lewis
Liver and intrahepatic bile duct,All,Lewis,2018-2022,All,All,All,81930,9,7.1,"[5.1, 9.9]",Lewis
Liver and intrahepatic bile duct,All,Lincoln,2018-2022,All,Male,All,5482,NR,NR,NR,Lincoln
Liver and intrahepatic bile duct,All,Lincoln,2018-2022,All,Female,All,5407,NR,NR,NR,Lincoln
Liver and intrahepatic bile duct,All,Lincoln,2018-2022,All,All,All,10889,NR,NR,NR,Lincoln
Liver and intrahepatic bile duct,All,Mason,2018-2022,All,Male,All,33617,8,14.4,"[10.2, 20.6]",Mason
Liver and intrahepatic bile duct,All,Mason,2018-2022,All,Female,All,31866,4,8.8,"[5.2, 14.8]",Mason
Liver and intrahepatic bile duct,All,Mason,2018-2022,All,All,All,65483,13,11.5,"[8.7, 15.3]",Mason
Liver and intrahepatic bile duct,All,Okanogan,2018-2022,All,Male,All,21691,4,10.0,"[5.9, 17.3]",Okanogan
Liver and intrahepatic bile duct,All,Okanogan,2018-2022,All,Female,All,20525,NR,NR,NR,Okanogan
Liver and intrahepatic bile duct,All,Okanogan,2018-2022,All,All,All,42216,5,7.1,"[4.6, 11.2]",Okanogan
Liver and intrahepatic bile duct,All,Pacific,2018-2022,All,Male,All,11571,4,14.1,"[8.2, 27.4]",Pacific
Liver and intrahepatic bile duct,All,Pacific,2018-2022,All,Female,All,11646,NR,NR,NR,Pacific
Liver and intrahepatic bile duct,All,Pacific,2018-2022,All,All,All,23217,5,10.4,"[6.6, 18.1]",Pacific
Liver and intrahepatic bile duct,All,Pend Oreille,2018-2022,All,Male,All,6803,NR,NR,NR,Pend Oreille
Liver and intrahepatic bile duct,All,Pend Oreille,2018-2022,All,Female,All,6614,NR,NR,NR,Pend Oreille
Liver and intrahepatic bile duct,All,Pend Oreille,2018-2022,All,All,All,13417,NR,NR,NR,Pend Oreille
Liver and intrahepatic bile duct,All,Pierce,2018-2022,All,Male,All,454927,77,15.1,"[13.6, 16.8]",Pierce
Liver and intrahepatic bile duct,All,Pierce,2018-2022,All,Female,All,461772,35,6.0,"[5.2, 7.0]",Pierce
Liver and intrahepatic bile duct,All,Pierce,2018-2022,All,All,All,916699,112,10.2,"[9.4, 11.1]",Pierce
Liver and intrahepatic bile duct,All,San Juan,2018-2022,All,Male,All,8612,2,10.7,"[5.5, 30.1]",San Juan
Liver and intrahepatic bile duct,All,San Juan,2018-2022,All,Female,All,9085,NR,NR,NR,San Juan
Liver and intrahepatic bile duct,All,San Juan,2018-2022,All,All,All,17697,3,9.4,"[4.9, 20.7]",San Juan
Liver and intrahepatic bile duct,All,Skagit,2018-2022,All,Male,All,63522,13,13.0,"[9.9, 17.1]",Skagit
Liver and intrahepatic bile duct,All,Skagit,2018-2022,All,Female,All,65419,5,5.4,"[3.4, 8.5]",Skagit
Liver and intrahepatic bile duct,All,Skagit,2018-2022,All,All,All,128941,18,9.0,"[7.1, 11.3]",Skagit
Liver and intrahepatic bile duct,All,Skamania,2018-2022,All,Male,All,5931,NR,NR,NR,Skamania
Liver and intrahepatic bile duct,All,Skamania,2018-2022,All,Female,All,5706,NR,NR,NR,Skamania
Liver and intrahepatic bile duct,All,Skamania,2018-2022,All,All,All,11637,NR,NR,NR,Skamania
Liver and intrahepatic bile duct,All,Snohomish,2018-2022,All,Male,All,411644,62,13.0,"[11.5, 14.7]",Snohomish
Liver and intrahepatic bile duct,All,Snohomish,2018-2022,All,Female,All,414096,32,6.1,"[5.2, 7.2]",Snohomish
Liver and intrahepatic bile duct,All,Snohomish,2018-2022,All,All,All,825740,93,9.3,"[8.4, 10.2]",Snohomish
Liver and intrahepatic bile duct,All,Spokane,2018-2022,All,Male,All,265853,34,9.9,"[8.4, 11.6]",Spokane
Liver and intrahepatic bile duct,All,Spokane,2018-2022,All,Female,All,271281,16,4.3,"[3.4, 5.5]",Spokane
Liver and intrahepatic bile duct,All,Spokane,2018-2022,All,All,All,537133,50,6.9,"[6.1, 7.9]",Spokane
Liver and intrahepatic bile duct,All,Stevens,2018-2022,All,Male,All,23263,3,6.0,"[2.9, 12.6]",Stevens
Liver and intrahepatic bile duct,All,Stevens,2018-2022,All,Female,All,23122,NR,NR,NR,Stevens
Liver and intrahepatic bile duct,All,Stevens,2018-2022,All,All,All,46385,4,4.5,"[2.4, 8.5]",Stevens
Liver and intrahepatic bile duct,All,Thurston,2018-2022,All,Male,All,143216,20,10.5,"[8.5, 12.9]",Thurston
Liver and intrahepatic bile duct,All,Thurston,2018-2022,All,Female,All,150490,11,5.2,"[3.9, 6.9]",Thurston
Liver and intrahepatic bile duct,All,Thurston,2018-2022,All,All,All,293706,32,7.6,"[6.4, 9.0]",Thurston
Liver and intrahepatic bile duct,All,Wahkiakum,2018-2022,All,Male,All,2194,NR,NR,NR,Wahkiakum
Liver and intrahepatic bile duct,All,Wahkiakum,2018-2022,All,Female,All,2223,NR,NR,NR,Wahkiakum
Liver and intrahepatic bile duct,All,Wahkiakum,2018-2022,All,All,All,4418,NR,NR,NR,Wahkiakum
Liver and intrahepatic bile duct,All,Walla Walla,2018-2022,All,Male,All,31610,5,10.6,"[6.8, 16.7]",Walla Walla
Liver and intrahepatic bile duct,All,Walla Walla,2018-2022,All,Female,All,30608,NR,NR,NR,Walla Walla
Liver and intrahepatic bile duct,All,Walla Walla,2018-2022,All,All,All,62218,6,6.7,"[4.5, 9.9]",Walla Walla
Liver and intrahepatic bile duct,All,Whatcom,2018-2022,All,Male,All,111033,17,11.1,"[8.8, 14.0]",Whatcom
Liver and intrahepatic bile duct,All,Whatcom,2018-2022,All,Female,All,114724,6,4.0,"[2.7, 6.0]",Whatcom
Liver and intrahepatic bile duct,All,Whatcom,2018-2022,All,All,All,225757,23,7.4,"[6.1, 9.0]",Whatcom
Liver and intrahepatic bile duct,All,Whitman,2018-2022,All,Male,All,23510,NR,NR,NR,Whitman
Liver and intrahepatic bile duct,All,Whitman,2018-2022,All,Female,All,23582,NR,NR,NR,Whitman
Liver and intrahepatic bile duct,All,Whitman,2018-2022,All,All,All,47092,NR,NR,NR,Whitman
Liver and intrahepatic bile duct,All,Yakima,2018-2022,All,Male,All,128323,21,14.9,"[12.1, 18.1]",Yakima
Liver and intrahepatic bile duct,All,Yakima,2018-2022,All,Female,All,128350,8,5.6,"[4.0, 7.7]",Yakima
Liver and intrahepatic bile duct,All,Yakima,2018-2022,All,All,All,256672,29,10.2,"[8.5, 12.0]",Yakima
Lung and bronchus,All,Adams,2018-2022,All,Male,All,10551,5,50.3,"[31.3, 78.1]",Adams
Lung and bronchus,All,Adams,2018-2022,All,Female,All,10078,2,21.0,"[10.0, 39.8]",Adams
Lung and bronchus,All,Adams,2018-2022,All,All,All,20630,7,35.0,"[23.9, 49.9]",Adams
Lung and bronchus,All,Asotin,2018-2022,All,Male,All,10865,6,29.9,"[20.0, 46.0]",Asotin
Lung and bronchus,All,Asotin,2018-2022,All,Female,All,11471,7,35.1,"[24.0, 52.1]",Asotin
Lung and bronchus,All,Asotin,2018-2022,All,All,All,22336,13,32.6,"[24.9, 43.1]",Asotin
Lung and bronchus,All,Benton,2018-2022,All,Male,All,102466,47,40.3,"[35.2, 46.0]",Benton
Lung and bronchus,All,Benton,2018-2022,All,Female,All,103559,63,48.0,"[42.7, 53.8]",Benton
Lung and bronchus,All,Benton,2018-2022,All,All,All,206025,110,44.2,"[40.5, 48.2]",Benton
Lung and bronchus,All,Chelan,2018-2022,All,Male,All,39569,28,50.5,"[42.2, 60.2]",Chelan
Lung and bronchus,All,Chelan,2018-2022,All,Female,All,39471,27,42.7,"[35.7, 51.1]",Chelan
Lung and bronchus,All,Chelan,2018-2022,All,All,All,79040,55,46.2,"[40.8, 52.4]",Chelan
Lung and bronchus,All,Clallam,2018-2022,All,Male,All,37791,42,53.8,"[46.3, 62.9]",Clallam
Lung and bronchus,All,Clallam,2018-2022,All,Female,All,39105,44,49.9,"[43.1, 58.4]",Clallam
Lung and bronchus,All,Clallam,2018-2022,All,All,All,76896,87,51.9,"[46.8, 57.8]",Clallam
Lung and bronchus,All,Clark,2018-2022,All,Male,All,248051,137,48.7,"[45.0, 52.6]",Clark
Lung and bronchus,All,Clark,2018-2022,All,Female,All,253740,150,44.3,"[41.1, 47.7]",Clark
Lung and bronchus,All,Clark,2018-2022,All,All,All,501791,288,46.0,"[43.7, 48.6]",Clark
Lung and bronchus,All,Columbia,2018-2022,All,Male,All,1963,NR,NR,NR,Columbia
Lung and bronchus,All,Columbia,2018-2022,All,Female,All,1994,NR,NR,NR,Columbia
Lung and bronchus,All,Columbia,2018-2022,All,All,All,3957,3,38.0,"[21.1, 76.3]",Columbia
Lung and bronchus,All,Cowlitz,2018-2022,All,Male,All,54735,46,58.7,"[51.1, 67.3]",Cowlitz
Lung and bronchus,All,Cowlitz,2018-2022,All,Female,All,55601,46,52.8,"[46.1, 60.6]",Cowlitz
Lung and bronchus,All,Cowlitz,2018-2022,All,All,All,110335,92,55.4,"[50.4, 61.0]",Cowlitz
Lung and bronchus,All,Douglas,2018-2022,All,Male,All,21598,11,40.6,"[30.4, 53.7]",Douglas
Lung and bronchus,All,Douglas,2018-2022,All,Female,All,21244,16,53.9,"[42.7, 67.9]",Douglas
Lung and bronchus,All,Douglas,2018-2022,All,All,All,42842,27,47.6,"[39.8, 56.7]",Douglas
Lung and bronchus,All,Ferry,2018-2022,All,Male,All,3674,3,41.3,"[19.6, 88.4]",Ferry
Lung and bronchus,All,Ferry,2018-2022,All,Female,All,3561,3,41.0,"[23.5, 84.8]",Ferry
Lung and bronchus,All,Ferry,2018-2022,All,All,All,7234,6,41.1,"[26.5, 67.1]",Ferry
Lung and bronchus,All,Franklin,2018-2022,All,Male,All,49721,17,45.5,"[36.0, 57.0]",Franklin
Lung and bronchus,All,Franklin,2018-2022,All,Female,All,46721,16,41.3,"[32.7, 51.9]",Franklin
Lung and bronchus,All,Franklin,2018-2022,All,All,All,96442,34,43.5,"[37.0, 51.0]",Franklin
Lung and bronchus,All,Garfield,2018-2022,All,Male,All,1158,NR,NR,NR,Garfield
Lung and bronchus,All,Garfield,2018-2022,All,Female,All,1127,NR,NR,NR,Garfield
Lung and bronchus,All,Garfield,2018-2022,All,All,All,2285,NR,NR,NR,Garfield
Lung and bronchus,All,Grant,2018-2022,All,Male,All,50797,26,45.9,"[38.2, 54.9]",Grant
Lung and bronchus,All,Grant,2018-2022,All,Female,All,48337,26,44.8,"[37.3, 53.5]",Grant
Lung and bronchus,All,Grant,2018-2022,All,All,All,99134,52,45.1,"[39.7, 51.1]",Grant
Lung and bronchus,All,Grays Harbor,2018-2022,All,Male,All,38516,39,63.9,"[54.9, 74.4]",Grays Harbor
Lung and bronchus,All,Grays Harbor,2018-2022,All,Female,All,37011,40,60.2,"[51.8, 70.1]",Grays Harbor
Lung and bronchus,All,Grays Harbor,2018-2022,All,All,All,75528,79,61.9,"[55.7, 68.8]",Grays Harbor
Lung and bronchus,All,Island,2018-2022,All,Male,All,42803,36,47.6,"[40.6, 55.9]",Island
Lung and bronchus,All,Island,2018-2022,All,Female,All,43712,40,46.2,"[39.9, 54.0]",Island
Lung and bronchus,All,Island,2018-2022,All,All,All,86515,76,46.9,"[42.2, 52.4]",Island
Lung and bronchus,All,Jefferson,2018-2022,All,Male,All,16132,16,37.5,"[29.6, 51.1]",Jefferson
Lung and bronchus,All,Jefferson,2018-2022,All,Female,All,16754,19,42.0,"[32.6, 58.3]",Jefferson
Lung and bronchus,All,Jefferson,2018-2022,All,All,All,32885,35,39.7,"[33.5, 48.7]",Jefferson
Lung and bronchus,All,King,2018-2022,All,Male,All,1131256,476,44.0,"[42.2, 45.8]",King
Lung and bronchus,All,King,2018-2022,All,Female,All,1126672,536,40.8,"[39.2, 42.4]",King
Lung and bronchus,All,King,2018-2022,All,All,All,2257928,1012,42.0,"[40.9, 43.2]",King
Lung and bronchus,All,Kitsap,2018-2022,All,Male,All,139034,89,49.0,"[44.4, 54.0]",Kitsap
Lung and bronchus,All,Kitsap,2018-2022,All,Female,All,136133,101,48.2,"[43.9, 52.8]",Kitsap
Lung and bronchus,All,Kitsap,2018-2022,All,All,All,275167,190,48.5,"[45.4, 51.8]",Kitsap
Lung and bronchus,All,Kittitas,2018-2022,All,Male,All,22970,13,42.8,"[32.8, 56.0]",Kittitas
Lung and bronchus,All,Kittitas,2018-2022,All,Female,All,22723,11,34.3,"[25.7, 45.9]",Kittitas
Lung and bronchus,All,Kittitas,2018-2022,All,All,All,45694,24,38.2,"[31.5, 46.3]",Kittitas
Lung and bronchus,All,Klickitat,2018-2022,All,Male,All,11595,11,50.1,"[37.1, 69.0]",Klickitat
Lung and bronchus,All,Klickitat,2018-2022,All,Female,All,11088,9,49.4,"[35.7, 69.6]",Klickitat
Lung and bronchus,All,Klickitat,2018-2022,All,All,All,22683,20,49.6,"[40.0, 62.2]",Klickitat
Lung and bronchus,All,Lewis,2018-2022,All,Male,All,41031,34,54.0,"[45.9, 63.6]",Lewis
Lung and bronchus,All,Lewis,2018-2022,All,Female,All,40899,34,48.7,"[41.6, 57.2]",Lewis
Lung and bronchus,All,Lewis,2018-2022,All,All,All,81930,68,51.0,"[45.6, 57.1]",Lewis
Lung and bronchus,All,Lincoln,2018-2022,All,Male,All,5482,4,35.5,"[20.5, 65.7]",Lincoln
Lung and bronchus,All,Lincoln,2018-2022,All,Female,All,5407,4,33.4,"[19.2, 63.2]",Lincoln
Lung and bronchus,All,Lincoln,2018-2022,All,All,All,10889,7,34.0,"[23.3, 51.6]",Lincoln
Lung and bronchus,All,Mason,2018-2022,All,Male,All,33617,31,53.7,"[45.3, 63.8]",Mason
Lung and bronchus,All,Mason,2018-2022,All,Female,All,31866,42,74.6,"[64.5, 86.6]",Mason
Lung and bronchus,All,Mason,2018-2022,All,All,All,65483,73,64.4,"[57.8, 71.9]",Mason
Lung and bronchus,All,Okanogan,2018-2022,All,Male,All,21691,22,59.6,"[48.6, 73.4]",Okanogan
Lung and bronchus,All,Okanogan,2018-2022,All,Female,All,20525,20,56.9,"[46.0, 71.0]",Okanogan
Lung and bronchus,All,Okanogan,2018-2022,All,All,All,42216,43,58.5,"[50.6, 67.7]",Okanogan
Lung and bronchus,All,Pacific,2018-2022,All,Male,All,11571,16,66.8,"[52.2, 87.5]",Pacific
Lung and bronchus,All,Pacific,2018-2022,All,Female,All,11646,16,62.7,"[49.1, 83.7]",Pacific
Lung and bronchus,All,Pacific,2018-2022,All,All,All,23217,33,65.0,"[54.8, 78.2]",Pacific
Lung and bronchus,All,Pend Oreille,2018-2022,All,Male,All,6803,8,58.2,"[40.0, 87.7]",Pend Oreille
Lung and bronchus,All,Pend Oreille,2018-2022,All,Female,All,6614,5,34.2,"[21.6, 60.0]",Pend Oreille
Lung and bronchus,All,Pend Oreille,2018-2022,All,All,All,13417,13,46.6,"[35.1, 63.7]",Pend Oreille
Lung and bronchus,All,Pierce,2018-2022,All,Male,All,454927,290,60.3,"[57.1, 63.6]",Pierce
Lung and bronchus,All,Pierce,2018-2022,All,Female,All,461772,305,52.5,"[49.8, 55.2]",Pierce
Lung and bronchus,All,Pierce,2018-2022,All,All,All,916699,595,55.7,"[53.6, 57.8]",Pierce
Lung and bronchus,All,San Juan,2018-2022,All,Male,All,8612,5,24.9,"[16.2, 45.9]",San Juan
Lung and bronchus,All,San Juan,2018-2022,All,Female,All,9085,7,35.1,"[24.2, 58.2]",San Juan
Lung and bronchus,All,San Juan,2018-2022,All,All,All,17697,13,30.7,"[23.3, 43.5]",San Juan
Lung and bronchus,All,Skagit,2018-2022,All,Male,All,63522,55,56.5,"[49.9, 64.0]",Skagit
Lung and bronchus,All,Skagit,2018-2022,All,Female,All,65419,56,48.6,"[42.9, 55.1]",Skagit
Lung and bronchus,All,Skagit,2018-2022,All,All,All,128941,111,52.2,"[47.8, 57.0]",Skagit
Lung and bronchus,All,Skamania,2018-2022,All,Male,All,5931,6,71.6,"[47.6, 109.7]",Skamania
Lung and bronchus,All,Skamania,2018-2022,All,Female,All,5706,2,20.9,"[10.7, 48.4]",Skamania
Lung and bronchus,All,Skamania,2018-2022,All,All,All,11637,9,46.4,"[33.1, 66.8]",Skamania
Lung and bronchus,All,Snohomish,2018-2022,All,Male,All,411644,233,53.2,"[50.1, 56.6]",Snohomish
Lung and bronchus,All,Snohomish,2018-2022,All,Female,All,414096,247,48.7,"[46.0, 51.6]",Snohomish
Lung and bronchus,All,Snohomish,2018-2022,All,All,All,825740,480,50.7,"[48.7, 52.9]",Snohomish
Lung and bronchus,All,Spokane,2018-2022,All,Male,All,265853,144,43.8,"[40.6, 47.2]",Spokane
Lung and bronchus,All,Spokane,2018-2022,All,Female,All,271281,155,40.7,"[37.9, 43.8]",Spokane
Lung and bronchus,All,Spokane,2018-2022,All,All,All,537133,300,41.9,"[39.8, 44.2]",Spokane
Lung and bronchus,All,Stevens,2018-2022,All,Male,All,23263,18,42.1,"[33.5, 53.5]",Stevens
Lung and bronchus,All,Stevens,2018-2022,All,Female,All,23122,15,36.3,"[28.3, 47.4]",Stevens
Lung and bronchus,All,Stevens,2018-2022,All,All,All,46385,33,39.4,"[33.4, 46.8]",Stevens
Lung and bronchus,All,Thurston,2018-2022,All,Male,All,143216,108,59.0,"[54.0, 64.4]",Thurston
Lung and bronchus,All,Thurston,2018-2022,All,Female,All,150490,111,50.4,"[46.2, 54.9]",Thurston
Lung and bronchus,All,Thurston,2018-2022,All,All,All,293706,219,54.0,"[50.7, 57.4]",Thurston
Lung and bronchus,All,Wahkiakum,2018-2022,All,Male,All,2194,2,39.5,"[18.1, 120.7]",Wahkiakum
Lung and bronchus,All,Wahkiakum,2018-2022,All,Female,All,2223,NR,NR,NR,Wahkiakum
Lung and bronchus,All,Wahkiakum,2018-2022,All,All,All,4418,3,29.8,"[16.7, 66.5]",Wahkiakum
Lung and bronchus,All,Walla Walla,2018-2022,All,Male,All,31610,17,40.3,"[32.1, 50.6]",Walla Walla
Lung and bronchus,All,Walla Walla,2018-2022,All,Female,All,30608,16,32.1,"[25.1, 41.1]",Walla Walla
Lung and bronchus,All,Walla Walla,2018-2022,All,All,All,62218,33,35.7,"[30.3, 42.1]",Walla Walla
Lung and bronchus,All,Whatcom,2018-2022,All,Male,All,111033,71,50.3,"[45.0, 56.1]",Whatcom
Lung and bronchus,All,Whatcom,2018-2022,All,Female,All,114724,78,47.0,"[42.3, 52.2]",Whatcom
Lung and bronchus,All,Whatcom,2018-2022,All,All,All,225757,148,48.0,"[44.6, 51.8]",Whatcom
Lung and bronchus,All,Whitman,2018-2022,All,Male,All,23510,6,29.2,"[19.7, 42.6]",Whitman
Lung and bronchus,All,Whitman,2018-2022,All,Female,All,23582,8,33.8,"[23.9, 47.6]",Whitman
Lung and bronchus,All,Whitman,2018-2022,All,All,All,47092,14,31.6,"[24.5, 40.5]",Whitman
Lung and bronchus,All,Yakima,2018-2022,All,Male,All,128323,59,43.3,"[38.4, 48.7]",Yakima
Lung and bronchus,All,Yakima,2018-2022,All,Female,All,128350,67,43.5,"[38.9, 48.6]",Yakima
Lung and bronchus,All,Yakima,2018-2022,All,All,All,256672,125,43.2,"[39.9, 46.8]",Yakima
Melanoma of the skin,All,Adams,2018-2022,All,Male,All,10551,NR,NR,NR,Adams
Melanoma of the skin,All,Adams,2018-2022,All,Female,All,10078,NR,NR,NR,Adams
Melanoma of the skin,All,Adams,2018-2022,All,All,All,20630,4,19.5,"[11.4, 31.3]",Adams
Melanoma of the skin,All,Asotin,2018-2022,All,Male,All,10865,12,71.2,"[53.8, 94.6]",Asotin
Melanoma of the skin,All,Asotin,2018-2022,All,Female,All,11471,7,43.5,"[28.8, 64.6]",Asotin
Melanoma of the skin,All,Asotin,2018-2022,All,All,All,22336,19,56.0,"[44.6, 70.4]",Asotin
Melanoma of the skin,All,Benton,2018-2022,All,Male,All,102466,47,41.2,"[35.9, 47.1]",Benton
Melanoma of the skin,All,Benton,2018-2022,All,Female,All,103559,27,22.7,"[18.9, 27.1]",Benton
Melanoma of the skin,All,Benton,2018-2022,All,All,All,206025,74,31.3,"[28.1, 34.8]",Benton
Melanoma of the skin,All,Chelan,2018-2022,All,Male,All,39569,52,96.0,"[84.3, 109.2]",Chelan
Melanoma of the skin,All,Chelan,2018-2022,All,Female,All,39471,32,56.2,"[47.3, 66.6]",Chelan
Melanoma of the skin,All,Chelan,2018-2022,All,All,All,79040,84,74.4,"[67.2, 82.4]",Chelan
Melanoma of the skin,All,Clallam,2018-2022,All,Male,All,37791,73,95.3,"[85.0, 107.3]",Clallam
Melanoma of the skin,All,Clallam,2018-2022,All,Female,All,39105,42,62.0,"[52.0, 73.9]",Clallam
Melanoma of the skin,All,Clallam,2018-2022,All,All,All,76896,115,76.8,"[69.7, 84.7]",Clallam
Melanoma of the skin,All,Clark,2018-2022,All,Male,All,248051,129,46.2,"[42.6, 50.0]",Clark
Melanoma of the skin,All,Clark,2018-2022,All,Female,All,253740,98,31.8,"[29.0, 34.9]",Clark
Melanoma of the skin,All,Clark,2018-2022,All,All,All,501791,227,37.9,"[35.7, 40.2]",Clark
Melanoma of the skin,All,Columbia,2018-2022,All,Male,All,1963,NR,NR,NR,Columbia
Melanoma of the skin,All,Columbia,2018-2022,All,Female,All,1994,NR,NR,NR,Columbia
Melanoma of the skin,All,Columbia,2018-2022,All,All,All,3957,NR,NR,NR,Columbia
Melanoma of the skin,All,Cowlitz,2018-2022,All,Male,All,54735,30,40.3,"[33.9, 47.9]",Cowlitz
Melanoma of the skin,All,Cowlitz,2018-2022,All,Female,All,55601,23,31.7,"[25.8, 38.6]",Cowlitz
Melanoma of the skin,All,Cowlitz,2018-2022,All,All,All,110335,53,35.5,"[31.2, 40.4]",Cowlitz
Melanoma of the skin,All,Douglas,2018-2022,All,Male,All,21598,19,69.1,"[55.5, 85.6]",Douglas
Melanoma of the skin,All,Douglas,2018-2022,All,Female,All,21244,14,56.3,"[43.5, 72.3]",Douglas
Melanoma of the skin,All,Douglas,2018-2022,All,All,All,42842,33,61.8,"[52.5, 72.6]",Douglas
Melanoma of the skin,All,Ferry,2018-2022,All,Male,All,3674,NR,NR,NR,Ferry
Melanoma of the skin,All,Ferry,2018-2022,All,Female,All,3561,NR,NR,NR,Ferry
Melanoma of the skin,All,Ferry,2018-2022,All,All,All,7234,NR,NR,NR,Ferry
Melanoma of the skin,All,Franklin,2018-2022,All,Male,All,49721,9,21.9,"[15.7, 30.3]",Franklin
Melanoma of the skin,All,Franklin,2018-2022,All,Female,All,46721,8,18.5,"[13.0, 25.9]",Franklin
Melanoma of the skin,All,Franklin,2018-2022,All,All,All,96442,16,20.0,"[15.8, 25.1]",Franklin
Melanoma of the skin,All,Garfield,2018-2022,All,Male,All,1158,NR,NR,NR,Garfield
Melanoma of the skin,All,Garfield,2018-2022,All,Female,All,1127,NR,NR,NR,Garfield
Melanoma of the skin,All,Garfield,2018-2022,All,All,All,2285,2,60.1,"[26.7, 135.7]",Garfield
Melanoma of the skin,All,Grant,2018-2022,All,Male,All,50797,19,36.6,"[29.5, 45.0]",Grant
Melanoma of the skin,All,Grant,2018-2022,All,Female,All,48337,11,19.4,"[14.6, 25.7]",Grant
Melanoma of the skin,All,Grant,2018-2022,All,All,All,99134,30,27.6,"[23.3, 32.6]",Grant
Melanoma of the skin,All,Grays Harbor,2018-2022,All,Male,All,38516,28,45.8,"[38.1, 55.1]",Grays Harbor
Melanoma of the skin,All,Grays Harbor,2018-2022,All,Female,All,37011,21,41.2,"[33.1, 51.1]",Grays Harbor
Melanoma of the skin,All,Grays Harbor,2018-2022,All,All,All,75528,49,42.7,"[37.2, 49.1]",Grays Harbor
Melanoma of the skin,All,Island,2018-2022,All,Male,All,42803,73,107.3,"[95.7, 120.4]",Island
Melanoma of the skin,All,Island,2018-2022,All,Female,All,43712,48,70.0,"[60.3, 81.4]",Island
Melanoma of the skin,All,Island,2018-2022,All,All,All,86515,121,87.0,"[79.5, 95.2]",Island
Melanoma of the skin,All,Jefferson,2018-2022,All,Male,All,16132,40,100.9,"[85.1, 121.8]",Jefferson
Melanoma of the skin,All,Jefferson,2018-2022,All,Female,All,16754,25,68.0,"[53.9, 88.8]",Jefferson
Melanoma of the skin,All,Jefferson,2018-2022,All,All,All,32885,65,84.2,"[73.5, 97.6]",Jefferson
Melanoma of the skin,All,King,2018-2022,All,Male,All,1131256,867,77.6,"[75.3, 80.1]",King
Melanoma of the skin,All,King,2018-2022,All,Female,All,1126672,720,56.7,"[54.9, 58.7]",King
Melanoma of the skin,All,King,2018-2022,All,All,All,2257928,1588,65.2,"[63.8, 66.7]",King
Melanoma of the skin,All,Kitsap,2018-2022,All,Male,All,139034,140,79.6,"[73.6, 86.1]",Kitsap
Melanoma of the skin,All,Kitsap,2018-2022,All,Female,All,136133,98,53.0,"[48.1, 58.3]",Kitsap
Melanoma of the skin,All,Kitsap,2018-2022,All,All,All,275167,239,64.8,"[61.0, 68.8]",Kitsap
Melanoma of the skin,All,Kittitas,2018-2022,All,Male,All,22970,15,53.6,"[41.8, 68.4]",Kittitas
Melanoma of the skin,All,Kittitas,2018-2022,All,Female,All,22723,10,42.5,"[31.0, 57.5]",Kittitas
Melanoma of the skin,All,Kittitas,2018-2022,All,All,All,45694,26,47.5,"[39.2, 57.4]",Kittitas
Melanoma of the skin,All,Klickitat,2018-2022,All,Male,All,11595,8,44.6,"[31.5, 63.9]",Klickitat
Melanoma of the skin,All,Klickitat,2018-2022,All,Female,All,11088,5,25.5,"[15.5, 42.6]",Klickitat
Melanoma of the skin,All,Klickitat,2018-2022,All,All,All,22683,13,35.4,"[26.8, 47.1]",Klickitat
Melanoma of the skin,All,Lewis,2018-2022,All,Male,All,41031,29,49.5,"[41.4, 59.2]",Lewis
Melanoma of the skin,All,Lewis,2018-2022,All,Female,All,40899,22,41.1,"[33.2, 50.6]",Lewis
Melanoma of the skin,All,Lewis,2018-2022,All,All,All,81930,51,44.9,"[39.2, 51.3]",Lewis
Melanoma of the skin,All,Lincoln,2018-2022,All,Male,All,5482,2,18.7,"[8.4, 45.7]",Lincoln
Melanoma of the skin,All,Lincoln,2018-2022,All,Female,All,5407,NR,NR,NR,Lincoln
Melanoma of the skin,All,Lincoln,2018-2022,All,All,All,10889,4,21.1,"[12.0, 38.1]",Lincoln
Melanoma of the skin,All,Mason,2018-2022,All,Male,All,33617,37,67.0,"[57.2, 78.5]",Mason
Melanoma of the skin,All,Mason,2018-2022,All,Female,All,31866,29,58.6,"[48.3, 70.9]",Mason
Melanoma of the skin,All,Mason,2018-2022,All,All,All,65483,66,61.9,"[54.8, 69.8]",Mason
Melanoma of the skin,All,Okanogan,2018-2022,All,Male,All,21691,20,59.9,"[48.0, 74.7]",Okanogan
Melanoma of the skin,All,Okanogan,2018-2022,All,Female,All,20525,10,36.9,"[26.3, 51.3]",Okanogan
Melanoma of the skin,All,Okanogan,2018-2022,All,All,All,42216,30,47.9,"[39.9, 57.5]",Okanogan
Melanoma of the skin,All,Pacific,2018-2022,All,Male,All,11571,9,35.6,"[24.7, 53.2]",Pacific
Melanoma of the skin,All,Pacific,2018-2022,All,Female,All,11646,6,28.5,"[17.7, 47.8]",Pacific
Melanoma of the skin,All,Pacific,2018-2022,All,All,All,23217,15,32.0,"[24.1, 43.3]",Pacific
Melanoma of the skin,All,Pend Oreille,2018-2022,All,Male,All,6803,NR,NR,NR,Pend Oreille
Melanoma of the skin,All,Pend Oreille,2018-2022,All,Female,All,6614,2,14.5,"[7.1, 36.9]",Pend Oreille
Melanoma of the skin,All,Pend Oreille,2018-2022,All,All,All,13417,4,14.7,"[8.1, 27.8]",Pend Oreille
Melanoma of the skin,All,Pierce,2018-2022,All,Male,All,454927,297,62.7,"[59.5, 66.1]",Pierce
Melanoma of the skin,All,Pierce,2018-2022,All,Female,All,461772,243,45.7,"[43.1, 48.5]",Pierce
Melanoma of the skin,All,Pierce,2018-2022,All,All,All,916699,540,52.6,"[50.6, 54.7]",Pierce
Melanoma of the skin,All,San Juan,2018-2022,All,Male,All,8612,20,113.7,"[88.8, 148.9]",San Juan
Melanoma of the skin,All,San Juan,2018-2022,All,Female,All,9085,10,57.5,"[39.6, 87.2]",San Juan
Melanoma of the skin,All,San Juan,2018-2022,All,All,All,17697,30,85.6,"[69.9, 106.3]",San Juan
Melanoma of the skin,All,Skagit,2018-2022,All,Male,All,63522,64,69.9,"[62.2, 78.6]",Skagit
Melanoma of the skin,All,Skagit,2018-2022,All,Female,All,65419,51,53.7,"[46.8, 61.6]",Skagit
Melanoma of the skin,All,Skagit,2018-2022,All,All,All,128941,116,60.8,"[55.7, 66.4]",Skagit
Melanoma of the skin,All,Skamania,2018-2022,All,Male,All,5931,4,45.1,"[25.3, 80.4]",Skamania
Melanoma of the skin,All,Skamania,2018-2022,All,Female,All,5706,NR,NR,NR,Skamania
Melanoma of the skin,All,Skamania,2018-2022,All,All,All,11637,5,32.0,"[20.1, 51.4]",Skamania
Melanoma of the skin,All,Snohomish,2018-2022,All,Male,All,411644,327,75.3,"[71.6, 79.2]",Snohomish
Melanoma of the skin,All,Snohomish,2018-2022,All,Female,All,414096,262,53.7,"[50.7, 56.8]",Snohomish
Melanoma of the skin,All,Snohomish,2018-2022,All,All,All,825740,589,62.6,"[60.3, 65.0]",Snohomish
Melanoma of the skin,All,Spokane,2018-2022,All,Male,All,265853,67,22.0,"[19.6, 24.6]",Spokane
Melanoma of the skin,All,Spokane,2018-2022,All,Female,All,271281,45,13.7,"[11.9, 15.7]",Spokane
Melanoma of the skin,All,Spokane,2018-2022,All,All,All,537133,112,17.3,"[15.9, 18.9]",Spokane
Melanoma of the skin,All,Stevens,2018-2022,All,Male,All,23263,6,16.9,"[10.8, 26.4]",Stevens
Melanoma of the skin,All,Stevens,2018-2022,All,Female,All,23122,5,16.5,"[9.9, 26.9]",Stevens
Melanoma of the skin,All,Stevens,2018-2022,All,All,All,46385,11,16.7,"[12.0, 23.0]",Stevens
Melanoma of the skin,All,Thurston,2018-2022,All,Male,All,143216,135,78.5,"[72.5, 84.9]",Thurston
Melanoma of the skin,All,Thurston,2018-2022,All,Female,All,150490,111,58.7,"[53.7, 64.1]",Thurston
Melanoma of the skin,All,Thurston,2018-2022,All,All,All,293706,247,66.6,"[62.8, 70.6]",Thurston
Melanoma of the skin,All,Wahkiakum,2018-2022,All,Male,All,2194,3,72.9,"[38.1, 162.5]",Wahkiakum
Melanoma of the skin,All,Wahkiakum,2018-2022,All,Female,All,2223,NR,NR,NR,Wahkiakum
Melanoma of the skin,All,Wahkiakum,2018-2022,All,All,All,4418,4,51.8,"[28.2, 98.5]",Wahkiakum
Melanoma of the skin,All,Walla Walla,2018-2022,All,Male,All,31610,12,29.2,"[22.0, 38.5]",Walla Walla
Melanoma of the skin,All,Walla Walla,2018-2022,All,Female,All,30608,9,20.2,"[14.3, 28.2]",Walla Walla
Melanoma of the skin,All,Walla Walla,2018-2022,All,All,All,62218,20,24.3,"[19.7, 30.0]",Walla Walla
Melanoma of the skin,All,Whatcom,2018-2022,All,Male,All,111033,95,69.1,"[62.8, 76.0]",Whatcom
Melanoma of the skin,All,Whatcom,2018-2022,All,Female,All,114724,66,45.0,"[40.1, 50.6]",Whatcom
Melanoma of the skin,All,Whatcom,2018-2022,All,All,All,225757,161,55.8,"[51.9, 60.1]",Whatcom
Melanoma of the skin,All,Whitman,2018-2022,All,Male,All,23510,4,17.8,"[10.3, 29.6]",Whitman
Melanoma of the skin,All,Whitman,2018-2022,All,Female,All,23582,3,15.8,"[8.7, 27.4]",Whitman
Melanoma of the skin,All,Whitman,2018-2022,All,All,All,47092,7,16.5,"[11.2, 23.8]",Whitman
Melanoma of the skin,All,Yakima,2018-2022,All,Male,All,128323,46,34.0,"[29.6, 38.9]",Yakima
Melanoma of the skin,All,Yakima,2018-2022,All,Female,All,128350,38,26.2,"[22.5, 30.4]",Yakima
Melanoma of the skin,All,Yakima,2018-2022,All,All,All,256672,83,29.5,"[26.7, 32.6]",Yakima
Melanoma of the skin,In situ,Adams,2018-2022,All,Male,All,10551,NR,NR,NR,Adams
Melanoma of the skin,In situ,Adams,2018-2022,All,Female,All,10078,NR,NR,NR,Adams
Melanoma of the skin,In situ,Adams,2018-2022,All,All,All,20630,NR,NR,NR,Adams
Melanoma of the skin,In situ,Asotin,2018-2022,All,Male,All,10865,6,32.8,"[21.5, 50.5]",Asotin
Melanoma of the skin,In situ,Asotin,2018-2022,All,Female,All,11471,3,17.8,"[9.3, 33.1]",Asotin
Melanoma of the skin,In situ,Asotin,2018-2022,All,All,All,22336,9,24.6,"[17.5, 34.9]",Asotin
Melanoma of the skin,In situ,Benton,2018-2022,All,Male,All,102466,24,21.0,"[17.4, 25.3]",Benton
Melanoma of the skin,In situ,Benton,2018-2022,All,Female,All,103559,12,10.3,"[7.8, 13.4]",Benton
Melanoma of the skin,In situ,Benton,2018-2022,All,All,All,206025,37,15.4,"[13.2, 17.9]",Benton
Melanoma of the skin,In situ,Chelan,2018-2022,All,Male,All,39569,29,51.3,"[43.0, 61.1]",Chelan
Melanoma of the skin,In situ,Chelan,2018-2022,All,Female,All,39471,18,30.7,"[24.3, 38.7]",Chelan
Melanoma of the skin,In situ,Chelan,2018-2022,All,All,All,79040,46,39.9,"[34.8, 45.9]",Chelan
Melanoma of the skin,In situ,Clallam,2018-2022,All,Male,All,37791,44,56.4,"[48.6, 65.9]",Clallam
Melanoma of the skin,In situ,Clallam,2018-2022,All,Female,All,39105,26,34.0,"[27.2, 42.8]",Clallam
Melanoma of the skin,In situ,Clallam,2018-2022,All,All,All,76896,69,44.1,"[39.0, 50.1]",Clallam
Melanoma of the skin,In situ,Clark,2018-2022,All,Male,All,248051,52,18.9,"[16.6, 21.5]",Clark
Melanoma of the skin,In situ,Clark,2018-2022,All,Female,All,253740,44,13.9,"[12.1, 16.0]",Clark
Melanoma of the skin,In situ,Clark,2018-2022,All,All,All,501791,96,16.0,"[14.5, 17.5]",Clark
Melanoma of the skin,In situ,Columbia,2018-2022,All,Male,All,1963,NR,NR,NR,Columbia
Melanoma of the skin,In situ,Columbia,2018-2022,All,Female,All,1994,NR,NR,NR,Columbia
Melanoma of the skin,In situ,Columbia,2018-2022,All,All,All,3957,NR,NR,NR,Columbia
Melanoma of the skin,In situ,Cowlitz,2018-2022,All,Male,All,54735,13,17.0,"[13.0, 22.1]",Cowlitz
Melanoma of the skin,In situ,Cowlitz,2018-2022,All,Female,All,55601,10,12.6,"[9.1, 17.3]",Cowlitz
Melanoma of the skin,In situ,Cowlitz,2018-2022,All,All,All,110335,23,14.6,"[11.9, 17.8]",Cowlitz
Melanoma of the skin,In situ,Douglas,2018-2022,All,Male,All,21598,12,45.4,"[34.5, 59.4]",Douglas
Melanoma of the skin,In situ,Douglas,2018-2022,All,Female,All,21244,8,30.2,"[21.0, 42.6]",Douglas
Melanoma of the skin,In situ,Douglas,2018-2022,All,All,All,42842,20,37.2,"[30.1, 45.9]",Douglas
Melanoma of the skin,In situ,Ferry,2018-2022,All,Male,All,3674,NR,NR,NR,Ferry
Melanoma of the skin,In situ,Ferry,2018-2022,All,Female,All,3561,NR,NR,NR,Ferry
Melanoma of the skin,In situ,Ferry,2018-2022,All,All,All,7234,NR,NR,NR,Ferry
Melanoma of the skin,In situ,Franklin,2018-2022,All,Male,All,49721,4,11.3,"[6.9, 17.9]",Franklin
Melanoma of the skin,In situ,Franklin,2018-2022,All,Female,All,46721,3,7.9,"[4.3, 13.4]",Franklin
Melanoma of the skin,In situ,Franklin,2018-2022,All,All,All,96442,7,9.5,"[6.6, 13.3]",Franklin
Melanoma of the skin,In situ,Garfield,2018-2022,All,Male,All,1158,NR,NR,NR,Garfield
Melanoma of the skin,In situ,Garfield,2018-2022,All,Female,All,1127,NR,NR,NR,Garfield
Melanoma of the skin,In situ,Garfield,2018-2022,All,All,All,2285,NR,NR,NR,Garfield
Melanoma of the skin,In situ,Grant,2018-2022,All,Male,All,50797,9,17.0,"[12.4, 23.1]",Grant
Melanoma of the skin,In situ,Grant,2018-2022,All,Female,All,48337,6,11.0,"[7.4, 16.1]",Grant
Melanoma of the skin,In situ,Grant,2018-2022,All,All,All,99134,15,13.9,"[10.9, 17.5]",Grant
Melanoma of the skin,In situ,Grays Harbor,2018-2022,All,Male,All,38516,13,20.4,"[15.4, 27.0]",Grays Harbor
Melanoma of the skin,In situ,Grays Harbor,2018-2022,All,Female,All,37011,11,20.6,"[15.1, 27.9]",Grays Harbor
Melanoma of the skin,In situ,Grays Harbor,2018-2022,All,All,All,75528,24,20.3,"[16.6, 24.8]",Grays Harbor
Melanoma of the skin,In situ,Island,2018-2022,All,Male,All,42803,45,64.0,"[55.4, 74.0]",Island
Melanoma of the skin,In situ,Island,2018-2022,All,Female,All,43712,28,40.4,"[33.2, 49.2]",Island
Melanoma of the skin,In situ,Island,2018-2022,All,All,All,86515,73,51.1,"[45.5, 57.4]",Island
Melanoma of the skin,In situ,Jefferson,2018-2022,All,Male,All,16132,24,56.6,"[46.0, 72.5]",Jefferson
Melanoma of the skin,In situ,Jefferson,2018-2022,All,Female,All,16754,16,44.4,"[33.2, 62.7]",Jefferson
Melanoma of the skin,In situ,Jefferson,2018-2022,All,All,All,32885,40,50.4,"[42.5, 61.0]",Jefferson
Melanoma of the skin,In situ,King,2018-2022,All,Male,All,1131256,489,44.0,"[42.2, 45.8]",King
Melanoma of the skin,In situ,King,2018-2022,All,Female,All,1126672,414,32.6,"[31.2, 34.0]",King
Melanoma of the skin,In situ,King,2018-2022,All,All,All,2257928,903,37.1,"[36.0, 38.3]",King
Melanoma of the skin,In situ,Kitsap,2018-2022,All,Male,All,139034,69,37.9,"[33.9, 42.4]",Kitsap
Melanoma of the skin,In situ,Kitsap,2018-2022,All,Female,All,136133,54,28.5,"[25.0, 32.4]",Kitsap
Melanoma of the skin,In situ,Kitsap,2018-2022,All,All,All,275167,123,32.6,"[29.9, 35.4]",Kitsap
Melanoma of the skin,In situ,Kittitas,2018-2022,All,Male,All,22970,8,29.2,"[20.7, 41.0]",Kittitas
Melanoma of the skin,In situ,Kittitas,2018-2022,All,Female,All,22723,5,20.3,"[12.8, 31.5]",Kittitas
Melanoma of the skin,In situ,Kittitas,2018-2022,All,All,All,45694,13,24.6,"[18.8, 32.0]",Kittitas
Melanoma of the skin,In situ,Klickitat,2018-2022,All,Male,All,11595,5,24.4,"[15.1, 40.2]",Klickitat
Melanoma of the skin,In situ,Klickitat,2018-2022,All,Female,All,11088,3,12.7,"[6.6, 26.4]",Klickitat
Melanoma of the skin,In situ,Klickitat,2018-2022,All,All,All,22683,7,18.9,"[13.0, 28.1]",Klickitat
Melanoma of the skin,In situ,Lewis,2018-2022,All,Male,All,41031,14,23.8,"[18.3, 30.7]",Lewis
Melanoma of the skin,In situ,Lewis,2018-2022,All,Female,All,40899,9,16.1,"[11.5, 22.4]",Lewis
Melanoma of the skin,In situ,Lewis,2018-2022,All,All,All,81930,23,19.7,"[16.1, 24.1]",Lewis
Melanoma of the skin,In situ,Lincoln,2018-2022,All,Male,All,5482,NR,NR,NR,Lincoln
Melanoma of the skin,In situ,Lincoln,2018-2022,All,Female,All,5407,NR,NR,NR,Lincoln
Melanoma of the skin,In situ,Lincoln,2018-2022,All,All,All,10889,NR,NR,NR,Lincoln
Melanoma of the skin,In situ,Mason,2018-2022,All,Male,All,33617,19,32.1,"[25.8, 40.2]",Mason
Melanoma of the skin,In situ,Mason,2018-2022,All,Female,All,31866,16,30.1,"[23.3, 39.0]",Mason
Melanoma of the skin,In situ,Mason,2018-2022,All,All,All,65483,35,30.8,"[26.1, 36.3]",Mason
Melanoma of the skin,In situ,Okanogan,2018-2022,All,Male,All,21691,11,30.4,"[22.6, 41.1]",Okanogan
Melanoma of the skin,In situ,Okanogan,2018-2022,All,Female,All,20525,5,16.9,"[10.3, 27.6]",Okanogan
Melanoma of the skin,In situ,Okanogan,2018-2022,All,All,All,42216,16,23.5,"[18.3, 30.3]",Okanogan
Melanoma of the skin,In situ,Pacific,2018-2022,All,Male,All,11571,4,14.9,"[9.1, 27.8]",Pacific
Melanoma of the skin,In situ,Pacific,2018-2022,All,Female,All,11646,3,10.6,"[4.5, 26.6]",Pacific
Melanoma of the skin,In situ,Pacific,2018-2022,All,All,All,23217,7,12.6,"[8.3, 20.7]",Pacific
Melanoma of the skin,In situ,Pend Oreille,2018-2022,All,Male,All,6803,NR,NR,NR,Pend Oreille
Melanoma of the skin,In situ,Pend Oreille,2018-2022,All,Female,All,6614,NR,NR,NR,Pend Oreille
Melanoma of the skin,In situ,Pend Oreille,2018-2022,All,All,All,13417,NR,NR,NR,Pend Oreille
Melanoma of the skin,In situ,Pierce,2018-2022,All,Male,All,454927,145,30.6,"[28.4, 33.0]",Pierce
Melanoma of the skin,In situ,Pierce,2018-2022,All,Female,All,461772,114,21.1,"[19.3, 22.9]",Pierce
Melanoma of the skin,In situ,Pierce,2018-2022,All,All,All,916699,258,25.0,"[23.6, 26.5]",Pierce
Melanoma of the skin,In situ,San Juan,2018-2022,All,Male,All,8612,12,64.1,"[46.6, 92.6]",San Juan
Melanoma of the skin,In situ,San Juan,2018-2022,All,Female,All,9085,6,31.7,"[19.4, 56.8]",San Juan
Melanoma of the skin,In situ,San Juan,2018-2022,All,All,All,17697,17,47.9,"[36.8, 64.3]",San Juan
Melanoma of the skin,In situ,Skagit,2018-2022,All,Male,All,63522,35,37.5,"[32.0, 44.0]",Skagit
Melanoma of the skin,In situ,Skagit,2018-2022,All,Female,All,65419,28,27.3,"[22.6, 32.9]",Skagit
Melanoma of the skin,In situ,Skagit,2018-2022,All,All,All,128941,63,31.9,"[28.3, 35.9]",Skagit
Melanoma of the skin,In situ,Skamania,2018-2022,All,Male,All,5931,NR,NR,NR,Skamania
Melanoma of the skin,In situ,Skamania,2018-2022,All,Female,All,5706,NR,NR,NR,Skamania
Melanoma of the skin,In situ,Skamania,2018-2022,All,All,All,11637,NR,NR,NR,Skamania
Melanoma of the skin,In situ,Snohomish,2018-2022,All,Male,All,411644,175,40.7,"[37.9, 43.6]",Snohomish
Melanoma of the skin,In situ,Snohomish,2018-2022,All,Female,All,414096,135,26.6,"[24.6, 28.7]",Snohomish
Melanoma of the skin,In situ,Snohomish,2018-2022,All,All,All,825740,310,32.5,"[30.9, 34.2]",Snohomish
Melanoma of the skin,In situ,Spokane,2018-2022,All,Male,All,265853,18,5.8,"[4.6, 7.2]",Spokane
Melanoma of the skin,In situ,Spokane,2018-2022,All,Female,All,271281,13,4.1,"[3.1, 5.3]",Spokane
Melanoma of the skin,In situ,Spokane,2018-2022,All,All,All,537133,31,4.8,"[4.0, 5.7]",Spokane
Melanoma of the skin,In situ,Stevens,2018-2022,All,Male,All,23263,NR,NR,NR,Stevens
Melanoma of the skin,In situ,Stevens,2018-2022,All,Female,All,23122,2,5.3,"[2.3, 12.3]",Stevens
Melanoma of the skin,In situ,Stevens,2018-2022,All,All,All,46385,4,5.1,"[2.8, 9.2]",Stevens
Melanoma of the skin,In situ,Thurston,2018-2022,All,Male,All,143216,78,44.9,"[40.5, 49.8]",Thurston
Melanoma of the skin,In situ,Thurston,2018-2022,All,Female,All,150490,60,30.8,"[27.2, 34.7]",Thurston
Melanoma of the skin,In situ,Thurston,2018-2022,All,All,All,293706,138,36.6,"[33.9, 39.6]",Thurston
Melanoma of the skin,In situ,Wahkiakum,2018-2022,All,Male,All,2194,NR,NR,NR,Wahkiakum
Melanoma of the skin,In situ,Wahkiakum,2018-2022,All,Female,All,2223,NR,NR,NR,Wahkiakum
Melanoma of the skin,In situ,Wahkiakum,2018-2022,All,All,All,4418,NR,NR,NR,Wahkiakum
Melanoma of the skin,In situ,Walla Walla,2018-2022,All,Male,All,31610,5,11.9,"[7.6, 18.4]",Walla Walla
Melanoma of the skin,In situ,Walla Walla,2018-2022,All,Female,All,30608,5,10.9,"[6.7, 17.4]",Walla Walla
Melanoma of the skin,In situ,Walla Walla,2018-2022,All,All,All,62218,10,11.4,"[8.3, 15.5]",Walla Walla
Melanoma of the skin,In situ,Whatcom,2018-2022,All,Male,All,111033,52,37.2,"[32.7, 42.4]",Whatcom
Melanoma of the skin,In situ,Whatcom,2018-2022,All,Female,All,114724,35,23.6,"[20.0, 27.7]",Whatcom
Melanoma of the skin,In situ,Whatcom,2018-2022,All,All,All,225757,87,29.7,"[26.8, 32.8]",Whatcom
Melanoma of the skin,In situ,Whitman,2018-2022,All,Male,All,23510,NR,NR,NR,Whitman
Melanoma of the skin,In situ,Whitman,2018-2022,All,Female,All,23582,NR,NR,NR,Whitman
Melanoma of the skin,In situ,Whitman,2018-2022,All,All,All,47092,3,6.7,"[3.6, 12.0]",Whitman
Melanoma of the skin,In situ,Yakima,2018-2022,All,Male,All,128323,20,14.8,"[12.0, 18.1]",Yakima
Melanoma of the skin,In situ,Yakima,2018-2022,All,Female,All,128350,20,13.5,"[10.9, 16.5]",Yakima
Melanoma of the skin,In situ,Yakima,2018-2022,All,All,All,256672,40,13.9,"[12.0, 16.1]",Yakima
Melanoma of the skin,Invasive,Adams,2018-2022,All,Male,All,10551,NR,NR,NR,Adams
Melanoma of the skin,Invasive,Adams,2018-2022,All,Female,All,10078,NR,NR,NR,Adams
Melanoma of the skin,Invasive,Adams,2018-2022,All,All,All,20630,3,15.4,"[8.3, 26.4]",Adams
Melanoma of the skin,Invasive,Asotin,2018-2022,All,Male,All,10865,7,38.4,"[25.9, 57.3]",Asotin
Melanoma of the skin,Invasive,Asotin,2018-2022,All,Female,All,11471,4,25.7,"[14.5, 43.8]",Asotin
Melanoma of the skin,Invasive,Asotin,2018-2022,All,All,All,22336,10,31.4,"[22.8, 43.0]",Asotin
Melanoma of the skin,Invasive,Benton,2018-2022,All,Male,All,102466,23,20.2,"[16.5, 24.5]",Benton
Melanoma of the skin,Invasive,Benton,2018-2022,All,Female,All,103559,15,12.4,"[9.6, 15.8]",Benton
Melanoma of the skin,Invasive,Benton,2018-2022,All,All,All,206025,37,16.0,"[13.7, 18.5]",Benton
Melanoma of the skin,Invasive,Chelan,2018-2022,All,Male,All,39569,24,44.7,"[36.7, 54.3]",Chelan
Melanoma of the skin,Invasive,Chelan,2018-2022,All,Female,All,39471,14,25.5,"[19.6, 33.0]",Chelan
Melanoma of the skin,Invasive,Chelan,2018-2022,All,All,All,79040,38,34.5,"[29.5, 40.2]",Chelan
Melanoma of the skin,Invasive,Clallam,2018-2022,All,Male,All,37791,29,39.0,"[32.4, 47.3]",Clallam
Melanoma of the skin,Invasive,Clallam,2018-2022,All,Female,All,39105,16,27.9,"[21.0, 37.0]",Clallam
Melanoma of the skin,Invasive,Clallam,2018-2022,All,All,All,76896,46,32.6,"[27.9, 38.3]",Clallam
Melanoma of the skin,Invasive,Clark,2018-2022,All,Male,All,248051,77,27.3,"[24.5, 30.3]",Clark
Melanoma of the skin,Invasive,Clark,2018-2022,All,Female,All,253740,54,17.9,"[15.8, 20.3]",Clark
Melanoma of the skin,Invasive,Clark,2018-2022,All,All,All,501791,131,21.9,"[20.2, 23.7]",Clark
Melanoma of the skin,Invasive,Columbia,2018-2022,All,Male,All,1963,NR,NR,NR,Columbia
Melanoma of the skin,Invasive,Columbia,2018-2022,All,Female,All,1994,NR,NR,NR,Columbia
Melanoma of the skin,Invasive,Columbia,2018-2022,All,All,All,3957,NR,NR,NR,Columbia
Melanoma of the skin,Invasive,Cowlitz,2018-2022,All,Male,All,54735,17,23.4,"[18.5, 29.4]",Cowlitz
Melanoma of the skin,Invasive,Cowlitz,2018-2022,All,Female,All,55601,14,19.0,"[14.5, 24.8]",Cowlitz
Melanoma of the skin,Invasive,Cowlitz,2018-2022,All,All,All,110335,30,20.9,"[17.5, 24.8]",Cowlitz
Melanoma of the skin,Invasive,Douglas,2018-2022,All,Male,All,21598,7,23.7,"[16.1, 34.3]",Douglas
Melanoma of the skin,Invasive,Douglas,2018-2022,All,Female,All,21244,7,26.2,"[17.7, 37.8]",Douglas
Melanoma of the skin,Invasive,Douglas,2018-2022,All,All,All,42842,13,24.6,"[18.9, 31.9]",Douglas
Melanoma of the skin,Invasive,Ferry,2018-2022,All,Male,All,3674,NR,NR,NR,Ferry
Melanoma of the skin,Invasive,Ferry,2018-2022,All,Female,All,3561,NR,NR,NR,Ferry
Melanoma of the skin,Invasive,Ferry,2018-2022,All,All,All,7234,NR,NR,NR,Ferry
Melanoma of the skin,Invasive,Franklin,2018-2022,All,Male,All,49721,4,10.7,"[6.5, 17.0]",Franklin
Melanoma of the skin,Invasive,Franklin,2018-2022,All,Female,All,46721,5,10.7,"[6.7, 16.5]",Franklin
Melanoma of the skin,Invasive,Franklin,2018-2022,All,All,All,96442,9,10.5,"[7.6, 14.4]",Franklin
Melanoma of the skin,Invasive,Garfield,2018-2022,All,Male,All,1158,NR,NR,NR,Garfield
Melanoma of the skin,Invasive,Garfield,2018-2022,All,Female,All,1127,NR,NR,NR,Garfield
Melanoma of the skin,Invasive,Garfield,2018-2022,All,All,All,2285,NR,NR,NR,Garfield
Melanoma of the skin,Invasive,Grant,2018-2022,All,Male,All,50797,10,19.5,"[14.4, 26.1]",Grant
Melanoma of the skin,Invasive,Grant,2018-2022,All,Female,All,48337,5,8.4,"[5.3, 12.9]",Grant
Melanoma of the skin,Invasive,Grant,2018-2022,All,All,All,99134,15,13.8,"[10.8, 17.5]",Grant
Melanoma of the skin,Invasive,Grays Harbor,2018-2022,All,Male,All,38516,15,25.4,"[19.7, 32.7]",Grays Harbor
Melanoma of the skin,Invasive,Grays Harbor,2018-2022,All,Female,All,37011,10,20.6,"[14.8, 28.3]",Grays Harbor
Melanoma of the skin,Invasive,Grays Harbor,2018-2022,All,All,All,75528,25,22.5,"[18.4, 27.3]",Grays Harbor
Melanoma of the skin,Invasive,Island,2018-2022,All,Male,All,42803,28,43.3,"[35.8, 52.5]",Island
Melanoma of the skin,Invasive,Island,2018-2022,All,Female,All,43712,19,29.6,"[23.3, 37.7]",Island
Melanoma of the skin,Invasive,Island,2018-2022,All,All,All,86515,47,35.9,"[31.0, 41.6]",Island
Melanoma of the skin,Invasive,Jefferson,2018-2022,All,Male,All,16132,16,44.3,"[33.0, 61.4]",Jefferson
Melanoma of the skin,Invasive,Jefferson,2018-2022,All,Female,All,16754,9,23.6,"[15.7, 39.2]",Jefferson
Melanoma of the skin,Invasive,Jefferson,2018-2022,All,All,All,32885,24,33.8,"[26.8, 43.9]",Jefferson
Melanoma of the skin,Invasive,King,2018-2022,All,Male,All,1131256,378,33.6,"[32.1, 35.2]",King
Melanoma of the skin,Invasive,King,2018-2022,All,Female,All,1126672,306,24.2,"[22.9, 25.4]",King
Melanoma of the skin,Invasive,King,2018-2022,All,All,All,2257928,685,28.1,"[27.1, 29.1]",King
Melanoma of the skin,Invasive,Kitsap,2018-2022,All,Male,All,139034,71,41.7,"[37.3, 46.5]",Kitsap
Melanoma of the skin,Invasive,Kitsap,2018-2022,All,Female,All,136133,44,24.5,"[21.2, 28.3]",Kitsap
Melanoma of the skin,Invasive,Kitsap,2018-2022,All,All,All,275167,116,32.2,"[29.5, 35.1]",Kitsap
Melanoma of the skin,Invasive,Kittitas,2018-2022,All,Male,All,22970,7,24.3,"[16.7, 35.3]",Kittitas
Melanoma of the skin,Invasive,Kittitas,2018-2022,All,Female,All,22723,5,22.2,"[14.0, 34.0]",Kittitas
Melanoma of the skin,Invasive,Kittitas,2018-2022,All,All,All,45694,12,22.9,"[17.3, 30.2]",Kittitas
Melanoma of the skin,Invasive,Klickitat,2018-2022,All,Male,All,11595,4,20.3,"[11.7, 35.6]",Klickitat
Melanoma of the skin,Invasive,Klickitat,2018-2022,All,Female,All,11088,2,12.8,"[5.6, 28.0]",Klickitat
Melanoma of the skin,Invasive,Klickitat,2018-2022,All,All,All,22683,6,16.5,"[10.7, 25.8]",Klickitat
Melanoma of the skin,Invasive,Lewis,2018-2022,All,Male,All,41031,15,25.8,"[19.9, 33.2]",Lewis
Melanoma of the skin,Invasive,Lewis,2018-2022,All,Female,All,40899,13,25.0,"[18.8, 32.8]",Lewis
Melanoma of the skin,Invasive,Lewis,2018-2022,All,All,All,81930,27,25.1,"[20.8, 30.2]",Lewis
Melanoma of the skin,Invasive,Lincoln,2018-2022,All,Male,All,5482,NR,NR,NR,Lincoln
Melanoma of the skin,Invasive,Lincoln,2018-2022,All,Female,All,5407,NR,NR,NR,Lincoln
Melanoma of the skin,Invasive,Lincoln,2018-2022,All,All,All,10889,3,17.4,"[9.0, 33.8]",Lincoln
Melanoma of the skin,Invasive,Mason,2018-2022,All,Male,All,33617,18,34.9,"[27.7, 44.0]",Mason
Melanoma of the skin,Invasive,Mason,2018-2022,All,Female,All,31866,12,28.4,"[21.0, 38.1]",Mason
Melanoma of the skin,Invasive,Mason,2018-2022,All,All,All,65483,30,31.1,"[25.9, 37.2]",Mason
Melanoma of the skin,Invasive,Okanogan,2018-2022,All,Male,All,21691,9,29.5,"[20.9, 41.3]",Okanogan
Melanoma of the skin,Invasive,Okanogan,2018-2022,All,Female,All,20525,5,20.0,"[12.3, 31.7]",Okanogan
Melanoma of the skin,Invasive,Okanogan,2018-2022,All,All,All,42216,14,24.4,"[18.5, 31.9]",Okanogan
Melanoma of the skin,Invasive,Pacific,2018-2022,All,Male,All,11571,5,20.8,"[12.0, 36.9]",Pacific
Melanoma of the skin,Invasive,Pacific,2018-2022,All,Female,All,11646,4,17.9,"[9.7, 35.2]",Pacific
Melanoma of the skin,Invasive,Pacific,2018-2022,All,All,All,23217,8,19.4,"[13.0, 29.4]",Pacific
Melanoma of the skin,Invasive,Pend Oreille,2018-2022,All,Male,All,6803,NR,NR,NR,Pend Oreille
Melanoma of the skin,Invasive,Pend Oreille,2018-2022,All,Female,All,6614,NR,NR,NR,Pend Oreille
Melanoma of the skin,Invasive,Pend Oreille,2018-2022,All,All,All,13417,3,13.5,"[7.2, 26.5]",Pend Oreille
Melanoma of the skin,Invasive,Pierce,2018-2022,All,Male,All,454927,152,32.1,"[29.8, 34.6]",Pierce
Melanoma of the skin,Invasive,Pierce,2018-2022,All,Female,All,461772,130,24.6,"[22.7, 26.7]",Pierce
Melanoma of the skin,Invasive,Pierce,2018-2022,All,All,All,916699,282,27.6,"[26.1, 29.1]",Pierce
Melanoma of the skin,Invasive,San Juan,2018-2022,All,Male,All,8612,9,49.6,"[32.9, 77.9]",San Juan
Melanoma of the skin,Invasive,San Juan,2018-2022,All,Female,All,9085,4,25.8,"[13.9, 51.0]",San Juan
Melanoma of the skin,Invasive,San Juan,2018-2022,All,All,All,17697,12,37.7,"[27.1, 53.9]",San Juan
Melanoma of the skin,Invasive,Skagit,2018-2022,All,Male,All,63522,29,32.4,"[27.1, 38.6]",Skagit
Melanoma of the skin,Invasive,Skagit,2018-2022,All,Female,All,65419,24,26.5,"[21.5, 32.4]",Skagit
Melanoma of the skin,Invasive,Skagit,2018-2022,All,All,All,128941,53,28.9,"[25.3, 33.0]",Skagit
Melanoma of the skin,Invasive,Skamania,2018-2022,All,Male,All,5931,2,28.5,"[13.1, 60.5]",Skamania
Melanoma of the skin,Invasive,Skamania,2018-2022,All,Female,All,5706,NR,NR,NR,Skamania
Melanoma of the skin,Invasive,Skamania,2018-2022,All,All,All,11637,4,21.6,"[12.2, 38.9]",Skamania
Melanoma of the skin,Invasive,Snohomish,2018-2022,All,Male,All,411644,152,34.6,"[32.1, 37.3]",Snohomish
Melanoma of the skin,Invasive,Snohomish,2018-2022,All,Female,All,414096,128,27.1,"[25.0, 29.3]",Snohomish
Melanoma of the skin,Invasive,Snohomish,2018-2022,All,All,All,825740,280,30.1,"[28.5, 31.8]",Snohomish
Melanoma of the skin,Invasive,Spokane,2018-2022,All,Male,All,265853,50,16.2,"[14.2, 18.5]",Spokane
Melanoma of the skin,Invasive,Spokane,2018-2022,All,Female,All,271281,32,9.6,"[8.1, 11.4]",Spokane
Melanoma of the skin,Invasive,Spokane,2018-2022,All,All,All,537133,81,12.5,"[11.3, 13.9]",Spokane
Melanoma of the skin,Invasive,Stevens,2018-2022,All,Male,All,23263,4,12.3,"[7.2, 20.9]",Stevens
Melanoma of the skin,Invasive,Stevens,2018-2022,All,Female,All,23122,3,11.2,"[5.7, 20.7]",Stevens
Melanoma of the skin,Invasive,Stevens,2018-2022,All,All,All,46385,7,11.6,"[7.7, 17.2]",Stevens
Melanoma of the skin,Invasive,Thurston,2018-2022,All,Male,All,143216,57,33.6,"[29.7, 37.9]",Thurston
Melanoma of the skin,Invasive,Thurston,2018-2022,All,Female,All,150490,51,27.9,"[24.4, 31.8]",Thurston
Melanoma of the skin,Invasive,Thurston,2018-2022,All,All,All,293706,109,29.9,"[27.4, 32.7]",Thurston
Melanoma of the skin,Invasive,Wahkiakum,2018-2022,All,Male,All,2194,NR,NR,NR,Wahkiakum
Melanoma of the skin,Invasive,Wahkiakum,2018-2022,All,Female,All,2223,NR,NR,NR,Wahkiakum
Melanoma of the skin,Invasive,Wahkiakum,2018-2022,All,All,All,4418,2,30.8,"[14.4, 71.5]",Wahkiakum
Melanoma of the skin,Invasive,Walla Walla,2018-2022,All,Male,All,31610,7,17.3,"[11.7, 25.0]",Walla Walla
Melanoma of the skin,Invasive,Walla Walla,2018-2022,All,Female,All,30608,4,9.3,"[5.5, 15.4]",Walla Walla
Melanoma of the skin,Invasive,Walla Walla,2018-2022,All,All,All,62218,11,12.9,"[9.5, 17.4]",Walla Walla
Melanoma of the skin,Invasive,Whatcom,2018-2022,All,Male,All,111033,43,31.9,"[27.6, 36.7]",Whatcom
Melanoma of the skin,Invasive,Whatcom,2018-2022,All,Female,All,114724,31,21.5,"[18.1, 25.5]",Whatcom
Melanoma of the skin,Invasive,Whatcom,2018-2022,All,All,All,225757,74,26.2,"[23.5, 29.1]",Whatcom
Melanoma of the skin,Invasive,Whitman,2018-2022,All,Male,All,23510,2,9.7,"[4.4, 19.5]",Whitman
Melanoma of the skin,Invasive,Whitman,2018-2022,All,Female,All,23582,2,10.1,"[4.5, 20.3]",Whitman
Melanoma of the skin,Invasive,Whitman,2018-2022,All,All,All,47092,4,9.7,"[5.7, 15.9]",Whitman
Melanoma of the skin,Invasive,Yakima,2018-2022,All,Male,All,128323,26,19.2,"[15.9, 23.0]",Yakima
Melanoma of the skin,Invasive,Yakima,2018-2022,All,Female,All,128350,17,12.7,"[10.1, 15.8]",Yakima
Melanoma of the skin,Invasive,Yakima,2018-2022,All,All,All,256672,43,15.6,"[13.5, 17.9]",Yakima
Myeloma,All,Adams,2018-2022,All,Male,All,10551,NR,NR,NR,Adams
Myeloma,All,Adams,2018-2022,All,Female,All,10078,NR,NR,NR,Adams
Myeloma,All,Adams,2018-2022,All,All,All,20630,NR,NR,NR,Adams
Myeloma,All,Asotin,2018-2022,All,Male,All,10865,NR,NR,NR,Asotin
Myeloma,All,Asotin,2018-2022,All,Female,All,11471,NR,NR,NR,Asotin
Myeloma,All,Asotin,2018-2022,All,All,All,22336,2,6.9,"[3.0, 14.7]",Asotin
Myeloma,All,Benton,2018-2022,All,Male,All,102466,7,6.4,"[4.4, 9.0]",Benton
Myeloma,All,Benton,2018-2022,All,Female,All,103559,5,4.0,"[2.5, 6.1]",Benton
Myeloma,All,Benton,2018-2022,All,All,All,206025,12,5.1,"[3.9, 6.6]",Benton
Myeloma,All,Chelan,2018-2022,All,Male,All,39569,4,6.4,"[3.8, 10.6]",Chelan
Myeloma,All,Chelan,2018-2022,All,Female,All,39471,3,5.9,"[3.3, 10.2]",Chelan
Myeloma,All,Chelan,2018-2022,All,All,All,79040,7,6.2,"[4.3, 8.9]",Chelan
Myeloma,All,Clallam,2018-2022,All,Male,All,37791,7,11.6,"[7.6, 17.6]",Clallam
Myeloma,All,Clallam,2018-2022,All,Female,All,39105,5,5.7,"[3.6, 10.0]",Clallam
Myeloma,All,Clallam,2018-2022,All,All,All,76896,12,8.6,"[6.3, 11.8]",Clallam
Myeloma,All,Clark,2018-2022,All,Male,All,248051,19,6.4,"[5.1, 7.9]",Clark
Myeloma,All,Clark,2018-2022,All,Female,All,253740,12,3.8,"[2.9, 5.0]",Clark
Myeloma,All,Clark,2018-2022,All,All,All,501791,31,5.0,"[4.2, 5.9]",Clark
Myeloma,All,Columbia,2018-2022,All,Male,All,1963,NR,NR,NR,Columbia
Myeloma,All,Columbia,2018-2022,All,Female,All,1994,NR,NR,NR,Columbia
Myeloma,All,Columbia,2018-2022,All,All,All,3957,NR,NR,NR,Columbia
Myeloma,All,Cowlitz,2018-2022,All,Male,All,54735,5,6.3,"[3.9, 9.9]",Cowlitz
Myeloma,All,Cowlitz,2018-2022,All,Female,All,55601,3,3.8,"[2.1, 6.9]",Cowlitz
Myeloma,All,Cowlitz,2018-2022,All,All,All,110335,8,5.0,"[3.5, 7.2]",Cowlitz
Myeloma,All,Douglas,2018-2022,All,Male,All,21598,2,9.1,"[4.4, 17.3]",Douglas
Myeloma,All,Douglas,2018-2022,All,Female,All,21244,NR,NR,NR,Douglas
Myeloma,All,Douglas,2018-2022,All,All,All,42842,4,6.9,"[4.1, 11.4]",Douglas
Myeloma,All,Ferry,2018-2022,All,Male,All,3674,NR,NR,NR,Ferry
Myeloma,All,Ferry,2018-2022,All,Female,All,3561,NR,NR,NR,Ferry
Myeloma,All,Ferry,2018-2022,All,All,All,7234,NR,NR,NR,Ferry
Myeloma,All,Franklin,2018-2022,All,Male,All,49721,3,7.7,"[4.2, 13.6]",Franklin
Myeloma,All,Franklin,2018-2022,All,Female,All,46721,2,6.5,"[3.3, 11.6]",Franklin
Myeloma,All,Franklin,2018-2022,All,All,All,96442,5,7.0,"[4.6, 10.5]",Franklin
Myeloma,All,Garfield,2018-2022,All,Male,All,1158,NR,NR,NR,Garfield
Myeloma,All,Garfield,2018-2022,All,Female,All,1127,NR,NR,NR,Garfield
Myeloma,All,Garfield,2018-2022,All,All,All,2285,NR,NR,NR,Garfield
Myeloma,All,Grant,2018-2022,All,Male,All,50797,3,5.8,"[3.2, 9.9]",Grant
Myeloma,All,Grant,2018-2022,All,Female,All,48337,3,5.0,"[2.6, 8.9]",Grant
Myeloma,All,Grant,2018-2022,All,All,All,99134,6,5.4,"[3.6, 8.0]",Grant
Myeloma,All,Grays Harbor,2018-2022,All,Male,All,38516,6,9.4,"[6.2, 14.4]",Grays Harbor
Myeloma,All,Grays Harbor,2018-2022,All,Female,All,37011,3,6.2,"[3.4, 11.0]",Grays Harbor
Myeloma,All,Grays Harbor,2018-2022,All,All,All,75528,9,7.8,"[5.6, 10.8]",Grays Harbor
Myeloma,All,Island,2018-2022,All,Male,All,42803,7,9.0,"[6.2, 13.6]",Island
Myeloma,All,Island,2018-2022,All,Female,All,43712,6,8.3,"[5.4, 13.0]",Island
Myeloma,All,Island,2018-2022,All,All,All,86515,13,8.6,"[6.5, 11.5]",Island
Myeloma,All,Jefferson,2018-2022,All,Male,All,16132,5,11.9,"[7.2, 23.5]",Jefferson
Myeloma,All,Jefferson,2018-2022,All,Female,All,16754,2,5.3,"[2.4, 17.9]",Jefferson
Myeloma,All,Jefferson,2018-2022,All,All,All,32885,7,8.6,"[5.7, 15.0]",Jefferson
Myeloma,All,King,2018-2022,All,Male,All,1131256,98,8.8,"[8.0, 9.7]",King
Myeloma,All,King,2018-2022,All,Female,All,1126672,70,5.4,"[4.8, 6.0]",King
Myeloma,All,King,2018-2022,All,All,All,2257928,168,6.9,"[6.4, 7.4]",King
Myeloma,All,Kitsap,2018-2022,All,Male,All,139034,14,7.6,"[5.9, 9.8]",Kitsap
Myeloma,All,Kitsap,2018-2022,All,Female,All,136133,12,6.0,"[4.5, 8.0]",Kitsap
Myeloma,All,Kitsap,2018-2022,All,All,All,275167,25,6.8,"[5.6, 8.2]",Kitsap
Myeloma,All,Kittitas,2018-2022,All,Male,All,22970,NR,NR,NR,Kittitas
Myeloma,All,Kittitas,2018-2022,All,Female,All,22723,2,6.8,"[3.2, 14.1]",Kittitas
Myeloma,All,Kittitas,2018-2022,All,All,All,45694,4,6.3,"[3.7, 10.6]",Kittitas
Myeloma,All,Klickitat,2018-2022,All,Male,All,11595,NR,NR,NR,Klickitat
Myeloma,All,Klickitat,2018-2022,All,Female,All,11088,NR,NR,NR,Klickitat
Myeloma,All,Klickitat,2018-2022,All,All,All,22683,NR,NR,NR,Klickitat
Myeloma,All,Lewis,2018-2022,All,Male,All,41031,4,5.5,"[3.2, 9.5]",Lewis
Myeloma,All,Lewis,2018-2022,All,Female,All,40899,2,3.3,"[1.7, 6.7]",Lewis
Myeloma,All,Lewis,2018-2022,All,All,All,81930,6,4.4,"[3.0, 6.7]",Lewis
Myeloma,All,Lincoln,2018-2022,All,Male,All,5482,NR,NR,NR,Lincoln
Myeloma,All,Lincoln,2018-2022,All,Female,All,5407,NR,NR,NR,Lincoln
Myeloma,All,Lincoln,2018-2022,All,All,All,10889,NR,NR,NR,Lincoln
Myeloma,All,Mason,2018-2022,All,Male,All,33617,4,8.4,"[5.1, 13.8]",Mason
Myeloma,All,Mason,2018-2022,All,Female,All,31866,2,4.0,"[1.9, 8.7]",Mason
Myeloma,All,Mason,2018-2022,All,All,All,65483,7,6.1,"[4.1, 9.1]",Mason
Myeloma,All,Okanogan,2018-2022,All,Male,All,21691,3,9.3,"[4.9, 17.2]",Okanogan
Myeloma,All,Okanogan,2018-2022,All,Female,All,20525,NR,NR,NR,Okanogan
Myeloma,All,Okanogan,2018-2022,All,All,All,42216,4,6.1,"[3.5, 10.4]",Okanogan
Myeloma,All,Pacific,2018-2022,All,Male,All,11571,NR,NR,NR,Pacific
Myeloma,All,Pacific,2018-2022,All,Female,All,11646,NR,NR,NR,Pacific
Myeloma,All,Pacific,2018-2022,All,All,All,23217,3,4.2,"[2.2, 10.5]",Pacific
Myeloma,All,Pend Oreille,2018-2022,All,Male,All,6803,NR,NR,NR,Pend Oreille
Myeloma,All,Pend Oreille,2018-2022,All,Female,All,6614,NR,NR,NR,Pend Oreille
Myeloma,All,Pend Oreille,2018-2022,All,All,All,13417,NR,NR,NR,Pend Oreille
Myeloma,All,Pierce,2018-2022,All,Male,All,454927,39,8.1,"[7.0, 9.4]",Pierce
Myeloma,All,Pierce,2018-2022,All,Female,All,461772,29,5.1,"[4.3, 6.0]",Pierce
Myeloma,All,Pierce,2018-2022,All,All,All,916699,69,6.5,"[5.8, 7.2]",Pierce
Myeloma,All,San Juan,2018-2022,All,Male,All,8612,3,13.5,"[6.7, 33.9]",San Juan
Myeloma,All,San Juan,2018-2022,All,Female,All,9085,NR,NR,NR,San Juan
Myeloma,All,San Juan,2018-2022,All,All,All,17697,3,6.9,"[3.5, 17.2]",San Juan
Myeloma,All,Skagit,2018-2022,All,Male,All,63522,8,8.2,"[5.8, 11.6]",Skagit
Myeloma,All,Skagit,2018-2022,All,Female,All,65419,6,5.6,"[3.7, 8.6]",Skagit
Myeloma,All,Skagit,2018-2022,All,All,All,128941,14,6.7,"[5.2, 8.7]",Skagit
Myeloma,All,Skamania,2018-2022,All,Male,All,5931,NR,NR,NR,Skamania
Myeloma,All,Skamania,2018-2022,All,Female,All,5706,NR,NR,NR,Skamania
Myeloma,All,Skamania,2018-2022,All,All,All,11637,NR,NR,NR,Skamania
Myeloma,All,Snohomish,2018-2022,All,Male,All,411644,42,10.4,"[8.9, 11.9]",Snohomish
Myeloma,All,Snohomish,2018-2022,All,Female,All,414096,29,5.7,"[4.8, 6.7]",Snohomish
Myeloma,All,Snohomish,2018-2022,All,All,All,825740,71,7.7,"[6.9, 8.6]",Snohomish
Myeloma,All,Spokane,2018-2022,All,Male,All,265853,22,7.2,"[5.9, 8.8]",Spokane
Myeloma,All,Spokane,2018-2022,All,Female,All,271281,14,3.8,"[2.9, 4.9]",Spokane
Myeloma,All,Spokane,2018-2022,All,All,All,537133,36,5.3,"[4.5, 6.2]",Spokane
Myeloma,All,Stevens,2018-2022,All,Male,All,23263,NR,NR,NR,Stevens
Myeloma,All,Stevens,2018-2022,All,Female,All,23122,NR,NR,NR,Stevens
Myeloma,All,Stevens,2018-2022,All,All,All,46385,2,2.8,"[1.3, 6.2]",Stevens
Myeloma,All,Thurston,2018-2022,All,Male,All,143216,17,9.6,"[7.6, 12.1]",Thurston
Myeloma,All,Thurston,2018-2022,All,Female,All,150490,12,5.7,"[4.3, 7.4]",Thurston
Myeloma,All,Thurston,2018-2022,All,All,All,293706,29,7.5,"[6.3, 8.9]",Thurston
Myeloma,All,Wahkiakum,2018-2022,All,Male,All,2194,NR,NR,NR,Wahkiakum
Myeloma,All,Wahkiakum,2018-2022,All,Female,All,2223,NR,NR,NR,Wahkiakum
Myeloma,All,Wahkiakum,2018-2022,All,All,All,4418,NR,NR,NR,Wahkiakum
Myeloma,All,Walla Walla,2018-2022,All,Male,All,31610,NR,NR,NR,Walla Walla
Myeloma,All,Walla Walla,2018-2022,All,Female,All,30608,NR,NR,NR,Walla Walla
Myeloma,All,Walla Walla,2018-2022,All,All,All,62218,3,3.5,"[1.8, 6.4]",Walla Walla
Myeloma,All,Whatcom,2018-2022,All,Male,All,111033,16,11.6,"[9.1, 14.6]",Whatcom
Myeloma,All,Whatcom,2018-2022,All,Female,All,114724,10,6.1,"[4.4, 8.3]",Whatcom
Myeloma,All,Whatcom,2018-2022,All,All,All,225757,25,8.6,"[7.1, 10.3]",Whatcom
Myeloma,All,Whitman,2018-2022,All,Male,All,23510,NR,NR,NR,Whitman
Myeloma,All,Whitman,2018-2022,All,Female,All,23582,NR,NR,NR,Whitman
Myeloma,All,Whitman,2018-2022,All,All,All,47092,2,4.7,"[2.3, 9.2]",Whitman
Myeloma,All,Yakima,2018-2022,All,Male,All,128323,8,5.9,"[4.2, 8.2]",Yakima
Myeloma,All,Yakima,2018-2022,All,Female,All,128350,6,3.7,"[2.5, 5.6]",Yakima
Myeloma,All,Yakima,2018-2022,All,All,All,256672,13,4.7,"[3.7, 6.1]",Yakima
Non-hodgkin lymphoma,All,Adams,2018-2022,All,Male,All,10551,NR,NR,NR,Adams
Non-hodgkin lymphoma,All,Adams,2018-2022,All,Female,All,10078,NR,NR,NR,Adams
Non-hodgkin lymphoma,All,Adams,2018-2022,All,All,All,20630,3,14.5,"[7.7, 25.4]",Adams
Non-hodgkin lymphoma,All,Asotin,2018-2022,All,Male,All,10865,3,16.9,"[9.2, 31.6]",Asotin
Non-hodgkin lymphoma,All,Asotin,2018-2022,All,Female,All,11471,2,10.4,"[4.6, 23.1]",Asotin
Non-hodgkin lymphoma,All,Asotin,2018-2022,All,All,All,22336,5,13.6,"[8.5, 21.8]",Asotin
Non-hodgkin lymphoma,All,Benton,2018-2022,All,Male,All,102466,16,14.9,"[11.7, 18.7]",Benton
Non-hodgkin lymphoma,All,Benton,2018-2022,All,Female,All,103559,19,15.0,"[12.0, 18.5]",Benton
Non-hodgkin lymphoma,All,Benton,2018-2022,All,All,All,206025,35,14.9,"[12.7, 17.4]",Benton
Non-hodgkin lymphoma,All,Chelan,2018-2022,All,Male,All,39569,13,25.5,"[19.3, 33.4]",Chelan
Non-hodgkin lymphoma,All,Chelan,2018-2022,All,Female,All,39471,9,16.6,"[11.9, 23.0]",Chelan
Non-hodgkin lymphoma,All,Chelan,2018-2022,All,All,All,79040,22,21.0,"[17.1, 25.8]",Chelan
Non-hodgkin lymphoma,All,Clallam,2018-2022,All,Male,All,37791,19,26.5,"[21.0, 33.8]",Clallam
Non-hodgkin lymphoma,All,Clallam,2018-2022,All,Female,All,39105,11,13.9,"[9.9, 20.0]",Clallam
Non-hodgkin lymphoma,All,Clallam,2018-2022,All,All,All,76896,30,19.7,"[16.3, 24.0]",Clallam
Non-hodgkin lymphoma,All,Clark,2018-2022,All,Male,All,248051,52,19.1,"[16.8, 21.6]",Clark
Non-hodgkin lymphoma,All,Clark,2018-2022,All,Female,All,253740,46,14.3,"[12.5, 16.3]",Clark
Non-hodgkin lymphoma,All,Clark,2018-2022,All,All,All,501791,99,16.4,"[15.0, 18.0]",Clark
Non-hodgkin lymphoma,All,Columbia,2018-2022,All,Male,All,1963,NR,NR,NR,Columbia
Non-hodgkin lymphoma,All,Columbia,2018-2022,All,Female,All,1994,NR,NR,NR,Columbia
Non-hodgkin lymphoma,All,Columbia,2018-2022,All,All,All,3957,NR,NR,NR,Columbia
Non-hodgkin lymphoma,All,Cowlitz,2018-2022,All,Male,All,54735,13,17.8,"[13.5, 23.3]",Cowlitz
Non-hodgkin lymphoma,All,Cowlitz,2018-2022,All,Female,All,55601,9,10.9,"[7.8, 15.2]",Cowlitz
Non-hodgkin lymphoma,All,Cowlitz,2018-2022,All,All,All,110335,21,14.2,"[11.5, 17.4]",Cowlitz
Non-hodgkin lymphoma,All,Douglas,2018-2022,All,Male,All,21598,5,17.5,"[11.2, 26.9]",Douglas
Non-hodgkin lymphoma,All,Douglas,2018-2022,All,Female,All,21244,5,19.9,"[12.6, 30.5]",Douglas
Non-hodgkin lymphoma,All,Douglas,2018-2022,All,All,All,42842,10,18.4,"[13.5, 24.9]",Douglas
Non-hodgkin lymphoma,All,Ferry,2018-2022,All,Male,All,3674,NR,NR,NR,Ferry
Non-hodgkin lymphoma,All,Ferry,2018-2022,All,Female,All,3561,NR,NR,NR,Ferry
Non-hodgkin lymphoma,All,Ferry,2018-2022,All,All,All,7234,NR,NR,NR,Ferry
Non-hodgkin lymphoma,All,Franklin,2018-2022,All,Male,All,49721,6,15.1,"[9.8, 22.7]",Franklin
Non-hodgkin lymphoma,All,Franklin,2018-2022,All,Female,All,46721,6,14.8,"[9.8, 21.8]",Franklin
Non-hodgkin lymphoma,All,Franklin,2018-2022,All,All,All,96442,11,14.9,"[11.2, 19.6]",Franklin
Non-hodgkin lymphoma,All,Garfield,2018-2022,All,Male,All,1158,NR,NR,NR,Garfield
Non-hodgkin lymphoma,All,Garfield,2018-2022,All,Female,All,1127,NR,NR,NR,Garfield
Non-hodgkin lymphoma,All,Garfield,2018-2022,All,All,All,2285,NR,NR,NR,Garfield
Non-hodgkin lymphoma,All,Grant,2018-2022,All,Male,All,50797,10,19.2,"[14.2, 25.7]",Grant
Non-hodgkin lymphoma,All,Grant,2018-2022,All,Female,All,48337,8,13.8,"[9.8, 19.3]",Grant
Non-hodgkin lymphoma,All,Grant,2018-2022,All,All,All,99134,18,16.3,"[13.0, 20.2]",Grant
Non-hodgkin lymphoma,All,Grays Harbor,2018-2022,All,Male,All,38516,15,26.4,"[20.4, 34.1]",Grays Harbor
Non-hodgkin lymphoma,All,Grays Harbor,2018-2022,All,Female,All,37011,13,23.0,"[17.4, 30.4]",Grays Harbor
Non-hodgkin lymphoma,All,Grays Harbor,2018-2022,All,All,All,75528,28,24.6,"[20.5, 29.6]",Grays Harbor
Non-hodgkin lymphoma,All,Island,2018-2022,All,Male,All,42803,19,27.1,"[21.5, 34.3]",Island
Non-hodgkin lymphoma,All,Island,2018-2022,All,Female,All,43712,11,14.0,"[10.2, 19.4]",Island
Non-hodgkin lymphoma,All,Island,2018-2022,All,All,All,86515,30,20.2,"[16.8, 24.4]",Island
Non-hodgkin lymphoma,All,Jefferson,2018-2022,All,Male,All,16132,6,17.8,"[11.2, 31.0]",Jefferson
Non-hodgkin lymphoma,All,Jefferson,2018-2022,All,Female,All,16754,6,17.2,"[9.8, 32.9]",Jefferson
Non-hodgkin lymphoma,All,Jefferson,2018-2022,All,All,All,32885,13,17.3,"[12.3, 25.7]",Jefferson
Non-hodgkin lymphoma,All,King,2018-2022,All,Male,All,1131256,269,24.2,"[22.9, 25.5]",King
Non-hodgkin lymphoma,All,King,2018-2022,All,Female,All,1126672,205,15.9,"[14.9, 16.9]",King
Non-hodgkin lymphoma,All,King,2018-2022,All,All,All,2257928,474,19.6,"[18.8, 20.5]",King
Non-hodgkin lymphoma,All,Kitsap,2018-2022,All,Male,All,139034,50,29.6,"[25.9, 33.7]",Kitsap
Non-hodgkin lymphoma,All,Kitsap,2018-2022,All,Female,All,136133,30,15.4,"[12.9, 18.3]",Kitsap
Non-hodgkin lymphoma,All,Kitsap,2018-2022,All,All,All,275167,80,21.8,"[19.7, 24.2]",Kitsap
Non-hodgkin lymphoma,All,Kittitas,2018-2022,All,Male,All,22970,6,23.2,"[15.3, 34.6]",Kittitas
Non-hodgkin lymphoma,All,Kittitas,2018-2022,All,Female,All,22723,4,13.2,"[7.9, 21.9]",Kittitas
Non-hodgkin lymphoma,All,Kittitas,2018-2022,All,All,All,45694,10,18.0,"[13.2, 24.5]",Kittitas
Non-hodgkin lymphoma,All,Klickitat,2018-2022,All,Male,All,11595,4,26.0,"[15.1, 43.9]",Klickitat
Non-hodgkin lymphoma,All,Klickitat,2018-2022,All,Female,All,11088,NR,NR,NR,Klickitat
Non-hodgkin lymphoma,All,Klickitat,2018-2022,All,All,All,22683,6,16.8,"[10.7, 26.4]",Klickitat
Non-hodgkin lymphoma,All,Lewis,2018-2022,All,Male,All,41031,11,19.7,"[14.6, 26.3]",Lewis
Non-hodgkin lymphoma,All,Lewis,2018-2022,All,Female,All,40899,8,11.4,"[7.9, 16.5]",Lewis
Non-hodgkin lymphoma,All,Lewis,2018-2022,All,All,All,81930,19,15.5,"[12.4, 19.4]",Lewis
Non-hodgkin lymphoma,All,Lincoln,2018-2022,All,Male,All,5482,NR,NR,NR,Lincoln
Non-hodgkin lymphoma,All,Lincoln,2018-2022,All,Female,All,5407,NR,NR,NR,Lincoln
Non-hodgkin lymphoma,All,Lincoln,2018-2022,All,All,All,10889,2,8.5,"[4.0, 21.4]",Lincoln
Non-hodgkin lymphoma,All,Mason,2018-2022,All,Male,All,33617,11,22.7,"[16.9, 30.5]",Mason
Non-hodgkin lymphoma,All,Mason,2018-2022,All,Female,All,31866,9,17.1,"[12.3, 24.2]",Mason
Non-hodgkin lymphoma,All,Mason,2018-2022,All,All,All,65483,21,19.7,"[15.9, 24.5]",Mason
Non-hodgkin lymphoma,All,Okanogan,2018-2022,All,Male,All,21691,10,31.7,"[22.7, 43.9]",Okanogan
Non-hodgkin lymphoma,All,Okanogan,2018-2022,All,Female,All,20525,6,18.5,"[12.1, 28.6]",Okanogan
Non-hodgkin lymphoma,All,Okanogan,2018-2022,All,All,All,42216,16,25.4,"[19.6, 32.7]",Okanogan
Non-hodgkin lymphoma,All,Pacific,2018-2022,All,Male,All,11571,3,14.2,"[7.7, 28.3]",Pacific
Non-hodgkin lymphoma,All,Pacific,2018-2022,All,Female,All,11646,3,10.9,"[5.1, 26.4]",Pacific
Non-hodgkin lymphoma,All,Pacific,2018-2022,All,All,All,23217,6,12.4,"[7.8, 20.7]",Pacific
Non-hodgkin lymphoma,All,Pend Oreille,2018-2022,All,Male,All,6803,3,24.5,"[11.9, 50.1]",Pend Oreille
Non-hodgkin lymphoma,All,Pend Oreille,2018-2022,All,Female,All,6614,NR,NR,NR,Pend Oreille
Non-hodgkin lymphoma,All,Pend Oreille,2018-2022,All,All,All,13417,4,18.0,"[10.6, 31.7]",Pend Oreille
Non-hodgkin lymphoma,All,Pierce,2018-2022,All,Male,All,454927,108,23.6,"[21.6, 25.8]",Pierce
Non-hodgkin lymphoma,All,Pierce,2018-2022,All,Female,All,461772,87,15.7,"[14.2, 17.3]",Pierce
Non-hodgkin lymphoma,All,Pierce,2018-2022,All,All,All,916699,195,19.2,"[18.0, 20.5]",Pierce
Non-hodgkin lymphoma,All,San Juan,2018-2022,All,Male,All,8612,4,22.7,"[12.2, 46.1]",San Juan
Non-hodgkin lymphoma,All,San Juan,2018-2022,All,Female,All,9085,3,11.9,"[6.4, 32.0]",San Juan
Non-hodgkin lymphoma,All,San Juan,2018-2022,All,All,All,17697,7,17.0,"[11.0, 29.2]",San Juan
Non-hodgkin lymphoma,All,Skagit,2018-2022,All,Male,All,63522,23,24.3,"[19.9, 29.6]",Skagit
Non-hodgkin lymphoma,All,Skagit,2018-2022,All,Female,All,65419,17,17.8,"[14.0, 22.6]",Skagit
Non-hodgkin lymphoma,All,Skagit,2018-2022,All,All,All,128941,40,20.7,"[17.8, 24.1]",Skagit
Non-hodgkin lymphoma,All,Skamania,2018-2022,All,Male,All,5931,2,19.5,"[8.9, 46.6]",Skamania
Non-hodgkin lymphoma,All,Skamania,2018-2022,All,Female,All,5706,2,28.7,"[11.9, 64.1]",Skamania
Non-hodgkin lymphoma,All,Skamania,2018-2022,All,All,All,11637,4,24.4,"[13.7, 43.0]",Skamania
Non-hodgkin lymphoma,All,Snohomish,2018-2022,All,Male,All,411644,99,23.5,"[21.4, 25.7]",Snohomish
Non-hodgkin lymphoma,All,Snohomish,2018-2022,All,Female,All,414096,86,17.1,"[15.5, 18.9]",Snohomish
Non-hodgkin lymphoma,All,Snohomish,2018-2022,All,All,All,825740,185,19.9,"[18.6, 21.3]",Snohomish
Non-hodgkin lymphoma,All,Spokane,2018-2022,All,Male,All,265853,53,17.3,"[15.2, 19.6]",Spokane
Non-hodgkin lymphoma,All,Spokane,2018-2022,All,Female,All,271281,36,10.2,"[8.7, 11.9]",Spokane
Non-hodgkin lymphoma,All,Spokane,2018-2022,All,All,All,537133,89,13.4,"[12.2, 14.8]",Spokane
Non-hodgkin lymphoma,All,Stevens,2018-2022,All,Male,All,23263,6,16.8,"[10.7, 26.4]",Stevens
Non-hodgkin lymphoma,All,Stevens,2018-2022,All,Female,All,23122,3,8.4,"[4.7, 15.8]",Stevens
Non-hodgkin lymphoma,All,Stevens,2018-2022,All,All,All,46385,9,12.5,"[8.8, 17.7]",Stevens
Non-hodgkin lymphoma,All,Thurston,2018-2022,All,Male,All,143216,45,26.8,"[23.3, 30.7]",Thurston
Non-hodgkin lymphoma,All,Thurston,2018-2022,All,Female,All,150490,35,16.7,"[14.3, 19.6]",Thurston
Non-hodgkin lymphoma,All,Thurston,2018-2022,All,All,All,293706,80,21.3,"[19.2, 23.6]",Thurston
Non-hodgkin lymphoma,All,Wahkiakum,2018-2022,All,Male,All,2194,NR,NR,NR,Wahkiakum
Non-hodgkin lymphoma,All,Wahkiakum,2018-2022,All,Female,All,2223,NR,NR,NR,Wahkiakum
Non-hodgkin lymphoma,All,Wahkiakum,2018-2022,All,All,All,4418,NR,NR,NR,Wahkiakum
Non-hodgkin lymphoma,All,Walla Walla,2018-2022,All,Male,All,31610,7,18.5,"[12.9, 26.3]",Walla Walla
Non-hodgkin lymphoma,All,Walla Walla,2018-2022,All,Female,All,30608,4,10.1,"[6.0, 16.6]",Walla Walla
Non-hodgkin lymphoma,All,Walla Walla,2018-2022,All,All,All,62218,12,14.0,"[10.5, 18.6]",Walla Walla
Non-hodgkin lymphoma,All,Whatcom,2018-2022,All,Male,All,111033,39,28.8,"[24.8, 33.4]",Whatcom
Non-hodgkin lymphoma,All,Whatcom,2018-2022,All,Female,All,114724,25,15.9,"[13.2, 19.3]",Whatcom
Non-hodgkin lymphoma,All,Whatcom,2018-2022,All,All,All,225757,64,21.9,"[19.5, 24.6]",Whatcom
Non-hodgkin lymphoma,All,Whitman,2018-2022,All,Male,All,23510,NR,NR,NR,Whitman
Non-hodgkin lymphoma,All,Whitman,2018-2022,All,Female,All,23582,2,9.1,"[4.5, 17.9]",Whitman
Non-hodgkin lymphoma,All,Whitman,2018-2022,All,All,All,47092,4,8.7,"[5.3, 14.1]",Whitman
Non-hodgkin lymphoma,All,Yakima,2018-2022,All,Male,All,128323,26,19.9,"[16.5, 23.8]",Yakima
Non-hodgkin lymphoma,All,Yakima,2018-2022,All,Female,All,128350,21,14.7,"[12.0, 18.0]",Yakima
Non-hodgkin lymphoma,All,Yakima,2018-2022,All,All,All,256672,47,17.1,"[15.0, 19.6]",Yakima
Oral cavity and pharynx,All,Adams,2018-2022,All,Male,All,10551,NR,NR,NR,Adams
Oral cavity and pharynx,All,Adams,2018-2022,All,Female,All,10078,NR,NR,NR,Adams
Oral cavity and pharynx,All,Adams,2018-2022,All,All,All,20630,2,10.1,"[4.8, 19.4]",Adams
Oral cavity and pharynx,All,Asotin,2018-2022,All,Male,All,10865,NR,NR,NR,Asotin
Oral cavity and pharynx,All,Asotin,2018-2022,All,Female,All,11471,NR,NR,NR,Asotin
Oral cavity and pharynx,All,Asotin,2018-2022,All,All,All,22336,3,7.9,"[3.9, 15.3]",Asotin
Oral cavity and pharynx,All,Benton,2018-2022,All,Male,All,102466,24,19.7,"[16.3, 23.8]",Benton
Oral cavity and pharynx,All,Benton,2018-2022,All,Female,All,103559,7,5.6,"[3.9, 8.0]",Benton
Oral cavity and pharynx,All,Benton,2018-2022,All,All,All,206025,31,12.3,"[10.4, 14.5]",Benton
Oral cavity and pharynx,All,Chelan,2018-2022,All,Male,All,39569,10,17.2,"[12.6, 23.4]",Chelan
Oral cavity and pharynx,All,Chelan,2018-2022,All,Female,All,39471,8,11.6,"[8.1, 16.6]",Chelan
Oral cavity and pharynx,All,Chelan,2018-2022,All,All,All,79040,17,14.3,"[11.3, 17.9]",Chelan
Oral cavity and pharynx,All,Clallam,2018-2022,All,Male,All,37791,19,25.5,"[20.1, 32.6]",Clallam
Oral cavity and pharynx,All,Clallam,2018-2022,All,Female,All,39105,8,13.0,"[8.6, 19.5]",Clallam
Oral cavity and pharynx,All,Clallam,2018-2022,All,All,All,76896,27,18.7,"[15.2, 23.0]",Clallam
Oral cavity and pharynx,All,Clark,2018-2022,All,Male,All,248051,54,18.2,"[16.1, 20.7]",Clark
Oral cavity and pharynx,All,Clark,2018-2022,All,Female,All,253740,21,6.5,"[5.3, 7.9]",Clark
Oral cavity and pharynx,All,Clark,2018-2022,All,All,All,501791,75,12.1,"[10.9, 13.4]",Clark
Oral cavity and pharynx,All,Columbia,2018-2022,All,Male,All,1963,NR,NR,NR,Columbia
Oral cavity and pharynx,All,Columbia,2018-2022,All,Female,All,1994,NR,NR,NR,Columbia
Oral cavity and pharynx,All,Columbia,2018-2022,All,All,All,3957,NR,NR,NR,Columbia
Oral cavity and pharynx,All,Cowlitz,2018-2022,All,Male,All,54735,14,19.4,"[14.9, 25.1]",Cowlitz
Oral cavity and pharynx,All,Cowlitz,2018-2022,All,Female,All,55601,6,6.6,"[4.4, 10.0]",Cowlitz
Oral cavity and pharynx,All,Cowlitz,2018-2022,All,All,All,110335,20,12.8,"[10.3, 15.9]",Cowlitz
Oral cavity and pharynx,All,Douglas,2018-2022,All,Male,All,21598,7,26.6,"[18.3, 38.1]",Douglas
Oral cavity and pharynx,All,Douglas,2018-2022,All,Female,All,21244,3,12.7,"[7.2, 21.6]",Douglas
Oral cavity and pharynx,All,Douglas,2018-2022,All,All,All,42842,10,19.4,"[14.3, 26.1]",Douglas
Oral cavity and pharynx,All,Ferry,2018-2022,All,Male,All,3674,NR,NR,NR,Ferry
Oral cavity and pharynx,All,Ferry,2018-2022,All,Female,All,3561,NR,NR,NR,Ferry
Oral cavity and pharynx,All,Ferry,2018-2022,All,All,All,7234,NR,NR,NR,Ferry
Oral cavity and pharynx,All,Franklin,2018-2022,All,Male,All,49721,6,14.4,"[9.5, 21.4]",Franklin
Oral cavity and pharynx,All,Franklin,2018-2022,All,Female,All,46721,3,7.3,"[4.1, 12.4]",Franklin
Oral cavity and pharynx,All,Franklin,2018-2022,All,All,All,96442,9,10.9,"[7.9, 14.9]",Franklin
Oral cavity and pharynx,All,Garfield,2018-2022,All,Male,All,1158,NR,NR,NR,Garfield
Oral cavity and pharynx,All,Garfield,2018-2022,All,Female,All,1127,NR,NR,NR,Garfield
Oral cavity and pharynx,All,Garfield,2018-2022,All,All,All,2285,NR,NR,NR,Garfield
Oral cavity and pharynx,All,Grant,2018-2022,All,Male,All,50797,9,16.1,"[11.6, 22.1]",Grant
Oral cavity and pharynx,All,Grant,2018-2022,All,Female,All,48337,4,6.7,"[3.9, 11.0]",Grant
Oral cavity and pharynx,All,Grant,2018-2022,All,All,All,99134,12,11.3,"[8.5, 14.7]",Grant
Oral cavity and pharynx,All,Grays Harbor,2018-2022,All,Male,All,38516,12,20.6,"[15.4, 27.5]",Grays Harbor
Oral cavity and pharynx,All,Grays Harbor,2018-2022,All,Female,All,37011,6,9.0,"[5.9, 14.0]",Grays Harbor
Oral cavity and pharynx,All,Grays Harbor,2018-2022,All,All,All,75528,17,14.8,"[11.7, 18.7]",Grays Harbor
Oral cavity and pharynx,All,Island,2018-2022,All,Male,All,42803,19,26.3,"[21.2, 33.1]",Island
Oral cavity and pharynx,All,Island,2018-2022,All,Female,All,43712,7,11.2,"[7.5, 16.6]",Island
Oral cavity and pharynx,All,Island,2018-2022,All,All,All,86515,27,18.0,"[14.9, 21.9]",Island
Oral cavity and pharynx,All,Jefferson,2018-2022,All,Male,All,16132,11,31.0,"[21.9, 46.2]",Jefferson
Oral cavity and pharynx,All,Jefferson,2018-2022,All,Female,All,16754,4,8.1,"[4.8, 20.5]",Jefferson
Oral cavity and pharynx,All,Jefferson,2018-2022,All,All,All,32885,15,19.0,"[14.2, 27.0]",Jefferson
Oral cavity and pharynx,All,King,2018-2022,All,Male,All,1131256,212,17.9,"[16.8, 19.0]",King
Oral cavity and pharynx,All,King,2018-2022,All,Female,All,1126672,106,8.2,"[7.5, 8.9]",King
Oral cavity and pharynx,All,King,2018-2022,All,All,All,2257928,317,12.8,"[12.1, 13.4]",King
Oral cavity and pharynx,All,Kitsap,2018-2022,All,Male,All,139034,44,24.7,"[21.5, 28.5]",Kitsap
Oral cavity and pharynx,All,Kitsap,2018-2022,All,Female,All,136133,19,9.9,"[8.0, 12.3]",Kitsap
Oral cavity and pharynx,All,Kitsap,2018-2022,All,All,All,275167,63,17.0,"[15.1, 19.1]",Kitsap
Oral cavity and pharynx,All,Kittitas,2018-2022,All,Male,All,22970,5,18.9,"[12.0, 29.3]",Kittitas
Oral cavity and pharynx,All,Kittitas,2018-2022,All,Female,All,22723,3,7.8,"[4.1, 15.0]",Kittitas
Oral cavity and pharynx,All,Kittitas,2018-2022,All,All,All,45694,8,13.6,"[9.5, 19.3]",Kittitas
Oral cavity and pharynx,All,Klickitat,2018-2022,All,Male,All,11595,3,15.6,"[8.4, 29.7]",Klickitat
Oral cavity and pharynx,All,Klickitat,2018-2022,All,Female,All,11088,NR,NR,NR,Klickitat
Oral cavity and pharynx,All,Klickitat,2018-2022,All,All,All,22683,4,9.9,"[5.8, 17.4]",Klickitat
Oral cavity and pharynx,All,Lewis,2018-2022,All,Male,All,41031,10,18.2,"[13.3, 24.6]",Lewis
Oral cavity and pharynx,All,Lewis,2018-2022,All,Female,All,40899,4,6.1,"[3.6, 10.3]",Lewis
Oral cavity and pharynx,All,Lewis,2018-2022,All,All,All,81930,14,11.9,"[9.2, 15.4]",Lewis
Oral cavity and pharynx,All,Lincoln,2018-2022,All,Male,All,5482,NR,NR,NR,Lincoln
Oral cavity and pharynx,All,Lincoln,2018-2022,All,Female,All,5407,NR,NR,NR,Lincoln
Oral cavity and pharynx,All,Lincoln,2018-2022,All,All,All,10889,NR,NR,NR,Lincoln
Oral cavity and pharynx,All,Mason,2018-2022,All,Male,All,33617,10,18.4,"[13.3, 25.5]",Mason
Oral cavity and pharynx,All,Mason,2018-2022,All,Female,All,31866,4,6.7,"[3.7, 12.1]",Mason
Oral cavity and pharynx,All,Mason,2018-2022,All,All,All,65483,13,12.5,"[9.5, 16.5]",Mason
Oral cavity and pharynx,All,Okanogan,2018-2022,All,Male,All,21691,5,16.9,"[10.5, 26.6]",Okanogan
Oral cavity and pharynx,All,Okanogan,2018-2022,All,Female,All,20525,3,9.5,"[5.3, 17.7]",Okanogan
Oral cavity and pharynx,All,Okanogan,2018-2022,All,All,All,42216,8,13.3,"[9.3, 18.9]",Okanogan
Oral cavity and pharynx,All,Pacific,2018-2022,All,Male,All,11571,4,18.6,"[10.6, 34.1]",Pacific
Oral cavity and pharynx,All,Pacific,2018-2022,All,Female,All,11646,NR,NR,NR,Pacific
Oral cavity and pharynx,All,Pacific,2018-2022,All,All,All,23217,5,11.7,"[6.9, 20.6]",Pacific
Oral cavity and pharynx,All,Pend Oreille,2018-2022,All,Male,All,6803,NR,NR,NR,Pend Oreille
Oral cavity and pharynx,All,Pend Oreille,2018-2022,All,Female,All,6614,NR,NR,NR,Pend Oreille
Oral cavity and pharynx,All,Pend Oreille,2018-2022,All,All,All,13417,NR,NR,NR,Pend Oreille
Oral cavity and pharynx,All,Pierce,2018-2022,All,Male,All,454927,105,20.7,"[18.9, 22.7]",Pierce
Oral cavity and pharynx,All,Pierce,2018-2022,All,Female,All,461772,52,9.4,"[8.2, 10.6]",Pierce
Oral cavity and pharynx,All,Pierce,2018-2022,All,All,All,916699,157,14.7,"[13.7, 15.8]",Pierce
Oral cavity and pharynx,All,San Juan,2018-2022,All,Male,All,8612,3,21.3,"[10.7, 45.0]",San Juan
Oral cavity and pharynx,All,San Juan,2018-2022,All,Female,All,9085,2,11.7,"[4.5, 33.8]",San Juan
Oral cavity and pharynx,All,San Juan,2018-2022,All,All,All,17697,5,16.1,"[9.5, 29.0]",San Juan
Oral cavity and pharynx,All,Skagit,2018-2022,All,Male,All,63522,21,24.0,"[19.4, 29.5]",Skagit
Oral cavity and pharynx,All,Skagit,2018-2022,All,Female,All,65419,10,9.8,"[7.2, 13.5]",Skagit
Oral cavity and pharynx,All,Skagit,2018-2022,All,All,All,128941,31,16.5,"[13.9, 19.6]",Skagit
Oral cavity and pharynx,All,Skamania,2018-2022,All,Male,All,5931,NR,NR,NR,Skamania
Oral cavity and pharynx,All,Skamania,2018-2022,All,Female,All,5706,NR,NR,NR,Skamania
Oral cavity and pharynx,All,Skamania,2018-2022,All,All,All,11637,2,13.1,"[6.2, 28.3]",Skamania
Oral cavity and pharynx,All,Snohomish,2018-2022,All,Male,All,411644,100,22.1,"[20.2, 24.3]",Snohomish
Oral cavity and pharynx,All,Snohomish,2018-2022,All,Female,All,414096,44,8.7,"[7.5, 9.9]",Snohomish
Oral cavity and pharynx,All,Snohomish,2018-2022,All,All,All,825740,144,14.9,"[13.8, 16.1]",Snohomish
Oral cavity and pharynx,All,Spokane,2018-2022,All,Male,All,265853,42,13.1,"[11.3, 15.1]",Spokane
Oral cavity and pharynx,All,Spokane,2018-2022,All,Female,All,271281,22,6.3,"[5.1, 7.7]",Spokane
Oral cavity and pharynx,All,Spokane,2018-2022,All,All,All,537133,65,9.5,"[8.4, 10.6]",Spokane
Oral cavity and pharynx,All,Stevens,2018-2022,All,Male,All,23263,3,8.4,"[4.5, 15.8]",Stevens
Oral cavity and pharynx,All,Stevens,2018-2022,All,Female,All,23122,NR,NR,NR,Stevens
Oral cavity and pharynx,All,Stevens,2018-2022,All,All,All,46385,5,6.9,"[4.3, 11.2]",Stevens
Oral cavity and pharynx,All,Thurston,2018-2022,All,Male,All,143216,38,20.9,"[18.0, 24.3]",Thurston
Oral cavity and pharynx,All,Thurston,2018-2022,All,Female,All,150490,22,10.7,"[8.7, 13.1]",Thurston
Oral cavity and pharynx,All,Thurston,2018-2022,All,All,All,293706,60,15.5,"[13.7, 17.4]",Thurston
Oral cavity and pharynx,All,Wahkiakum,2018-2022,All,Male,All,2194,NR,NR,NR,Wahkiakum
Oral cavity and pharynx,All,Wahkiakum,2018-2022,All,Female,All,2223,NR,NR,NR,Wahkiakum
Oral cavity and pharynx,All,Wahkiakum,2018-2022,All,All,All,4418,NR,NR,NR,Wahkiakum
Oral cavity and pharynx,All,Walla Walla,2018-2022,All,Male,All,31610,6,13.8,"[9.0, 20.8]",Walla Walla
Oral cavity and pharynx,All,Walla Walla,2018-2022,All,Female,All,30608,3,6.5,"[3.2, 12.3]",Walla Walla
Oral cavity and pharynx,All,Walla Walla,2018-2022,All,All,All,62218,8,10.3,"[7.2, 14.4]",Walla Walla
Oral cavity and pharynx,All,Whatcom,2018-2022,All,Male,All,111033,31,22.5,"[19.0, 26.6]",Whatcom
Oral cavity and pharynx,All,Whatcom,2018-2022,All,Female,All,114724,13,8.6,"[6.6, 11.3]",Whatcom
Oral cavity and pharynx,All,Whatcom,2018-2022,All,All,All,225757,44,15.2,"[13.2, 17.5]",Whatcom
Oral cavity and pharynx,All,Whitman,2018-2022,All,Male,All,23510,2,10.8,"[5.2, 20.8]",Whitman
Oral cavity and pharynx,All,Whitman,2018-2022,All,Female,All,23582,NR,NR,NR,Whitman
Oral cavity and pharynx,All,Whitman,2018-2022,All,All,All,47092,3,8.2,"[4.7, 13.8]",Whitman
Oral cavity and pharynx,All,Yakima,2018-2022,All,Male,All,128323,24,17.3,"[14.3, 20.9]",Yakima
Oral cavity and pharynx,All,Yakima,2018-2022,All,Female,All,128350,11,7.7,"[5.8, 10.1]",Yakima
Oral cavity and pharynx,All,Yakima,2018-2022,All,All,All,256672,35,12.3,"[10.5, 14.3]",Yakima
Ovary,All,Adams,2018-2022,All,Female,All,10078,NR,NR,NR,Adams
Ovary,All,Asotin,2018-2022,All,Female,All,11471,NR,NR,NR,Asotin
Ovary,All,Benton,2018-2022,All,Female,All,103559,13,10.5,"[8.0, 13.6]",Benton
Ovary,All,Chelan,2018-2022,All,Female,All,39471,3,5.2,"[2.6, 9.6]",Chelan
Ovary,All,Clallam,2018-2022,All,Female,All,39105,7,9.9,"[6.4, 15.5]",Clallam
Ovary,All,Clark,2018-2022,All,Female,All,253740,25,8.1,"[6.7, 9.7]",Clark
Ovary,All,Columbia,2018-2022,All,Female,All,1994,NR,NR,NR,Columbia
Ovary,All,Cowlitz,2018-2022,All,Female,All,55601,5,6.2,"[3.8, 9.8]",Cowlitz
Ovary,All,Douglas,2018-2022,All,Female,All,21244,5,18.1,"[11.4, 28.1]",Douglas
Ovary,All,Ferry,2018-2022,All,Female,All,3561,NR,NR,NR,Ferry
Ovary,All,Franklin,2018-2022,All,Female,All,46721,4,10.4,"[6.3, 16.4]",Franklin
Ovary,All,Garfield,2018-2022,All,Female,All,1127,NR,NR,NR,Garfield
Ovary,All,Grant,2018-2022,All,Female,All,48337,3,6.5,"[3.7, 10.8]",Grant
Ovary,All,Grays Harbor,2018-2022,All,Female,All,37011,5,9.7,"[5.8, 15.6]",Grays Harbor
Ovary,All,Island,2018-2022,All,Female,All,43712,8,11.3,"[7.6, 16.8]",Island
Ovary,All,Jefferson,2018-2022,All,Female,All,16754,4,10.1,"[5.3, 23.6]",Jefferson
Ovary,All,King,2018-2022,All,Female,All,1126672,112,8.7,"[8.0, 9.5]",King
Ovary,All,Kitsap,2018-2022,All,Female,All,136133,18,9.7,"[7.7, 12.2]",Kitsap
Ovary,All,Kittitas,2018-2022,All,Female,All,22723,NR,NR,NR,Kittitas
Ovary,All,Klickitat,2018-2022,All,Female,All,11088,NR,NR,NR,Klickitat
Ovary,All,Lewis,2018-2022,All,Female,All,40899,6,11.4,"[7.5, 17.0]",Lewis
Ovary,All,Lincoln,2018-2022,All,Female,All,5407,NR,NR,NR,Lincoln
Ovary,All,Mason,2018-2022,All,Female,All,31866,6,13.4,"[8.6, 20.6]",Mason
Ovary,All,Okanogan,2018-2022,All,Female,All,20525,2,6.0,"[3.1, 13.1]",Okanogan
Ovary,All,Pacific,2018-2022,All,Female,All,11646,3,10.9,"[6.0, 25.3]",Pacific
Ovary,All,Pend Oreille,2018-2022,All,Female,All,6614,NR,NR,NR,Pend Oreille
Ovary,All,Pierce,2018-2022,All,Female,All,461772,63,11.9,"[10.6, 13.3]",Pierce
Ovary,All,San Juan,2018-2022,All,Female,All,9085,2,13.8,"[5.2, 37.3]",San Juan
Ovary,All,Skagit,2018-2022,All,Female,All,65419,8,8.6,"[5.9, 12.3]",Skagit
Ovary,All,Skamania,2018-2022,All,Female,All,5706,NR,NR,NR,Skamania
Ovary,All,Snohomish,2018-2022,All,Female,All,414096,52,10.3,"[9.0, 11.7]",Snohomish
Ovary,All,Spokane,2018-2022,All,Female,All,271281,29,9.0,"[7.5, 10.7]",Spokane
Ovary,All,Stevens,2018-2022,All,Female,All,23122,4,8.7,"[4.9, 16.1]",Stevens
Ovary,All,Thurston,2018-2022,All,Female,All,150490,20,10.5,"[8.5, 12.9]",Thurston
Ovary,All,Wahkiakum,2018-2022,All,Female,All,2223,NR,NR,NR,Wahkiakum
Ovary,All,Walla Walla,2018-2022,All,Female,All,30608,2,5.4,"[2.7, 10.5]",Walla Walla
Ovary,All,Whatcom,2018-2022,All,Female,All,114724,18,11.8,"[9.4, 14.8]",Whatcom
Ovary,All,Whitman,2018-2022,All,Female,All,23582,NR,NR,NR,Whitman
Ovary,All,Yakima,2018-2022,All,Female,All,128350,18,13.1,"[10.5, 16.2]",Yakima
Pancreas,All,Adams,2018-2022,All,Male,All,10551,NR,NR,NR,Adams
Pancreas,All,Adams,2018-2022,All,Female,All,10078,NR,NR,NR,Adams
Pancreas,All,Adams,2018-2022,All,All,All,20630,NR,NR,NR,Adams
Pancreas,All,Asotin,2018-2022,All,Male,All,10865,3,17.5,"[9.0, 33.2]",Asotin
Pancreas,All,Asotin,2018-2022,All,Female,All,11471,2,10.3,"[5.3, 21.9]",Asotin
Pancreas,All,Asotin,2018-2022,All,All,All,22336,5,13.8,"[8.7, 22.0]",Asotin
Pancreas,All,Benton,2018-2022,All,Male,All,102466,20,17.8,"[14.4, 21.8]",Benton
Pancreas,All,Benton,2018-2022,All,Female,All,103559,17,12.9,"[10.3, 16.2]",Benton
Pancreas,All,Benton,2018-2022,All,All,All,206025,37,15.2,"[13.1, 17.6]",Benton
Pancreas,All,Chelan,2018-2022,All,Male,All,39569,9,17.2,"[12.5, 23.6]",Chelan
Pancreas,All,Chelan,2018-2022,All,Female,All,39471,8,13.6,"[9.6, 19.3]",Chelan
Pancreas,All,Chelan,2018-2022,All,All,All,79040,17,15.3,"[12.1, 19.2]",Chelan
Pancreas,All,Clallam,2018-2022,All,Male,All,37791,13,16.2,"[12.4, 21.8]",Clallam
Pancreas,All,Clallam,2018-2022,All,Female,All,39105,11,12.3,"[8.9, 17.7]",Clallam
Pancreas,All,Clallam,2018-2022,All,All,All,76896,24,14.1,"[11.5, 17.5]",Clallam
Pancreas,All,Clark,2018-2022,All,Male,All,248051,43,15.0,"[13.0, 17.2]",Clark
Pancreas,All,Clark,2018-2022,All,Female,All,253740,42,12.6,"[10.9, 14.5]",Clark
Pancreas,All,Clark,2018-2022,All,All,All,501791,85,13.7,"[12.4, 15.1]",Clark
Pancreas,All,Columbia,2018-2022,All,Male,All,1963,NR,NR,NR,Columbia
Pancreas,All,Columbia,2018-2022,All,Female,All,1994,NR,NR,NR,Columbia
Pancreas,All,Columbia,2018-2022,All,All,All,3957,NR,NR,NR,Columbia
Pancreas,All,Cowlitz,2018-2022,All,Male,All,54735,14,19.0,"[14.7, 24.5]",Cowlitz
Pancreas,All,Cowlitz,2018-2022,All,Female,All,55601,8,10.4,"[7.4, 14.6]",Cowlitz
Pancreas,All,Cowlitz,2018-2022,All,All,All,110335,23,14.5,"[11.9, 17.8]",Cowlitz
Pancreas,All,Douglas,2018-2022,All,Male,All,21598,4,12.9,"[7.5, 21.5]",Douglas
Pancreas,All,Douglas,2018-2022,All,Female,All,21244,4,13.4,"[8.0, 22.1]",Douglas
Pancreas,All,Douglas,2018-2022,All,All,All,42842,7,13.0,"[9.1, 18.5]",Douglas
Pancreas,All,Ferry,2018-2022,All,Male,All,3674,NR,NR,NR,Ferry
Pancreas,All,Ferry,2018-2022,All,Female,All,3561,NR,NR,NR,Ferry
Pancreas,All,Ferry,2018-2022,All,All,All,7234,3,19.7,"[10.5, 41.3]",Ferry
Pancreas,All,Franklin,2018-2022,All,Male,All,49721,5,15.5,"[9.9, 23.5]",Franklin
Pancreas,All,Franklin,2018-2022,All,Female,All,46721,6,16.4,"[11.0, 23.8]",Franklin
Pancreas,All,Franklin,2018-2022,All,All,All,96442,11,15.8,"[11.8, 20.7]",Franklin
Pancreas,All,Garfield,2018-2022,All,Male,All,1158,NR,NR,NR,Garfield
Pancreas,All,Garfield,2018-2022,All,Female,All,1127,NR,NR,NR,Garfield
Pancreas,All,Garfield,2018-2022,All,All,All,2285,NR,NR,NR,Garfield
Pancreas,All,Grant,2018-2022,All,Male,All,50797,9,16.8,"[12.2, 22.8]",Grant
Pancreas,All,Grant,2018-2022,All,Female,All,48337,8,14.0,"[9.9, 19.5]",Grant
Pancreas,All,Grant,2018-2022,All,All,All,99134,17,15.6,"[12.4, 19.5]",Grant
Pancreas,All,Grays Harbor,2018-2022,All,Male,All,38516,12,20.0,"[14.9, 26.7]",Grays Harbor
Pancreas,All,Grays Harbor,2018-2022,All,Female,All,37011,8,13.5,"[9.6, 19.1]",Grays Harbor
Pancreas,All,Grays Harbor,2018-2022,All,All,All,75528,20,16.7,"[13.4, 20.8]",Grays Harbor
Pancreas,All,Island,2018-2022,All,Male,All,42803,9,13.0,"[9.3, 18.4]",Island
Pancreas,All,Island,2018-2022,All,Female,All,43712,9,12.1,"[8.7, 17.1]",Island
Pancreas,All,Island,2018-2022,All,All,All,86515,19,12.6,"[10.0, 15.9]",Island
Pancreas,All,Jefferson,2018-2022,All,Male,All,16132,5,13.6,"[8.6, 25.3]",Jefferson
Pancreas,All,Jefferson,2018-2022,All,Female,All,16754,4,11.2,"[5.8, 25.4]",Jefferson
Pancreas,All,Jefferson,2018-2022,All,All,All,32885,9,12.3,"[8.5, 19.6]",Jefferson
Pancreas,All,King,2018-2022,All,Male,All,1131256,163,15.1,"[14.0, 16.2]",King
Pancreas,All,King,2018-2022,All,Female,All,1126672,157,12.0,"[11.2, 12.9]",King
Pancreas,All,King,2018-2022,All,All,All,2257928,320,13.4,"[12.7, 14.1]",King
Pancreas,All,Kitsap,2018-2022,All,Male,All,139034,26,14.9,"[12.4, 17.9]",Kitsap
Pancreas,All,Kitsap,2018-2022,All,Female,All,136133,22,11.2,"[9.1, 13.7]",Kitsap
Pancreas,All,Kitsap,2018-2022,All,All,All,275167,48,12.8,"[11.2, 14.7]",Kitsap
Pancreas,All,Kittitas,2018-2022,All,Male,All,22970,4,11.9,"[6.9, 20.2]",Kittitas
Pancreas,All,Kittitas,2018-2022,All,Female,All,22723,3,10.3,"[5.7, 18.3]",Kittitas
Pancreas,All,Kittitas,2018-2022,All,All,All,45694,7,11.0,"[7.5, 16.1]",Kittitas
Pancreas,All,Klickitat,2018-2022,All,Male,All,11595,4,16.8,"[9.8, 30.4]",Klickitat
Pancreas,All,Klickitat,2018-2022,All,Female,All,11088,2,14.0,"[6.6, 29.4]",Klickitat
Pancreas,All,Klickitat,2018-2022,All,All,All,22683,6,15.6,"[10.2, 24.3]",Klickitat
Pancreas,All,Lewis,2018-2022,All,Male,All,41031,8,12.5,"[8.9, 17.7]",Lewis
Pancreas,All,Lewis,2018-2022,All,Female,All,40899,10,14.7,"[10.8, 20.1]",Lewis
Pancreas,All,Lewis,2018-2022,All,All,All,81930,18,13.8,"[11.0, 17.3]",Lewis
Pancreas,All,Lincoln,2018-2022,All,Male,All,5482,NR,NR,NR,Lincoln
Pancreas,All,Lincoln,2018-2022,All,Female,All,5407,NR,NR,NR,Lincoln
Pancreas,All,Lincoln,2018-2022,All,All,All,10889,2,11.5,"[5.5, 25.7]",Lincoln
Pancreas,All,Mason,2018-2022,All,Male,All,33617,12,19.8,"[14.9, 26.5]",Mason
Pancreas,All,Mason,2018-2022,All,Female,All,31866,9,17.1,"[12.3, 24.0]",Mason
Pancreas,All,Mason,2018-2022,All,All,All,65483,21,18.4,"[14.9, 22.8]",Mason
Pancreas,All,Okanogan,2018-2022,All,Male,All,21691,5,14.3,"[9.0, 22.7]",Okanogan
Pancreas,All,Okanogan,2018-2022,All,Female,All,20525,4,11.0,"[6.4, 19.5]",Okanogan
Pancreas,All,Okanogan,2018-2022,All,All,All,42216,9,12.6,"[8.9, 17.8]",Okanogan
Pancreas,All,Pacific,2018-2022,All,Male,All,11571,4,16.9,"[10.2, 30.7]",Pacific
Pancreas,All,Pacific,2018-2022,All,Female,All,11646,2,9.1,"[4.5, 23.3]",Pacific
Pancreas,All,Pacific,2018-2022,All,All,All,23217,7,12.7,"[8.6, 20.5]",Pacific
Pancreas,All,Pend Oreille,2018-2022,All,Male,All,6803,2,17.7,"[7.2, 42.0]",Pend Oreille
Pancreas,All,Pend Oreille,2018-2022,All,Female,All,6614,NR,NR,NR,Pend Oreille
Pancreas,All,Pend Oreille,2018-2022,All,All,All,13417,4,15.5,"[8.3, 29.3]",Pend Oreille
Pancreas,All,Pierce,2018-2022,All,Male,All,454927,75,15.8,"[14.2, 17.6]",Pierce
Pancreas,All,Pierce,2018-2022,All,Female,All,461772,72,12.7,"[11.4, 14.1]",Pierce
Pancreas,All,Pierce,2018-2022,All,All,All,916699,147,14.1,"[13.1, 15.2]",Pierce
Pancreas,All,San Juan,2018-2022,All,Male,All,8612,3,14.6,"[7.6, 35.1]",San Juan
Pancreas,All,San Juan,2018-2022,All,Female,All,9085,NR,NR,NR,San Juan
Pancreas,All,San Juan,2018-2022,All,All,All,17697,4,12.6,"[6.8, 24.9]",San Juan
Pancreas,All,Skagit,2018-2022,All,Male,All,63522,13,12.8,"[9.8, 16.8]",Skagit
Pancreas,All,Skagit,2018-2022,All,Female,All,65419,12,11.0,"[8.3, 14.7]",Skagit
Pancreas,All,Skagit,2018-2022,All,All,All,128941,25,11.9,"[9.8, 14.4]",Skagit
Pancreas,All,Skamania,2018-2022,All,Male,All,5931,NR,NR,NR,Skamania
Pancreas,All,Skamania,2018-2022,All,Female,All,5706,NR,NR,NR,Skamania
Pancreas,All,Skamania,2018-2022,All,All,All,11637,NR,NR,NR,Skamania
Pancreas,All,Snohomish,2018-2022,All,Male,All,411644,68,15.4,"[13.8, 17.3]",Snohomish
Pancreas,All,Snohomish,2018-2022,All,Female,All,414096,62,11.9,"[10.6, 13.4]",Snohomish
Pancreas,All,Snohomish,2018-2022,All,All,All,825740,130,13.6,"[12.5, 14.7]",Snohomish
Pancreas,All,Spokane,2018-2022,All,Male,All,265853,47,14.6,"[12.7, 16.7]",Spokane
Pancreas,All,Spokane,2018-2022,All,Female,All,271281,45,12.2,"[10.6, 14.1]",Spokane
Pancreas,All,Spokane,2018-2022,All,All,All,537133,92,13.3,"[12.1, 14.6]",Spokane
Pancreas,All,Stevens,2018-2022,All,Male,All,23263,4,12.2,"[7.2, 20.5]",Stevens
Pancreas,All,Stevens,2018-2022,All,Female,All,23122,4,10.6,"[6.2, 18.5]",Stevens
Pancreas,All,Stevens,2018-2022,All,All,All,46385,8,11.3,"[7.9, 16.4]",Stevens
Pancreas,All,Thurston,2018-2022,All,Male,All,143216,24,13.7,"[11.3, 16.6]",Thurston
Pancreas,All,Thurston,2018-2022,All,Female,All,150490,26,11.7,"[9.7, 14.1]",Thurston
Pancreas,All,Thurston,2018-2022,All,All,All,293706,50,12.7,"[11.1, 14.5]",Thurston
Pancreas,All,Wahkiakum,2018-2022,All,Male,All,2194,NR,NR,NR,Wahkiakum
Pancreas,All,Wahkiakum,2018-2022,All,Female,All,2223,NR,NR,NR,Wahkiakum
Pancreas,All,Wahkiakum,2018-2022,All,All,All,4418,NR,NR,NR,Wahkiakum
Pancreas,All,Walla Walla,2018-2022,All,Male,All,31610,7,16.7,"[11.4, 24.2]",Walla Walla
Pancreas,All,Walla Walla,2018-2022,All,Female,All,30608,6,12.7,"[8.5, 19.1]",Walla Walla
Pancreas,All,Walla Walla,2018-2022,All,All,All,62218,13,14.7,"[11.2, 19.2]",Walla Walla
Pancreas,All,Whatcom,2018-2022,All,Male,All,111033,28,20.0,"[16.8, 23.9]",Whatcom
Pancreas,All,Whatcom,2018-2022,All,Female,All,114724,17,10.9,"[8.7, 13.7]",Whatcom
Pancreas,All,Whatcom,2018-2022,All,All,All,225757,45,15.1,"[13.1, 17.3]",Whatcom
Pancreas,All,Whitman,2018-2022,All,Male,All,23510,4,20.3,"[12.4, 32.3]",Whitman
Pancreas,All,Whitman,2018-2022,All,Female,All,23582,2,10.4,"[5.3, 19.7]",Whitman
Pancreas,All,Whitman,2018-2022,All,All,All,47092,7,14.9,"[10.2, 21.6]",Whitman
Pancreas,All,Yakima,2018-2022,All,Male,All,128323,15,10.9,"[8.5, 13.8]",Yakima
Pancreas,All,Yakima,2018-2022,All,Female,All,128350,20,13.5,"[10.9, 16.5]",Yakima
Pancreas,All,Yakima,2018-2022,All,All,All,256672,35,12.3,"[10.5, 14.3]",Yakima
Prostate,All,Adams,2018-2022,All,Male,All,10551,9,91.2,"[65.2, 125.7]",Adams
Prostate,All,Asotin,2018-2022,All,Male,All,10865,11,58.2,"[43.6, 78.8]",Asotin
Prostate,All,Benton,2018-2022,All,Male,All,102466,118,94.3,"[86.7, 102.5]",Benton
Prostate,All,Chelan,2018-2022,All,Male,All,39569,75,126.6,"[113.7, 140.9]",Chelan
Prostate,All,Clallam,2018-2022,All,Male,All,37791,105,125.9,"[114.9, 138.4]",Clallam
Prostate,All,Clark,2018-2022,All,Male,All,248051,210,67.4,"[63.2, 71.7]",Clark
Prostate,All,Columbia,2018-2022,All,Male,All,1963,3,62.8,"[33.1, 135.7]",Columbia
Prostate,All,Cowlitz,2018-2022,All,Male,All,54735,49,57.3,"[50.2, 65.4]",Cowlitz
Prostate,All,Douglas,2018-2022,All,Male,All,21598,31,105.5,"[89.3, 124.5]",Douglas
Prostate,All,Ferry,2018-2022,All,Male,All,3674,3,43.3,"[23.5, 87.4]",Ferry
Prostate,All,Franklin,2018-2022,All,Male,All,49721,37,86.7,"[74.1, 101.3]",Franklin
Prostate,All,Garfield,2018-2022,All,Male,All,1158,NR,NR,NR,Garfield
Prostate,All,Grant,2018-2022,All,Male,All,50797,62,107.4,"[95.5, 120.6]",Grant
Prostate,All,Grays Harbor,2018-2022,All,Male,All,38516,80,122.4,"[110.3, 136.0]",Grays Harbor
Prostate,All,Island,2018-2022,All,Male,All,42803,90,115.0,"[104.1, 127.2]",Island
Prostate,All,Jefferson,2018-2022,All,Male,All,16132,62,137.9,"[122.0, 158.6]",Jefferson
Prostate,All,King,2018-2022,All,Male,All,1131256,1400,117.0,"[114.2, 119.8]",King
Prostate,All,Kitsap,2018-2022,All,Male,All,139034,260,133.4,"[126.0, 141.2]",Kitsap
Prostate,All,Kittitas,2018-2022,All,Male,All,22970,36,112.4,"[96.2, 131.4]",Kittitas
Prostate,All,Klickitat,2018-2022,All,Male,All,11595,15,68.7,"[53.6, 89.5]",Klickitat
Prostate,All,Lewis,2018-2022,All,Male,All,41031,53,81.9,"[72.0, 93.1]",Lewis
Prostate,All,Lincoln,2018-2022,All,Male,All,5482,8,68.9,"[47.8, 103.8]",Lincoln
Prostate,All,Mason,2018-2022,All,Male,All,33617,73,120.7,"[108.2, 134.9]",Mason
Prostate,All,Okanogan,2018-2022,All,Male,All,21691,40,97.8,"[84.1, 114.1]",Okanogan
Prostate,All,Pacific,2018-2022,All,Male,All,11571,25,99.2,"[81.1, 123.2]",Pacific
Prostate,All,Pend Oreille,2018-2022,All,Male,All,6803,6,45.2,"[29.9, 71.9]",Pend Oreille
Prostate,All,Pierce,2018-2022,All,Male,All,454927,577,109.7,"[105.6, 113.9]",Pierce
Prostate,All,San Juan,2018-2022,All,Male,All,8612,30,136.1,"[114.4, 167.4]",San Juan
Prostate,All,Skagit,2018-2022,All,Male,All,63522,116,114.2,"[104.9, 124.4]",Skagit
Prostate,All,Skamania,2018-2022,All,Male,All,5931,7,64.8,"[44.3, 99.1]",Skamania
Prostate,All,Snohomish,2018-2022,All,Male,All,411644,526,110.1,"[105.7, 114.6]",Snohomish
Prostate,All,Spokane,2018-2022,All,Male,All,265853,233,66.8,"[62.9, 70.9]",Spokane
Prostate,All,Stevens,2018-2022,All,Male,All,23263,23,47.2,"[38.6, 58.6]",Stevens
Prostate,All,Thurston,2018-2022,All,Male,All,143216,217,114.3,"[107.5, 121.6]",Thurston
Prostate,All,Wahkiakum,2018-2022,All,Male,All,2194,5,93.4,"[57.5, 181.3]",Wahkiakum
Prostate,All,Walla Walla,2018-2022,All,Male,All,31610,47,109.5,"[95.7, 125.2]",Walla Walla
Prostate,All,Whatcom,2018-2022,All,Male,All,111033,199,128.6,"[120.5, 137.2]",Whatcom
Prostate,All,Whitman,2018-2022,All,Male,All,23510,6,28.6,"[19.3, 41.9]",Whitman
Prostate,All,Yakima,2018-2022,All,Male,All,128323,148,103.1,"[95.7, 111.0]",Yakima
Soft tissue including heart,All,Adams,2018-2022,All,Male,All,10551,NR,NR,NR,Adams
Soft tissue including heart,All,Adams,2018-2022,All,Female,All,10078,NR,NR,NR,Adams
Soft tissue including heart,All,Adams,2018-2022,All,All,All,20630,NR,NR,NR,Adams
Soft tissue including heart,All,Asotin,2018-2022,All,Male,All,10865,NR,NR,NR,Asotin
Soft tissue including heart,All,Asotin,2018-2022,All,Female,All,11471,NR,NR,NR,Asotin
Soft tissue including heart,All,Asotin,2018-2022,All,All,All,22336,NR,NR,NR,Asotin
Soft tissue including heart,All,Benton,2018-2022,All,Male,All,102466,3,3.6,"[2.1, 5.9]",Benton
Soft tissue including heart,All,Benton,2018-2022,All,Female,All,103559,NR,NR,NR,Benton
Soft tissue including heart,All,Benton,2018-2022,All,All,All,206025,5,2.4,"[1.5, 3.6]",Benton
Soft tissue including heart,All,Chelan,2018-2022,All,Male,All,39569,NR,NR,NR,Chelan
Soft tissue including heart,All,Chelan,2018-2022,All,Female,All,39471,NR,NR,NR,Chelan
Soft tissue including heart,All,Chelan,2018-2022,All,All,All,79040,2,2.5,"[1.3, 4.8]",Chelan
Soft tissue including heart,All,Clallam,2018-2022,All,Male,All,37791,3,4.8,"[2.3, 9.4]",Clallam
Soft tissue including heart,All,Clallam,2018-2022,All,Female,All,39105,NR,NR,NR,Clallam
Soft tissue including heart,All,Clallam,2018-2022,All,All,All,76896,3,2.6,"[1.4, 5.0]",Clallam
Soft tissue including heart,All,Clark,2018-2022,All,Male,All,248051,10,3.7,"[2.7, 5.0]",Clark
Soft tissue including heart,All,Clark,2018-2022,All,Female,All,253740,7,2.3,"[1.6, 3.4]",Clark
Soft tissue including heart,All,Clark,2018-2022,All,All,All,501791,16,3.0,"[2.3, 3.7]",Clark
Soft tissue including heart,All,Columbia,2018-2022,All,Male,All,1963,NR,NR,NR,Columbia
Soft tissue including heart,All,Columbia,2018-2022,All,Female,All,1994,NR,NR,NR,Columbia
Soft tissue including heart,All,Columbia,2018-2022,All,All,All,3957,NR,NR,NR,Columbia
Soft tissue including heart,All,Cowlitz,2018-2022,All,Male,All,54735,2,3.6,"[1.8, 6.7]",Cowlitz
Soft tissue including heart,All,Cowlitz,2018-2022,All,Female,All,55601,NR,NR,NR,Cowlitz
Soft tissue including heart,All,Cowlitz,2018-2022,All,All,All,110335,4,3.4,"[2.0, 5.4]",Cowlitz
Soft tissue including heart,All,Douglas,2018-2022,All,Male,All,21598,NR,NR,NR,Douglas
Soft tissue including heart,All,Douglas,2018-2022,All,Female,All,21244,NR,NR,NR,Douglas
Soft tissue including heart,All,Douglas,2018-2022,All,All,All,42842,NR,NR,NR,Douglas
Soft tissue including heart,All,Ferry,2018-2022,All,Male,All,3674,NR,NR,NR,Ferry
Soft tissue including heart,All,Ferry,2018-2022,All,Female,All,3561,NR,NR,NR,Ferry
Soft tissue including heart,All,Ferry,2018-2022,All,All,All,7234,NR,NR,NR,Ferry
Soft tissue including heart,All,Franklin,2018-2022,All,Male,All,49721,NR,NR,NR,Franklin
Soft tissue including heart,All,Franklin,2018-2022,All,Female,All,46721,NR,NR,NR,Franklin
Soft tissue including heart,All,Franklin,2018-2022,All,All,All,96442,3,3.0,"[1.6, 5.4]",Franklin
Soft tissue including heart,All,Garfield,2018-2022,All,Male,All,1158,NR,NR,NR,Garfield
Soft tissue including heart,All,Garfield,2018-2022,All,Female,All,1127,NR,NR,NR,Garfield
Soft tissue including heart,All,Garfield,2018-2022,All,All,All,2285,NR,NR,NR,Garfield
Soft tissue including heart,All,Grant,2018-2022,All,Male,All,50797,NR,NR,NR,Grant
Soft tissue including heart,All,Grant,2018-2022,All,Female,All,48337,NR,NR,NR,Grant
Soft tissue including heart,All,Grant,2018-2022,All,All,All,99134,3,2.4,"[1.2, 4.2]",Grant
Soft tissue including heart,All,Grays Harbor,2018-2022,All,Male,All,38516,NR,NR,NR,Grays Harbor
Soft tissue including heart,All,Grays Harbor,2018-2022,All,Female,All,37011,NR,NR,NR,Grays Harbor
Soft tissue including heart,All,Grays Harbor,2018-2022,All,All,All,75528,NR,NR,NR,Grays Harbor
Soft tissue including heart,All,Island,2018-2022,All,Male,All,42803,NR,NR,NR,Island
Soft tissue including heart,All,Island,2018-2022,All,Female,All,43712,2,2.5,"[1.1, 5.9]",Island
Soft tissue including heart,All,Island,2018-2022,All,All,All,86515,3,2.0,"[1.1, 3.8]",Island
Soft tissue including heart,All,Jefferson,2018-2022,All,Male,All,16132,NR,NR,NR,Jefferson
Soft tissue including heart,All,Jefferson,2018-2022,All,Female,All,16754,NR,NR,NR,Jefferson
Soft tissue including heart,All,Jefferson,2018-2022,All,All,All,32885,NR,NR,NR,Jefferson
Soft tissue including heart,All,King,2018-2022,All,Male,All,1131256,39,3.5,"[3.1, 4.1]",King
Soft tissue including heart,All,King,2018-2022,All,Female,All,1126672,30,2.5,"[2.1, 2.9]",King
Soft tissue including heart,All,King,2018-2022,All,All,All,2257928,69,3.0,"[2.6, 3.3]",King
Soft tissue including heart,All,Kitsap,2018-2022,All,Male,All,139034,5,3.0,"[1.9, 4.6]",Kitsap
Soft tissue including heart,All,Kitsap,2018-2022,All,Female,All,136133,4,2.7,"[1.6, 4.3]",Kitsap
Soft tissue including heart,All,Kitsap,2018-2022,All,All,All,275167,9,2.8,"[2.0, 3.8]",Kitsap
Soft tissue including heart,All,Kittitas,2018-2022,All,Male,All,22970,NR,NR,NR,Kittitas
Soft tissue including heart,All,Kittitas,2018-2022,All,Female,All,22723,NR,NR,NR,Kittitas
Soft tissue including heart,All,Kittitas,2018-2022,All,All,All,45694,NR,NR,NR,Kittitas
Soft tissue including heart,All,Klickitat,2018-2022,All,Male,All,11595,NR,NR,NR,Klickitat
Soft tissue including heart,All,Klickitat,2018-2022,All,Female,All,11088,NR,NR,NR,Klickitat
Soft tissue including heart,All,Klickitat,2018-2022,All,All,All,22683,NR,NR,NR,Klickitat
Soft tissue including heart,All,Lewis,2018-2022,All,Male,All,41031,2,3.6,"[1.6, 7.4]",Lewis
Soft tissue including heart,All,Lewis,2018-2022,All,Female,All,40899,NR,NR,NR,Lewis
Soft tissue including heart,All,Lewis,2018-2022,All,All,All,81930,4,3.5,"[2.0, 5.9]",Lewis
Soft tissue including heart,All,Lincoln,2018-2022,All,Male,All,5482,NR,NR,NR,Lincoln
Soft tissue including heart,All,Lincoln,2018-2022,All,Female,All,5407,NR,NR,NR,Lincoln
Soft tissue including heart,All,Lincoln,2018-2022,All,All,All,10889,NR,NR,NR,Lincoln
Soft tissue including heart,All,Mason,2018-2022,All,Male,All,33617,2,4.3,"[1.9, 9.0]",Mason
Soft tissue including heart,All,Mason,2018-2022,All,Female,All,31866,NR,NR,NR,Mason
Soft tissue including heart,All,Mason,2018-2022,All,All,All,65483,3,2.7,"[1.4, 5.1]",Mason
Soft tissue including heart,All,Okanogan,2018-2022,All,Male,All,21691,NR,NR,NR,Okanogan
Soft tissue including heart,All,Okanogan,2018-2022,All,Female,All,20525,NR,NR,NR,Okanogan
Soft tissue including heart,All,Okanogan,2018-2022,All,All,All,42216,2,4.2,"[2.0, 8.2]",Okanogan
Soft tissue including heart,All,Pacific,2018-2022,All,Male,All,11571,NR,NR,NR,Pacific
Soft tissue including heart,All,Pacific,2018-2022,All,Female,All,11646,NR,NR,NR,Pacific
Soft tissue including heart,All,Pacific,2018-2022,All,All,All,23217,NR,NR,NR,Pacific
Soft tissue including heart,All,Pend Oreille,2018-2022,All,Male,All,6803,NR,NR,NR,Pend Oreille
Soft tissue including heart,All,Pend Oreille,2018-2022,All,Female,All,6614,NR,NR,NR,Pend Oreille
Soft tissue including heart,All,Pend Oreille,2018-2022,All,All,All,13417,NR,NR,NR,Pend Oreille
Soft tissue including heart,All,Pierce,2018-2022,All,Male,All,454927,14,3.0,"[2.3, 3.8]",Pierce
Soft tissue including heart,All,Pierce,2018-2022,All,Female,All,461772,11,2.1,"[1.6, 2.8]",Pierce
Soft tissue including heart,All,Pierce,2018-2022,All,All,All,916699,25,2.5,"[2.1, 3.0]",Pierce
Soft tissue including heart,All,San Juan,2018-2022,All,Male,All,8612,NR,NR,NR,San Juan
Soft tissue including heart,All,San Juan,2018-2022,All,Female,All,9085,NR,NR,NR,San Juan
Soft tissue including heart,All,San Juan,2018-2022,All,All,All,17697,NR,NR,NR,San Juan
Soft tissue including heart,All,Skagit,2018-2022,All,Male,All,63522,3,3.9,"[2.1, 6.9]",Skagit
Soft tissue including heart,All,Skagit,2018-2022,All,Female,All,65419,3,2.8,"[1.4, 5.5]",Skagit
Soft tissue including heart,All,Skagit,2018-2022,All,All,All,128941,6,3.4,"[2.2, 5.2]",Skagit
Soft tissue including heart,All,Skamania,2018-2022,All,Male,All,5931,NR,NR,NR,Skamania
Soft tissue including heart,All,Skamania,2018-2022,All,Female,All,5706,NR,NR,NR,Skamania
Soft tissue including heart,All,Skamania,2018-2022,All,All,All,11637,NR,NR,NR,Skamania
Soft tissue including heart,All,Snohomish,2018-2022,All,Male,All,411644,14,3.1,"[2.4, 4.0]",Snohomish
Soft tissue including heart,All,Snohomish,2018-2022,All,Female,All,414096,11,2.5,"[1.8, 3.2]",Snohomish
Soft tissue including heart,All,Snohomish,2018-2022,All,All,All,825740,25,2.8,"[2.3, 3.3]",Snohomish
Soft tissue including heart,All,Spokane,2018-2022,All,Male,All,265853,9,3.2,"[2.3, 4.3]",Spokane
Soft tissue including heart,All,Spokane,2018-2022,All,Female,All,271281,8,2.4,"[1.7, 3.4]",Spokane
Soft tissue including heart,All,Spokane,2018-2022,All,All,All,537133,18,2.8,"[2.2, 3.5]",Spokane
Soft tissue including heart,All,Stevens,2018-2022,All,Male,All,23263,NR,NR,NR,Stevens
Soft tissue including heart,All,Stevens,2018-2022,All,Female,All,23122,NR,NR,NR,Stevens
Soft tissue including heart,All,Stevens,2018-2022,All,All,All,46385,NR,NR,NR,Stevens
Soft tissue including heart,All,Thurston,2018-2022,All,Male,All,143216,6,3.4,"[2.2, 5.1]",Thurston
Soft tissue including heart,All,Thurston,2018-2022,All,Female,All,150490,5,3.1,"[2.0, 4.7]",Thurston
Soft tissue including heart,All,Thurston,2018-2022,All,All,All,293706,11,3.2,"[2.4, 4.2]",Thurston
Soft tissue including heart,All,Wahkiakum,2018-2022,All,Male,All,2194,NR,NR,NR,Wahkiakum
Soft tissue including heart,All,Wahkiakum,2018-2022,All,Female,All,2223,NR,NR,NR,Wahkiakum
Soft tissue including heart,All,Wahkiakum,2018-2022,All,All,All,4418,NR,NR,NR,Wahkiakum
Soft tissue including heart,All,Walla Walla,2018-2022,All,Male,All,31610,NR,NR,NR,Walla Walla
Soft tissue including heart,All,Walla Walla,2018-2022,All,Female,All,30608,NR,NR,NR,Walla Walla
Soft tissue including heart,All,Walla Walla,2018-2022,All,All,All,62218,NR,NR,NR,Walla Walla
Soft tissue including heart,All,Whatcom,2018-2022,All,Male,All,111033,4,2.8,"[1.6, 4.6]",Whatcom
Soft tissue including heart,All,Whatcom,2018-2022,All,Female,All,114724,2,1.7,"[0.8, 3.3]",Whatcom
Soft tissue including heart,All,Whatcom,2018-2022,All,All,All,225757,6,2.1,"[1.4, 3.2]",Whatcom
Soft tissue including heart,All,Whitman,2018-2022,All,Male,All,23510,NR,NR,NR,Whitman
Soft tissue including heart,All,Whitman,2018-2022,All,Female,All,23582,NR,NR,NR,Whitman
Soft tissue including heart,All,Whitman,2018-2022,All,All,All,47092,2,4.7,"[2.3, 9.3]",Whitman
Soft tissue including heart,All,Yakima,2018-2022,All,Male,All,128323,4,3.5,"[2.2, 5.4]",Yakima
Soft tissue including heart,All,Yakima,2018-2022,All,Female,All,128350,4,2.9,"[1.7, 4.7]",Yakima
Soft tissue including heart,All,Yakima,2018-2022,All,All,All,256672,8,3.1,"[2.2, 4.3]",Yakima
Stomach,All,Adams,2018-2022,All,Male,All,10551,NR,NR,NR,Adams
Stomach,All,Adams,2018-2022,All,Female,All,10078,NR,NR,NR,Adams
Stomach,All,Adams,2018-2022,All,All,All,20630,NR,NR,NR,Adams
Stomach,All,Asotin,2018-2022,All,Male,All,10865,NR,NR,NR,Asotin
Stomach,All,Asotin,2018-2022,All,Female,All,11471,NR,NR,NR,Asotin
Stomach,All,Asotin,2018-2022,All,All,All,22336,NR,NR,NR,Asotin
Stomach,All,Benton,2018-2022,All,Male,All,102466,8,6.7,"[4.7, 9.3]",Benton
Stomach,All,Benton,2018-2022,All,Female,All,103559,6,5.4,"[3.6, 7.9]",Benton
Stomach,All,Benton,2018-2022,All,All,All,206025,14,6.0,"[4.6, 7.7]",Benton
Stomach,All,Chelan,2018-2022,All,Male,All,39569,6,10.2,"[6.7, 15.4]",Chelan
Stomach,All,Chelan,2018-2022,All,Female,All,39471,2,4.2,"[2.1, 8.2]",Chelan
Stomach,All,Chelan,2018-2022,All,All,All,79040,8,7.1,"[5.0, 10.0]",Chelan
Stomach,All,Clallam,2018-2022,All,Male,All,37791,5,6.4,"[3.8, 11.1]",Clallam
Stomach,All,Clallam,2018-2022,All,Female,All,39105,2,2.5,"[1.3, 6.1]",Clallam
Stomach,All,Clallam,2018-2022,All,All,All,76896,7,4.4,"[2.9, 6.9]",Clallam
Stomach,All,Clark,2018-2022,All,Male,All,248051,16,5.6,"[4.4, 7.1]",Clark
Stomach,All,Clark,2018-2022,All,Female,All,253740,13,4.1,"[3.1, 5.3]",Clark
Stomach,All,Clark,2018-2022,All,All,All,501791,29,4.8,"[4.0, 5.7]",Clark
Stomach,All,Columbia,2018-2022,All,Male,All,1963,NR,NR,NR,Columbia
Stomach,All,Columbia,2018-2022,All,Female,All,1994,NR,NR,NR,Columbia
Stomach,All,Columbia,2018-2022,All,All,All,3957,NR,NR,NR,Columbia
Stomach,All,Cowlitz,2018-2022,All,Male,All,54735,5,6.9,"[4.4, 10.6]",Cowlitz
Stomach,All,Cowlitz,2018-2022,All,Female,All,55601,3,3.2,"[1.6, 6.0]",Cowlitz
Stomach,All,Cowlitz,2018-2022,All,All,All,110335,8,4.8,"[3.4, 6.9]",Cowlitz
Stomach,All,Douglas,2018-2022,All,Male,All,21598,2,9.0,"[4.3, 17.3]",Douglas
Stomach,All,Douglas,2018-2022,All,Female,All,21244,NR,NR,NR,Douglas
Stomach,All,Douglas,2018-2022,All,All,All,42842,3,6.0,"[3.3, 10.5]",Douglas
Stomach,All,Ferry,2018-2022,All,Male,All,3674,NR,NR,NR,Ferry
Stomach,All,Ferry,2018-2022,All,Female,All,3561,NR,NR,NR,Ferry
Stomach,All,Ferry,2018-2022,All,All,All,7234,NR,NR,NR,Ferry
Stomach,All,Franklin,2018-2022,All,Male,All,49721,2,5.7,"[2.7, 11.0]",Franklin
Stomach,All,Franklin,2018-2022,All,Female,All,46721,2,5.0,"[2.5, 9.5]",Franklin
Stomach,All,Franklin,2018-2022,All,All,All,96442,4,5.3,"[3.3, 8.2]",Franklin
Stomach,All,Garfield,2018-2022,All,Male,All,1158,NR,NR,NR,Garfield
Stomach,All,Garfield,2018-2022,All,Female,All,1127,NR,NR,NR,Garfield
Stomach,All,Garfield,2018-2022,All,All,All,2285,NR,NR,NR,Garfield
Stomach,All,Grant,2018-2022,All,Male,All,50797,4,7.6,"[4.6, 12.1]",Grant
Stomach,All,Grant,2018-2022,All,Female,All,48337,NR,NR,NR,Grant
Stomach,All,Grant,2018-2022,All,All,All,99134,5,5.0,"[3.2, 7.4]",Grant
Stomach,All,Grays Harbor,2018-2022,All,Male,All,38516,4,7.7,"[4.6, 12.7]",Grays Harbor
Stomach,All,Grays Harbor,2018-2022,All,Female,All,37011,3,4.6,"[2.6, 8.6]",Grays Harbor
Stomach,All,Grays Harbor,2018-2022,All,All,All,75528,8,6.2,"[4.3, 9.1]",Grays Harbor
Stomach,All,Island,2018-2022,All,Male,All,42803,6,8.0,"[5.2, 12.4]",Island
Stomach,All,Island,2018-2022,All,Female,All,43712,3,3.5,"[1.7, 7.3]",Island
Stomach,All,Island,2018-2022,All,All,All,86515,8,5.5,"[3.9, 8.0]",Island
Stomach,All,Jefferson,2018-2022,All,Male,All,16132,2,5.0,"[2.5, 15.4]",Jefferson
Stomach,All,Jefferson,2018-2022,All,Female,All,16754,NR,NR,NR,Jefferson
Stomach,All,Jefferson,2018-2022,All,All,All,32885,4,5.1,"[2.6, 11.5]",Jefferson
Stomach,All,King,2018-2022,All,Male,All,1131256,88,8.0,"[7.2, 8.8]",King
Stomach,All,King,2018-2022,All,Female,All,1126672,59,4.7,"[4.1, 5.2]",King
Stomach,All,King,2018-2022,All,All,All,2257928,147,6.1,"[5.7, 6.6]",King
Stomach,All,Kitsap,2018-2022,All,Male,All,139034,12,7.2,"[5.4, 9.4]",Kitsap
Stomach,All,Kitsap,2018-2022,All,Female,All,136133,9,4.2,"[3.0, 5.8]",Kitsap
Stomach,All,Kitsap,2018-2022,All,All,All,275167,21,5.5,"[4.5, 6.7]",Kitsap
Stomach,All,Kittitas,2018-2022,All,Male,All,22970,NR,NR,NR,Kittitas
Stomach,All,Kittitas,2018-2022,All,Female,All,22723,NR,NR,NR,Kittitas
Stomach,All,Kittitas,2018-2022,All,All,All,45694,2,3.9,"[1.9, 7.8]",Kittitas
Stomach,All,Klickitat,2018-2022,All,Male,All,11595,NR,NR,NR,Klickitat
Stomach,All,Klickitat,2018-2022,All,Female,All,11088,NR,NR,NR,Klickitat
Stomach,All,Klickitat,2018-2022,All,All,All,22683,NR,NR,NR,Klickitat
Stomach,All,Lewis,2018-2022,All,Male,All,41031,3,4.8,"[2.6, 8.7]",Lewis
Stomach,All,Lewis,2018-2022,All,Female,All,40899,3,3.9,"[2.2, 7.3]",Lewis
Stomach,All,Lewis,2018-2022,All,All,All,81930,6,4.2,"[2.8, 6.4]",Lewis
Stomach,All,Lincoln,2018-2022,All,Male,All,5482,NR,NR,NR,Lincoln
Stomach,All,Lincoln,2018-2022,All,Female,All,5407,NR,NR,NR,Lincoln
Stomach,All,Lincoln,2018-2022,All,All,All,10889,NR,NR,NR,Lincoln
Stomach,All,Mason,2018-2022,All,Male,All,33617,4,6.6,"[3.8, 11.5]",Mason
Stomach,All,Mason,2018-2022,All,Female,All,31866,NR,NR,NR,Mason
Stomach,All,Mason,2018-2022,All,All,All,65483,5,4.6,"[2.9, 7.3]",Mason
Stomach,All,Okanogan,2018-2022,All,Male,All,21691,NR,NR,NR,Okanogan
Stomach,All,Okanogan,2018-2022,All,Female,All,20525,NR,NR,NR,Okanogan
Stomach,All,Okanogan,2018-2022,All,All,All,42216,3,4.2,"[2.2, 8.1]",Okanogan
Stomach,All,Pacific,2018-2022,All,Male,All,11571,NR,NR,NR,Pacific
Stomach,All,Pacific,2018-2022,All,Female,All,11646,NR,NR,NR,Pacific
Stomach,All,Pacific,2018-2022,All,All,All,23217,2,5.4,"[2.3, 13.0]",Pacific
Stomach,All,Pend Oreille,2018-2022,All,Male,All,6803,NR,NR,NR,Pend Oreille
Stomach,All,Pend Oreille,2018-2022,All,Female,All,6614,NR,NR,NR,Pend Oreille
Stomach,All,Pend Oreille,2018-2022,All,All,All,13417,NR,NR,NR,Pend Oreille
Stomach,All,Pierce,2018-2022,All,Male,All,454927,45,9.5,"[8.3, 10.9]",Pierce
Stomach,All,Pierce,2018-2022,All,Female,All,461772,32,5.9,"[5.0, 6.9]",Pierce
Stomach,All,Pierce,2018-2022,All,All,All,916699,77,7.4,"[6.7, 8.2]",Pierce
Stomach,All,San Juan,2018-2022,All,Male,All,8612,NR,NR,NR,San Juan
Stomach,All,San Juan,2018-2022,All,Female,All,9085,NR,NR,NR,San Juan
Stomach,All,San Juan,2018-2022,All,All,All,17697,2,4.9,"[2.5, 14.7]",San Juan
Stomach,All,Skagit,2018-2022,All,Male,All,63522,6,5.6,"[3.7, 8.5]",Skagit
Stomach,All,Skagit,2018-2022,All,Female,All,65419,4,4.1,"[2.4, 7.1]",Skagit
Stomach,All,Skagit,2018-2022,All,All,All,128941,9,4.8,"[3.4, 6.6]",Skagit
Stomach,All,Skamania,2018-2022,All,Male,All,5931,NR,NR,NR,Skamania
Stomach,All,Skamania,2018-2022,All,Female,All,5706,NR,NR,NR,Skamania
Stomach,All,Skamania,2018-2022,All,All,All,11637,NR,NR,NR,Skamania
Stomach,All,Snohomish,2018-2022,All,Male,All,411644,37,8.8,"[7.5, 10.3]",Snohomish
Stomach,All,Snohomish,2018-2022,All,Female,All,414096,24,4.8,"[4.0, 5.8]",Snohomish
Stomach,All,Snohomish,2018-2022,All,All,All,825740,61,6.6,"[5.9, 7.5]",Snohomish
Stomach,All,Spokane,2018-2022,All,Male,All,265853,17,5.4,"[4.3, 6.8]",Spokane
Stomach,All,Spokane,2018-2022,All,Female,All,271281,13,4.0,"[3.0, 5.1]",Spokane
Stomach,All,Spokane,2018-2022,All,All,All,537133,30,4.6,"[3.9, 5.4]",Spokane
Stomach,All,Stevens,2018-2022,All,Male,All,23263,2,5.1,"[2.4, 11.3]",Stevens
Stomach,All,Stevens,2018-2022,All,Female,All,23122,NR,NR,NR,Stevens
Stomach,All,Stevens,2018-2022,All,All,All,46385,4,4.8,"[2.7, 8.6]",Stevens
Stomach,All,Thurston,2018-2022,All,Male,All,143216,13,7.6,"[5.8, 9.8]",Thurston
Stomach,All,Thurston,2018-2022,All,Female,All,150490,8,4.0,"[2.9, 5.6]",Thurston
Stomach,All,Thurston,2018-2022,All,All,All,293706,21,5.6,"[4.6, 6.9]",Thurston
Stomach,All,Wahkiakum,2018-2022,All,Male,All,2194,NR,NR,NR,Wahkiakum
Stomach,All,Wahkiakum,2018-2022,All,Female,All,2223,NR,NR,NR,Wahkiakum
Stomach,All,Wahkiakum,2018-2022,All,All,All,4418,NR,NR,NR,Wahkiakum
Stomach,All,Walla Walla,2018-2022,All,Male,All,31610,4,9.8,"[5.7, 16.1]",Walla Walla
Stomach,All,Walla Walla,2018-2022,All,Female,All,30608,NR,NR,NR,Walla Walla
Stomach,All,Walla Walla,2018-2022,All,All,All,62218,5,6.5,"[4.2, 10.0]",Walla Walla
Stomach,All,Whatcom,2018-2022,All,Male,All,111033,13,9.8,"[7.5, 12.7]",Whatcom
Stomach,All,Whatcom,2018-2022,All,Female,All,114724,5,3.2,"[2.1, 4.9]",Whatcom
Stomach,All,Whatcom,2018-2022,All,All,All,225757,19,6.2,"[5.0, 7.8]",Whatcom
Stomach,All,Whitman,2018-2022,All,Male,All,23510,NR,NR,NR,Whitman
Stomach,All,Whitman,2018-2022,All,Female,All,23582,NR,NR,NR,Whitman
Stomach,All,Whitman,2018-2022,All,All,All,47092,NR,NR,NR,Whitman
Stomach,All,Yakima,2018-2022,All,Male,All,128323,7,5.8,"[4.1, 8.1]",Yakima
Stomach,All,Yakima,2018-2022,All,Female,All,128350,7,4.6,"[3.1, 6.6]",Yakima
Stomach,All,Yakima,2018-2022,All,All,All,256672,14,5.1,"[3.9, 6.5]",Yakima
Testis,All,Adams,2018-2022,All,Male,All,10551,NR,NR,NR,Adams
Testis,All,Asotin,2018-2022,All,Male,All,10865,NR,NR,NR,Asotin
Testis,All,Benton,2018-2022,All,Male,All,102466,7,6.8,"[4.7, 9.6]",Benton
Testis,All,Chelan,2018-2022,All,Male,All,39569,2,6.4,"[3.3, 11.6]",Chelan
Testis,All,Clallam,2018-2022,All,Male,All,37791,2,7.5,"[3.7, 13.9]",Clallam
Testis,All,Clark,2018-2022,All,Male,All,248051,14,5.9,"[4.6, 7.5]",Clark
Testis,All,Columbia,2018-2022,All,Male,All,1963,NR,NR,NR,Columbia
Testis,All,Cowlitz,2018-2022,All,Male,All,54735,3,7.2,"[4.2, 11.6]",Cowlitz
Testis,All,Douglas,2018-2022,All,Male,All,21598,2,11.4,"[5.7, 20.8]",Douglas
Testis,All,Ferry,2018-2022,All,Male,All,3674,NR,NR,NR,Ferry
Testis,All,Franklin,2018-2022,All,Male,All,49721,3,6.1,"[3.4, 11.1]",Franklin
Testis,All,Garfield,2018-2022,All,Male,All,1158,NR,NR,NR,Garfield
Testis,All,Grant,2018-2022,All,Male,All,50797,4,9.1,"[5.6, 14.1]",Grant
Testis,All,Grays Harbor,2018-2022,All,Male,All,38516,2,6.5,"[3.1, 12.2]",Grays Harbor
Testis,All,Island,2018-2022,All,Male,All,42803,4,9.4,"[5.4, 15.4]",Island
Testis,All,Jefferson,2018-2022,All,Male,All,16132,NR,NR,NR,Jefferson
Testis,All,King,2018-2022,All,Male,All,1131256,75,5.9,"[5.3, 6.6]",King
Testis,All,Kitsap,2018-2022,All,Male,All,139034,13,9.7,"[7.4, 12.4]",Kitsap
Testis,All,Kittitas,2018-2022,All,Male,All,22970,NR,NR,NR,Kittitas
Testis,All,Klickitat,2018-2022,All,Male,All,11595,NR,NR,NR,Klickitat
Testis,All,Lewis,2018-2022,All,Male,All,41031,NR,NR,NR,Lewis
Testis,All,Lincoln,2018-2022,All,Male,All,5482,NR,NR,NR,Lincoln
Testis,All,Mason,2018-2022,All,Male,All,33617,3,11.4,"[6.5, 18.9]",Mason
Testis,All,Okanogan,2018-2022,All,Male,All,21691,NR,NR,NR,Okanogan
Testis,All,Pacific,2018-2022,All,Male,All,11571,NR,NR,NR,Pacific
Testis,All,Pend Oreille,2018-2022,All,Male,All,6803,NR,NR,NR,Pend Oreille
Testis,All,Pierce,2018-2022,All,Male,All,454927,29,6.4,"[5.4, 7.6]",Pierce
Testis,All,San Juan,2018-2022,All,Male,All,8612,NR,NR,NR,San Juan
Testis,All,Skagit,2018-2022,All,Male,All,63522,5,9.3,"[6.0, 13.9]",Skagit
Testis,All,Skamania,2018-2022,All,Male,All,5931,NR,NR,NR,Skamania
Testis,All,Snohomish,2018-2022,All,Male,All,411644,25,5.9,"[4.9, 7.1]",Snohomish
Testis,All,Spokane,2018-2022,All,Male,All,265853,17,6.5,"[5.2, 8.1]",Spokane
Testis,All,Stevens,2018-2022,All,Male,All,23263,NR,NR,NR,Stevens
Testis,All,Thurston,2018-2022,All,Male,All,143216,11,8.3,"[6.3, 10.9]",Thurston
Testis,All,Wahkiakum,2018-2022,All,Male,All,2194,NR,NR,NR,Wahkiakum
Testis,All,Walla Walla,2018-2022,All,Male,All,31610,NR,NR,NR,Walla Walla
Testis,All,Whatcom,2018-2022,All,Male,All,111033,10,8.9,"[6.6, 12.0]",Whatcom
Testis,All,Whitman,2018-2022,All,Male,All,23510,NR,NR,NR,Whitman
Testis,All,Yakima,2018-2022,All,Male,All,128323,9,7.2,"[5.2, 9.8]",Yakima
Thyroid,All,Adams,2018-2022,All,Male,All,10551,NR,NR,NR,Adams
Thyroid,All,Adams,2018-2022,All,Female,All,10078,NR,NR,NR,Adams
Thyroid,All,Adams,2018-2022,All,All,All,20630,NR,NR,NR,Adams
Thyroid,All,Asotin,2018-2022,All,Male,All,10865,NR,NR,NR,Asotin
Thyroid,All,Asotin,2018-2022,All,Female,All,11471,3,25.8,"[13.5, 45.7]",Asotin
Thyroid,All,Asotin,2018-2022,All,All,All,22336,3,14.7,"[8.1, 25.2]",Asotin
Thyroid,All,Benton,2018-2022,All,Male,All,102466,7,6.1,"[4.2, 8.6]",Benton
Thyroid,All,Benton,2018-2022,All,Female,All,103559,18,18.3,"[14.6, 22.6]",Benton
Thyroid,All,Benton,2018-2022,All,All,All,206025,25,12.2,"[10.1, 14.6]",Benton
Thyroid,All,Chelan,2018-2022,All,Male,All,39569,3,6.5,"[3.5, 11.4]",Chelan
Thyroid,All,Chelan,2018-2022,All,Female,All,39471,8,16.6,"[11.4, 23.5]",Chelan
Thyroid,All,Chelan,2018-2022,All,All,All,79040,11,11.6,"[8.5, 15.5]",Chelan
Thyroid,All,Clallam,2018-2022,All,Male,All,37791,4,7.4,"[4.1, 13.1]",Clallam
Thyroid,All,Clallam,2018-2022,All,Female,All,39105,9,22.3,"[15.5, 31.5]",Clallam
Thyroid,All,Clallam,2018-2022,All,All,All,76896,13,14.8,"[10.9, 19.8]",Clallam
Thyroid,All,Clark,2018-2022,All,Male,All,248051,14,5.4,"[4.2, 6.9]",Clark
Thyroid,All,Clark,2018-2022,All,Female,All,253740,37,14.2,"[12.2, 16.5]",Clark
Thyroid,All,Clark,2018-2022,All,All,All,501791,51,9.8,"[8.6, 11.1]",Clark
Thyroid,All,Columbia,2018-2022,All,Male,All,1963,NR,NR,NR,Columbia
Thyroid,All,Columbia,2018-2022,All,Female,All,1994,NR,NR,NR,Columbia
Thyroid,All,Columbia,2018-2022,All,All,All,3957,NR,NR,NR,Columbia
Thyroid,All,Cowlitz,2018-2022,All,Male,All,54735,3,4.0,"[2.3, 7.0]",Cowlitz
Thyroid,All,Cowlitz,2018-2022,All,Female,All,55601,10,16.8,"[12.2, 22.7]",Cowlitz
Thyroid,All,Cowlitz,2018-2022,All,All,All,110335,13,10.4,"[7.9, 13.5]",Cowlitz
Thyroid,All,Douglas,2018-2022,All,Male,All,21598,NR,NR,NR,Douglas
Thyroid,All,Douglas,2018-2022,All,Female,All,21244,4,19.5,"[11.7, 30.9]",Douglas
Thyroid,All,Douglas,2018-2022,All,All,All,42842,6,12.9,"[8.4, 19.1]",Douglas
Thyroid,All,Ferry,2018-2022,All,Male,All,3674,NR,NR,NR,Ferry
Thyroid,All,Ferry,2018-2022,All,Female,All,3561,NR,NR,NR,Ferry
Thyroid,All,Ferry,2018-2022,All,All,All,7234,NR,NR,NR,Ferry
Thyroid,All,Franklin,2018-2022,All,Male,All,49721,2,5.7,"[2.8, 10.9]",Franklin
Thyroid,All,Franklin,2018-2022,All,Female,All,46721,9,23.0,"[16.9, 31.0]",Franklin
Thyroid,All,Franklin,2018-2022,All,All,All,96442,12,14.0,"[10.6, 18.3]",Franklin
Thyroid,All,Garfield,2018-2022,All,Male,All,1158,NR,NR,NR,Garfield
Thyroid,All,Garfield,2018-2022,All,Female,All,1127,NR,NR,NR,Garfield
Thyroid,All,Garfield,2018-2022,All,All,All,2285,NR,NR,NR,Garfield
Thyroid,All,Grant,2018-2022,All,Male,All,50797,NR,NR,NR,Grant
Thyroid,All,Grant,2018-2022,All,Female,All,48337,8,17.3,"[12.3, 23.7]",Grant
Thyroid,All,Grant,2018-2022,All,All,All,99134,10,10.1,"[7.5, 13.5]",Grant
Thyroid,All,Grays Harbor,2018-2022,All,Male,All,38516,2,5.8,"[2.9, 10.9]",Grays Harbor
Thyroid,All,Grays Harbor,2018-2022,All,Female,All,37011,7,15.6,"[10.5, 22.7]",Grays Harbor
Thyroid,All,Grays Harbor,2018-2022,All,All,All,75528,10,10.5,"[7.5, 14.4]",Grays Harbor
Thyroid,All,Island,2018-2022,All,Male,All,42803,4,6.8,"[4.0, 11.5]",Island
Thyroid,All,Island,2018-2022,All,Female,All,43712,6,12.0,"[7.6, 18.5]",Island
Thyroid,All,Island,2018-2022,All,All,All,86515,10,9.4,"[6.6, 13.0]",Island
Thyroid,All,Jefferson,2018-2022,All,Male,All,16132,NR,NR,NR,Jefferson
Thyroid,All,Jefferson,2018-2022,All,Female,All,16754,4,21.0,"[11.1, 39.6]",Jefferson
Thyroid,All,Jefferson,2018-2022,All,All,All,32885,5,11.0,"[6.1, 19.9]",Jefferson
Thyroid,All,King,2018-2022,All,Male,All,1131256,86,7.0,"[6.4, 7.8]",King
Thyroid,All,King,2018-2022,All,Female,All,1126672,234,19.3,"[18.2, 20.4]",King
Thyroid,All,King,2018-2022,All,All,All,2257928,320,13.2,"[12.5, 13.8]",King
Thyroid,All,Kitsap,2018-2022,All,Male,All,139034,13,8.1,"[6.2, 10.6]",Kitsap
Thyroid,All,Kitsap,2018-2022,All,Female,All,136133,28,19.3,"[16.1, 23.1]",Kitsap
Thyroid,All,Kitsap,2018-2022,All,All,All,275167,41,13.6,"[11.7, 15.8]",Kitsap
Thyroid,All,Kittitas,2018-2022,All,Male,All,22970,NR,NR,NR,Kittitas
Thyroid,All,Kittitas,2018-2022,All,Female,All,22723,3,13.2,"[6.9, 23.4]",Kittitas
Thyroid,All,Kittitas,2018-2022,All,All,All,45694,4,8.7,"[5.0, 14.3]",Kittitas
Thyroid,All,Klickitat,2018-2022,All,Male,All,11595,NR,NR,NR,Klickitat
Thyroid,All,Klickitat,2018-2022,All,Female,All,11088,NR,NR,NR,Klickitat
Thyroid,All,Klickitat,2018-2022,All,All,All,22683,3,9.4,"[4.6, 18.2]",Klickitat
Thyroid,All,Lewis,2018-2022,All,Male,All,41031,2,4.3,"[2.0, 8.4]",Lewis
Thyroid,All,Lewis,2018-2022,All,Female,All,40899,8,19.1,"[13.3, 26.8]",Lewis
Thyroid,All,Lewis,2018-2022,All,All,All,81930,10,11.7,"[8.5, 15.8]",Lewis
Thyroid,All,Lincoln,2018-2022,All,Male,All,5482,NR,NR,NR,Lincoln
Thyroid,All,Lincoln,2018-2022,All,Female,All,5407,NR,NR,NR,Lincoln
Thyroid,All,Lincoln,2018-2022,All,All,All,10889,NR,NR,NR,Lincoln
Thyroid,All,Mason,2018-2022,All,Male,All,33617,3,4.7,"[2.4, 9.2]",Mason
Thyroid,All,Mason,2018-2022,All,Female,All,31866,5,13.0,"[7.9, 20.6]",Mason
Thyroid,All,Mason,2018-2022,All,All,All,65483,8,8.6,"[5.8, 12.4]",Mason
Thyroid,All,Okanogan,2018-2022,All,Male,All,21691,NR,NR,NR,Okanogan
Thyroid,All,Okanogan,2018-2022,All,Female,All,20525,4,16.1,"[8.9, 27.7]",Okanogan
Thyroid,All,Okanogan,2018-2022,All,All,All,42216,5,10.9,"[6.8, 17.0]",Okanogan
Thyroid,All,Pacific,2018-2022,All,Male,All,11571,NR,NR,NR,Pacific
Thyroid,All,Pacific,2018-2022,All,Female,All,11646,2,18.2,"[7.7, 39.1]",Pacific
Thyroid,All,Pacific,2018-2022,All,All,All,23217,2,9.0,"[3.9, 18.9]",Pacific
Thyroid,All,Pend Oreille,2018-2022,All,Male,All,6803,NR,NR,NR,Pend Oreille
Thyroid,All,Pend Oreille,2018-2022,All,Female,All,6614,NR,NR,NR,Pend Oreille
Thyroid,All,Pend Oreille,2018-2022,All,All,All,13417,NR,NR,NR,Pend Oreille
Thyroid,All,Pierce,2018-2022,All,Male,All,454927,34,7.0,"[6.0, 8.2]",Pierce
Thyroid,All,Pierce,2018-2022,All,Female,All,461772,94,19.4,"[17.6, 21.3]",Pierce
Thyroid,All,Pierce,2018-2022,All,All,All,916699,128,13.2,"[12.2, 14.3]",Pierce
Thyroid,All,San Juan,2018-2022,All,Male,All,8612,NR,NR,NR,San Juan
Thyroid,All,San Juan,2018-2022,All,Female,All,9085,2,25.9,"[11.7, 54.7]",San Juan
Thyroid,All,San Juan,2018-2022,All,All,All,17697,4,16.5,"[8.6, 31.0]",San Juan
Thyroid,All,Skagit,2018-2022,All,Male,All,63522,5,6.4,"[4.0, 9.9]",Skagit
Thyroid,All,Skagit,2018-2022,All,Female,All,65419,8,10.7,"[7.4, 15.2]",Skagit
Thyroid,All,Skagit,2018-2022,All,All,All,128941,13,8.5,"[6.4, 11.2]",Skagit
Thyroid,All,Skamania,2018-2022,All,Male,All,5931,NR,NR,NR,Skamania
Thyroid,All,Skamania,2018-2022,All,Female,All,5706,NR,NR,NR,Skamania
Thyroid,All,Skamania,2018-2022,All,All,All,11637,NR,NR,NR,Skamania
Thyroid,All,Snohomish,2018-2022,All,Male,All,411644,34,7.8,"[6.6, 9.1]",Snohomish
Thyroid,All,Snohomish,2018-2022,All,Female,All,414096,91,20.9,"[19.0, 23.0]",Snohomish
Thyroid,All,Snohomish,2018-2022,All,All,All,825740,125,14.3,"[13.2, 15.5]",Snohomish
Thyroid,All,Spokane,2018-2022,All,Male,All,265853,16,5.9,"[4.6, 7.3]",Spokane
Thyroid,All,Spokane,2018-2022,All,Female,All,271281,47,16.9,"[14.7, 19.3]",Spokane
Thyroid,All,Spokane,2018-2022,All,All,All,537133,64,11.4,"[10.2, 12.8]",Spokane
Thyroid,All,Stevens,2018-2022,All,Male,All,23263,NR,NR,NR,Stevens
Thyroid,All,Stevens,2018-2022,All,Female,All,23122,3,10.7,"[5.1, 20.5]",Stevens
Thyroid,All,Stevens,2018-2022,All,All,All,46385,4,7.0,"[3.8, 12.1]",Stevens
Thyroid,All,Thurston,2018-2022,All,Male,All,143216,13,7.6,"[5.8, 9.9]",Thurston
Thyroid,All,Thurston,2018-2022,All,Female,All,150490,31,20.1,"[17.0, 23.7]",Thurston
Thyroid,All,Thurston,2018-2022,All,All,All,293706,44,13.9,"[12.1, 15.9]",Thurston
Thyroid,All,Wahkiakum,2018-2022,All,Male,All,2194,NR,NR,NR,Wahkiakum
Thyroid,All,Wahkiakum,2018-2022,All,Female,All,2223,NR,NR,NR,Wahkiakum
Thyroid,All,Wahkiakum,2018-2022,All,All,All,4418,NR,NR,NR,Wahkiakum
Thyroid,All,Walla Walla,2018-2022,All,Male,All,31610,NR,NR,NR,Walla Walla
Thyroid,All,Walla Walla,2018-2022,All,Female,All,30608,5,18.2,"[11.5, 27.7]",Walla Walla
Thyroid,All,Walla Walla,2018-2022,All,All,All,62218,7,11.4,"[7.8, 16.4]",Walla Walla
Thyroid,All,Whatcom,2018-2022,All,Male,All,111033,6,4.7,"[3.1, 7.0]",Whatcom
Thyroid,All,Whatcom,2018-2022,All,Female,All,114724,20,17.1,"[13.8, 21.1]",Whatcom
Thyroid,All,Whatcom,2018-2022,All,All,All,225757,26,10.9,"[9.0, 13.1]",Whatcom
Thyroid,All,Whitman,2018-2022,All,Male,All,23510,NR,NR,NR,Whitman
Thyroid,All,Whitman,2018-2022,All,Female,All,23582,2,10.7,"[5.2, 20.6]",Whitman
Thyroid,All,Whitman,2018-2022,All,All,All,47092,3,7.1,"[3.9, 12.5]",Whitman
Thyroid,All,Yakima,2018-2022,All,Male,All,128323,7,5.8,"[4.1, 8.2]",Yakima
Thyroid,All,Yakima,2018-2022,All,Female,All,128350,19,15.7,"[12.6, 19.3]",Yakima
Thyroid,All,Yakima,2018-2022,All,All,All,256672,26,10.7,"[8.9, 12.8]",Yakima
Vulva,All,Adams,2018-2022,All,Female,All,10078,NR,NR,NR,Adams
Vulva,All,Asotin,2018-2022,All,Female,All,11471,NR,NR,NR,Asotin
Vulva,All,Benton,2018-2022,All,Female,All,103559,4,3.1,"[1.8, 5.1]",Benton
Vulva,All,Chelan,2018-2022,All,Female,All,39471,3,5.7,"[3.1, 10.2]",Chelan
Vulva,All,Clallam,2018-2022,All,Female,All,39105,7,12.5,"[8.0, 19.2]",Clallam
Vulva,All,Clark,2018-2022,All,Female,All,253740,18,5.7,"[4.5, 7.1]",Clark
Vulva,All,Columbia,2018-2022,All,Female,All,1994,NR,NR,NR,Columbia
Vulva,All,Cowlitz,2018-2022,All,Female,All,55601,5,7.1,"[4.5, 11.0]",Cowlitz
Vulva,All,Douglas,2018-2022,All,Female,All,21244,NR,NR,NR,Douglas
Vulva,All,Ferry,2018-2022,All,Female,All,3561,NR,NR,NR,Ferry
Vulva,All,Franklin,2018-2022,All,Female,All,46721,NR,NR,NR,Franklin
Vulva,All,Garfield,2018-2022,All,Female,All,1127,NR,NR,NR,Garfield
Vulva,All,Grant,2018-2022,All,Female,All,48337,2,5.1,"[2.6, 9.2]",Grant
Vulva,All,Grays Harbor,2018-2022,All,Female,All,37011,4,6.3,"[3.7, 11.0]",Grays Harbor
Vulva,All,Island,2018-2022,All,Female,All,43712,5,7.4,"[4.3, 12.4]",Island
Vulva,All,Jefferson,2018-2022,All,Female,All,16754,3,10.3,"[4.6, 25.1]",Jefferson
Vulva,All,King,2018-2022,All,Female,All,1126672,94,7.5,"[6.8, 8.2]",King
Vulva,All,Kitsap,2018-2022,All,Female,All,136133,14,8.4,"[6.4, 10.9]",Kitsap
Vulva,All,Kittitas,2018-2022,All,Female,All,22723,NR,NR,NR,Kittitas
Vulva,All,Klickitat,2018-2022,All,Female,All,11088,NR,NR,NR,Klickitat
Vulva,All,Lewis,2018-2022,All,Female,All,40899,3,5.7,"[3.1, 10.1]",Lewis
Vulva,All,Lincoln,2018-2022,All,Female,All,5407,NR,NR,NR,Lincoln
Vulva,All,Mason,2018-2022,All,Female,All,31866,5,14.3,"[8.9, 22.1]",Mason
Vulva,All,Okanogan,2018-2022,All,Female,All,20525,NR,NR,NR,Okanogan
Vulva,All,Pacific,2018-2022,All,Female,All,11646,NR,NR,NR,Pacific
Vulva,All,Pend Oreille,2018-2022,All,Female,All,6614,NR,NR,NR,Pend Oreille
Vulva,All,Pierce,2018-2022,All,Female,All,461772,46,8.7,"[7.6, 10.0]",Pierce
Vulva,All,San Juan,2018-2022,All,Female,All,9085,NR,NR,NR,San Juan
Vulva,All,Skagit,2018-2022,All,Female,All,65419,6,6.7,"[4.4, 10.0]",Skagit
Vulva,All,Skamania,2018-2022,All,Female,All,5706,NR,NR,NR,Skamania
Vulva,All,Snohomish,2018-2022,All,Female,All,414096,40,8.1,"[7.0, 9.3]",Snohomish
Vulva,All,Spokane,2018-2022,All,Female,All,271281,16,4.9,"[3.8, 6.2]",Spokane
Vulva,All,Stevens,2018-2022,All,Female,All,23122,NR,NR,NR,Stevens
Vulva,All,Thurston,2018-2022,All,Female,All,150490,15,7.3,"[5.7, 9.4]",Thurston
Vulva,All,Wahkiakum,2018-2022,All,Female,All,2223,NR,NR,NR,Wahkiakum
Vulva,All,Walla Walla,2018-2022,All,Female,All,30608,NR,NR,NR,Walla Walla
Vulva,All,Whatcom,2018-2022,All,Female,All,114724,12,8.9,"[6.7, 11.7]",Whatcom
Vulva,All,Whitman,2018-2022,All,Female,All,23582,NR,NR,NR,Whitman
Vulva,All,Yakima,2018-2022,All,Female,All,128350,7,5.2,"[3.6, 7.4]",Yakima
