Cancer.Site,Stage.At.Diagnosis,Geography,Year,Age.Group,Gender,Race,Average.Annual.Population,Average.Annual.Observations,Age.Adj..Rate.per.100.000,X95..CI,counties
All,Invasive,Adams,2016-2020,All,Male,All,10282,14,175.4,"[135.7, 224.2]",Adams
All,Invasive,Adams,2016-2020,All,Female,All,9889,9,101.4,"[73.6, 136.6]",Adams
All,Invasive,Adams,2016-2020,All,All,All,20172,23,134.6,"[110.8, 162.3]",Adams
All,Invasive,Asotin,2016-2020,All,Male,All,10756,28,156.3,"[130.7, 187.7]",Asotin
All,Invasive,Asotin,2016-2020,All,Female,All,11370,24,119.4,"[97.9, 146.4]",Asotin
All,Invasive,Asotin,2016-2020,All,All,All,22126,51,136.2,"[119.5, 155.6]",Asotin
All,Invasive,Benton,2016-2020,All,Male,All,98978,174,170.5,"[159.0, 182.6]",Benton
All,Invasive,Benton,2016-2020,All,Female,All,99958,151,123.1,"[114.3, 132.4]",Benton
All,Invasive,Benton,2016-2020,All,All,All,198936,325,143.7,"[136.7, 151.0]",Benton
All,Invasive,Chelan,2016-2020,All,Male,All,38595,81,155.8,"[140.6, 172.5]",Chelan
All,Invasive,Chelan,2016-2020,All,Female,All,38682,72,122.9,"[110.1, 137.2]",Chelan
All,Invasive,Chelan,2016-2020,All,All,All,77278,153,137.4,"[127.6, 147.9]",Chelan
All,Invasive,Clallam,2016-2020,All,Male,All,37283,133,184.1,"[169.6, 200.3]",Clallam
All,Invasive,Clallam,2016-2020,All,Female,All,38345,110,134.3,"[122.3, 147.9]",Clallam
All,Invasive,Clallam,2016-2020,All,All,All,75628,243,156.4,"[147.1, 166.5]",Clallam
All,Invasive,Clark,2016-2020,All,Male,All,237977,428,173.2,"[165.7, 181.0]",Clark
All,Invasive,Clark,2016-2020,All,Female,All,243884,402,132.5,"[126.7, 138.6]",Clark
All,Invasive,Clark,2016-2020,All,All,All,481861,830,149.6,"[145.0, 154.3]",Clark
All,Invasive,Columbia,2016-2020,All,Male,All,1973,7,185.1,"[128.9, 277.8]",Columbia
All,Invasive,Columbia,2016-2020,All,Female,All,1998,7,154,"[104.9, 243.6]",Columbia
All,Invasive,Columbia,2016-2020,All,All,All,3971,14,167.2,"[129.5, 222.1]",Columbia
All,Invasive,Cowlitz,2016-2020,All,Male,All,53421,150,213,"[197.6, 229.6]",Cowlitz
All,Invasive,Cowlitz,2016-2020,All,Female,All,54522,124,156.5,"[144.1, 170.0]",Cowlitz
All,Invasive,Cowlitz,2016-2020,All,All,All,107943,274,181.8,"[172.0, 192.0]",Cowlitz
All,Invasive,Douglas,2016-2020,All,Male,All,20946,36,146.9,"[125.8, 171.1]",Douglas
All,Invasive,Douglas,2016-2020,All,Female,All,20701,35,127.2,"[108.6, 148.6]",Douglas
All,Invasive,Douglas,2016-2020,All,All,All,41647,71,135.5,"[121.5, 151.0]",Douglas
All,Invasive,Ferry,2016-2020,All,Male,All,3694,11,175.9,"[128.5, 244.7]",Ferry
All,Invasive,Ferry,2016-2020,All,Female,All,3550,10,174.7,"[126.6, 244.8]",Ferry
All,Invasive,Ferry,2016-2020,All,All,All,7245,21,173,"[139.4, 216.5]",Ferry
All,Invasive,Franklin,2016-2020,All,Male,All,47829,48,143.9,"[125.4, 164.8]",Franklin
All,Invasive,Franklin,2016-2020,All,Female,All,44703,46,129.1,"[112.6, 147.6]",Franklin
All,Invasive,Franklin,2016-2020,All,All,All,92532,94,135.5,"[123.1, 148.9]",Franklin
All,Invasive,Garfield,2016-2020,All,Male,All,1149,2,139.4,"[64.0, 294.5]",Garfield
All,Invasive,Garfield,2016-2020,All,Female,All,1124,3,144,"[82.0, 309.8]",Garfield
All,Invasive,Garfield,2016-2020,All,All,All,2272,6,142.3,"[90.8, 231.0]",Garfield
All,Invasive,Grant,2016-2020,All,Male,All,49209,84,173.2,"[156.7, 191.2]",Grant
All,Invasive,Grant,2016-2020,All,Female,All,46950,69,130.4,"[116.8, 145.3]",Grant
All,Invasive,Grant,2016-2020,All,All,All,96159,153,149.8,"[139.2, 161.0]",Grant
All,Invasive,Grays Harbor,2016-2020,All,Male,All,38179,105,193.7,"[176.8, 212.1]",Grays Harbor
All,Invasive,Grays Harbor,2016-2020,All,Female,All,36373,96,162.8,"[147.9, 179.2]",Grays Harbor
All,Invasive,Grays Harbor,2016-2020,All,All,All,74552,201,176.7,"[165.6, 188.6]",Grays Harbor
All,Invasive,Island,2016-2020,All,Male,All,42072,101,156.1,"[142.2, 171.5]",Island
All,Invasive,Island,2016-2020,All,Female,All,42860,97,133.1,"[120.7, 146.9]",Island
All,Invasive,Island,2016-2020,All,All,All,84932,198,143.5,"[134.3, 153.5]",Island
All,Invasive,Jefferson,2016-2020,All,Male,All,15920,55,147.4,"[129.2, 170.3]",Jefferson
All,Invasive,Jefferson,2016-2020,All,Female,All,16416,50,133.1,"[114.4, 157.2]",Jefferson
All,Invasive,Jefferson,2016-2020,All,All,All,32336,105,139.3,"[126.2, 154.7]",Jefferson
All,Invasive,King,2016-2020,All,Male,All,1096115,1510,151.4,"[147.9, 155.0]",King
All,Invasive,King,2016-2020,All,Female,All,1094637,1417,113.1,"[110.5, 115.8]",King
All,Invasive,King,2016-2020,All,All,All,2190752,2927,129.2,"[127.1, 131.3]",King
All,Invasive,Kitsap,2016-2020,All,Male,All,136205,263,166.3,"[157.1, 175.9]",Kitsap
All,Invasive,Kitsap,2016-2020,All,Female,All,132989,227,120.8,"[113.7, 128.3]",Kitsap
All,Invasive,Kitsap,2016-2020,All,All,All,269194,490,140.4,"[134.8, 146.3]",Kitsap
All,Invasive,Kittitas,2016-2020,All,Male,All,22480,43,168.8,"[146.1, 194.8]",Kittitas
All,Invasive,Kittitas,2016-2020,All,Female,All,22165,35,122.6,"[104.8, 143.5]",Kittitas
All,Invasive,Kittitas,2016-2020,All,All,All,44645,78,143.5,"[129.3, 159.3]",Kittitas
All,Invasive,Klickitat,2016-2020,All,Male,All,11295,33,182.8,"[154.1, 217.4]",Klickitat
All,Invasive,Klickitat,2016-2020,All,Female,All,10818,26,153.4,"[126.8, 186.5]",Klickitat
All,Invasive,Klickitat,2016-2020,All,All,All,22113,59,166,"[146.6, 188.3]",Klickitat
All,Invasive,Lewis,2016-2020,All,Male,All,40168,113,203.1,"[186.2, 221.5]",Lewis
All,Invasive,Lewis,2016-2020,All,Female,All,40148,96,149.4,"[136.1, 164.2]",Lewis
All,Invasive,Lewis,2016-2020,All,All,All,80317,210,174,"[163.3, 185.3]",Lewis
All,Invasive,Lincoln,2016-2020,All,Male,All,5414,15,159.9,"[124.1, 208.8]",Lincoln
All,Invasive,Lincoln,2016-2020,All,Female,All,5351,12,133.4,"[98.9, 182.5]",Lincoln
All,Invasive,Lincoln,2016-2020,All,All,All,10765,27,145.6,"[120.5, 177.3]",Lincoln
All,Invasive,Mason,2016-2020,All,Male,All,33239,100,203.9,"[185.6, 223.9]",Mason
All,Invasive,Mason,2016-2020,All,Female,All,31257,72,136.7,"[122.3, 152.9]",Mason
All,Invasive,Mason,2016-2020,All,All,All,64496,172,168.7,"[157.1, 181.1]",Mason
All,Invasive,Okanogan,2016-2020,All,Male,All,21467,60,186.2,"[164.8, 210.5]",Okanogan
All,Invasive,Okanogan,2016-2020,All,Female,All,20466,51,153.8,"[134.6, 176.2]",Okanogan
All,Invasive,Okanogan,2016-2020,All,All,All,41932,111,168.7,"[154.4, 184.4]",Okanogan
All,Invasive,Pacific,2016-2020,All,Male,All,11357,45,202.9,"[176.0, 235.3]",Pacific
All,Invasive,Pacific,2016-2020,All,Female,All,11398,33,142.6,"[119.7, 172.7]",Pacific
All,Invasive,Pacific,2016-2020,All,All,All,22755,77,170.4,"[152.8, 190.8]",Pacific
All,Invasive,Pend Oreille,2016-2020,All,Male,All,6738,23,200,"[161.3, 249.5]",Pend Oreille
All,Invasive,Pend Oreille,2016-2020,All,Female,All,6542,15,125.8,"[98.0, 165.2]",Pend Oreille
All,Invasive,Pend Oreille,2016-2020,All,All,All,13280,38,160.2,"[136.5, 189.1]",Pend Oreille
All,Invasive,Pierce,2016-2020,All,Male,All,442332,774,181.9,"[176.0, 188.0]",Pierce
All,Invasive,Pierce,2016-2020,All,Female,All,449353,697,131.2,"[126.8, 135.7]",Pierce
All,Invasive,Pierce,2016-2020,All,All,All,891685,1472,152.4,"[148.9, 156.0]",Pierce
All,Invasive,San Juan,2016-2020,All,Male,All,8396,22,124.8,"[100.4, 159.8]",San Juan
All,Invasive,San Juan,2016-2020,All,Female,All,8842,21,122.1,"[97.6, 156.8]",San Juan
All,Invasive,San Juan,2016-2020,All,All,All,17238,43,123.8,"[106.2, 146.3]",San Juan
All,Invasive,Skagit,2016-2020,All,Male,All,62062,163,184,"[171.3, 197.7]",Skagit
All,Invasive,Skagit,2016-2020,All,Female,All,63868,133,130.4,"[120.2, 141.4]",Skagit
All,Invasive,Skagit,2016-2020,All,All,All,125929,296,154.4,"[146.4, 162.8]",Skagit
All,Invasive,Skamania,2016-2020,All,Male,All,5817,14,175.5,"[134.7, 229.7]",Skamania
All,Invasive,Skamania,2016-2020,All,Female,All,5607,9,110.3,"[78.7, 156.5]",Skamania
All,Invasive,Skamania,2016-2020,All,All,All,11424,23,143.5,"[117.1, 176.6]",Skamania
All,Invasive,Snohomish,2016-2020,All,Male,All,399947,665,176.1,"[169.9, 182.5]",Snohomish
All,Invasive,Snohomish,2016-2020,All,Female,All,400972,624,132.2,"[127.6, 137.1]",Snohomish
All,Invasive,Snohomish,2016-2020,All,All,All,800919,1288,150.5,"[146.7, 154.3]",Snohomish
All,Invasive,Spokane,2016-2020,All,Male,All,258269,509,176.1,"[169.2, 183.3]",Spokane
All,Invasive,Spokane,2016-2020,All,Female,All,263176,485,137.2,"[131.7, 142.9]",Spokane
All,Invasive,Spokane,2016-2020,All,All,All,521445,994,153.8,"[149.5, 158.3]",Spokane
All,Invasive,Stevens,2016-2020,All,Male,All,22895,64,177.4,"[157.5, 200.2]",Stevens
All,Invasive,Stevens,2016-2020,All,Female,All,22748,46,126.3,"[109.7, 145.9]",Stevens
All,Invasive,Stevens,2016-2020,All,All,All,45643,111,149.9,"[137.1, 164.1]",Stevens
All,Invasive,Thurston,2016-2020,All,Male,All,139164,267,167.8,"[158.7, 177.4]",Thurston
All,Invasive,Thurston,2016-2020,All,Female,All,146165,260,130.1,"[122.9, 137.6]",Thurston
All,Invasive,Thurston,2016-2020,All,All,All,285329,526,145.9,"[140.3, 151.8]",Thurston
All,Invasive,Wahkiakum,2016-2020,All,Male,All,2139,8,188.2,"[131.5, 292.8]",Wahkiakum
All,Invasive,Wahkiakum,2016-2020,All,Female,All,2160,4,98.5,"[59.1, 180.2]",Wahkiakum
All,Invasive,Wahkiakum,2016-2020,All,All,All,4299,12,141.9,"[106.9, 197.1]",Wahkiakum
All,Invasive,Walla Walla,2016-2020,All,Male,All,31463,64,163.1,"[145.4, 182.7]",Walla Walla
All,Invasive,Walla Walla,2016-2020,All,Female,All,30305,55,118.8,"[104.3, 135.3]",Walla Walla
All,Invasive,Walla Walla,2016-2020,All,All,All,61767,119,137.5,"[126.3, 149.7]",Walla Walla
All,Invasive,Whatcom,2016-2020,All,Male,All,108211,224,178.4,"[167.9, 189.6]",Whatcom
All,Invasive,Whatcom,2016-2020,All,Female,All,111712,187,124.3,"[116.2, 132.9]",Whatcom
All,Invasive,Whatcom,2016-2020,All,All,All,219923,411,147.7,"[141.2, 154.4]",Whatcom
All,Invasive,Whitman,2016-2020,All,Male,All,23667,26,138.1,"[115.2, 164.9]",Whitman
All,Invasive,Whitman,2016-2020,All,Female,All,23662,24,106.7,"[88.1, 129.1]",Whitman
All,Invasive,Whitman,2016-2020,All,All,All,47329,50,120,"[105.4, 136.4]",Whitman
All,Invasive,Yakima,2016-2020,All,Male,All,126641,223,179.3,"[168.7, 190.4]",Yakima
All,Invasive,Yakima,2016-2020,All,Female,All,127169,202,137.8,"[129.3, 146.8]",Yakima
All,Invasive,Yakima,2016-2020,All,All,All,253810,425,155.6,"[149.0, 162.5]",Yakima
"Anus, Anal Canal and Anorectum",All,Adams,2016-2020,All,Male,All,10282,NR,NR,NR,Adams
"Anus, Anal Canal and Anorectum",All,Adams,2016-2020,All,Female,All,9889,NR,NR,NR,Adams
"Anus, Anal Canal and Anorectum",All,Adams,2016-2020,All,All,All,20172,NR,NR,NR,Adams
"Anus, Anal Canal and Anorectum",All,Asotin,2016-2020,All,Male,All,10756,NR,NR,NR,Asotin
"Anus, Anal Canal and Anorectum",All,Asotin,2016-2020,All,Female,All,11370,NR,NR,NR,Asotin
"Anus, Anal Canal and Anorectum",All,Asotin,2016-2020,All,All,All,22126,NR,NR,NR,Asotin
"Anus, Anal Canal and Anorectum",All,Benton,2016-2020,All,Male,All,98978,NR,NR,NR,Benton
"Anus, Anal Canal and Anorectum",All,Benton,2016-2020,All,Female,All,99958,NR,NR,NR,Benton
"Anus, Anal Canal and Anorectum",All,Benton,2016-2020,All,All,All,198936,NR,NR,NR,Benton
"Anus, Anal Canal and Anorectum",All,Chelan,2016-2020,All,Male,All,38595,NR,NR,NR,Chelan
"Anus, Anal Canal and Anorectum",All,Chelan,2016-2020,All,Female,All,38682,NR,NR,NR,Chelan
"Anus, Anal Canal and Anorectum",All,Chelan,2016-2020,All,All,All,77278,NR,NR,NR,Chelan
"Anus, Anal Canal and Anorectum",All,Clallam,2016-2020,All,Male,All,37283,NR,NR,NR,Clallam
"Anus, Anal Canal and Anorectum",All,Clallam,2016-2020,All,Female,All,38345,NR,NR,NR,Clallam
"Anus, Anal Canal and Anorectum",All,Clallam,2016-2020,All,All,All,75628,NR,NR,NR,Clallam
"Anus, Anal Canal and Anorectum",All,Clark,2016-2020,All,Male,All,237977,NR,NR,NR,Clark
"Anus, Anal Canal and Anorectum",All,Clark,2016-2020,All,Female,All,243884,2,0.7,"[0.4, 1.4]",Clark
"Anus, Anal Canal and Anorectum",All,Clark,2016-2020,All,All,All,481861,3,0.5,"[0.3, 0.9]",Clark
"Anus, Anal Canal and Anorectum",All,Columbia,2016-2020,All,Male,All,1973,NR,NR,NR,Columbia
"Anus, Anal Canal and Anorectum",All,Columbia,2016-2020,All,Female,All,1998,NR,NR,NR,Columbia
"Anus, Anal Canal and Anorectum",All,Columbia,2016-2020,All,All,All,3971,NR,NR,NR,Columbia
"Anus, Anal Canal and Anorectum",All,Cowlitz,2016-2020,All,Male,All,53421,NR,NR,NR,Cowlitz
"Anus, Anal Canal and Anorectum",All,Cowlitz,2016-2020,All,Female,All,54522,NR,NR,NR,Cowlitz
"Anus, Anal Canal and Anorectum",All,Cowlitz,2016-2020,All,All,All,107943,NR,NR,NR,Cowlitz
"Anus, Anal Canal and Anorectum",All,Douglas,2016-2020,All,Male,All,20946,NR,NR,NR,Douglas
"Anus, Anal Canal and Anorectum",All,Douglas,2016-2020,All,Female,All,20701,NR,NR,NR,Douglas
"Anus, Anal Canal and Anorectum",All,Douglas,2016-2020,All,All,All,41647,NR,NR,NR,Douglas
"Anus, Anal Canal and Anorectum",All,Ferry,2016-2020,All,Male,All,3694,NR,NR,NR,Ferry
"Anus, Anal Canal and Anorectum",All,Ferry,2016-2020,All,Female,All,3550,NR,NR,NR,Ferry
"Anus, Anal Canal and Anorectum",All,Ferry,2016-2020,All,All,All,7245,NR,NR,NR,Ferry
"Anus, Anal Canal and Anorectum",All,Franklin,2016-2020,All,Male,All,47829,NR,NR,NR,Franklin
"Anus, Anal Canal and Anorectum",All,Franklin,2016-2020,All,Female,All,44703,NR,NR,NR,Franklin
"Anus, Anal Canal and Anorectum",All,Franklin,2016-2020,All,All,All,92532,NR,NR,NR,Franklin
"Anus, Anal Canal and Anorectum",All,Garfield,2016-2020,All,Male,All,1149,NR,NR,NR,Garfield
"Anus, Anal Canal and Anorectum",All,Garfield,2016-2020,All,Female,All,1124,NR,NR,NR,Garfield
"Anus, Anal Canal and Anorectum",All,Garfield,2016-2020,All,All,All,2272,NR,NR,NR,Garfield
"Anus, Anal Canal and Anorectum",All,Grant,2016-2020,All,Male,All,49209,NR,NR,NR,Grant
"Anus, Anal Canal and Anorectum",All,Grant,2016-2020,All,Female,All,46950,NR,NR,NR,Grant
"Anus, Anal Canal and Anorectum",All,Grant,2016-2020,All,All,All,96159,NR,NR,NR,Grant
"Anus, Anal Canal and Anorectum",All,Grays Harbor,2016-2020,All,Male,All,38179,NR,NR,NR,Grays Harbor
"Anus, Anal Canal and Anorectum",All,Grays Harbor,2016-2020,All,Female,All,36373,NR,NR,NR,Grays Harbor
"Anus, Anal Canal and Anorectum",All,Grays Harbor,2016-2020,All,All,All,74552,NR,NR,NR,Grays Harbor
"Anus, Anal Canal and Anorectum",All,Island,2016-2020,All,Male,All,42072,NR,NR,NR,Island
"Anus, Anal Canal and Anorectum",All,Island,2016-2020,All,Female,All,42860,NR,NR,NR,Island
"Anus, Anal Canal and Anorectum",All,Island,2016-2020,All,All,All,84932,NR,NR,NR,Island
"Anus, Anal Canal and Anorectum",All,Jefferson,2016-2020,All,Male,All,15920,NR,NR,NR,Jefferson
"Anus, Anal Canal and Anorectum",All,Jefferson,2016-2020,All,Female,All,16416,NR,NR,NR,Jefferson
"Anus, Anal Canal and Anorectum",All,Jefferson,2016-2020,All,All,All,32336,NR,NR,NR,Jefferson
"Anus, Anal Canal and Anorectum",All,King,2016-2020,All,Male,All,1096115,NR,NR,NR,King
"Anus, Anal Canal and Anorectum",All,King,2016-2020,All,Female,All,1094637,4,0.3,"[0.2, 0.5]",King
"Anus, Anal Canal and Anorectum",All,King,2016-2020,All,All,All,2190752,6,0.2,"[0.2, 0.4]",King
"Anus, Anal Canal and Anorectum",All,Kitsap,2016-2020,All,Male,All,136205,NR,NR,NR,Kitsap
"Anus, Anal Canal and Anorectum",All,Kitsap,2016-2020,All,Female,All,132989,NR,NR,NR,Kitsap
"Anus, Anal Canal and Anorectum",All,Kitsap,2016-2020,All,All,All,269194,NR,NR,NR,Kitsap
"Anus, Anal Canal and Anorectum",All,Kittitas,2016-2020,All,Male,All,22480,NR,NR,NR,Kittitas
"Anus, Anal Canal and Anorectum",All,Kittitas,2016-2020,All,Female,All,22165,NR,NR,NR,Kittitas
"Anus, Anal Canal and Anorectum",All,Kittitas,2016-2020,All,All,All,44645,NR,NR,NR,Kittitas
"Anus, Anal Canal and Anorectum",All,Klickitat,2016-2020,All,Male,All,11295,NR,NR,NR,Klickitat
"Anus, Anal Canal and Anorectum",All,Klickitat,2016-2020,All,Female,All,10818,NR,NR,NR,Klickitat
"Anus, Anal Canal and Anorectum",All,Klickitat,2016-2020,All,All,All,22113,NR,NR,NR,Klickitat
"Anus, Anal Canal and Anorectum",All,Lewis,2016-2020,All,Male,All,40168,NR,NR,NR,Lewis
"Anus, Anal Canal and Anorectum",All,Lewis,2016-2020,All,Female,All,40148,NR,NR,NR,Lewis
"Anus, Anal Canal and Anorectum",All,Lewis,2016-2020,All,All,All,80317,NR,NR,NR,Lewis
"Anus, Anal Canal and Anorectum",All,Lincoln,2016-2020,All,Male,All,5414,NR,NR,NR,Lincoln
"Anus, Anal Canal and Anorectum",All,Lincoln,2016-2020,All,Female,All,5351,NR,NR,NR,Lincoln
"Anus, Anal Canal and Anorectum",All,Lincoln,2016-2020,All,All,All,10765,NR,NR,NR,Lincoln
"Anus, Anal Canal and Anorectum",All,Mason,2016-2020,All,Male,All,33239,NR,NR,NR,Mason
"Anus, Anal Canal and Anorectum",All,Mason,2016-2020,All,Female,All,31257,NR,NR,NR,Mason
"Anus, Anal Canal and Anorectum",All,Mason,2016-2020,All,All,All,64496,NR,NR,NR,Mason
"Anus, Anal Canal and Anorectum",All,Okanogan,2016-2020,All,Male,All,21467,NR,NR,NR,Okanogan
"Anus, Anal Canal and Anorectum",All,Okanogan,2016-2020,All,Female,All,20466,NR,NR,NR,Okanogan
"Anus, Anal Canal and Anorectum",All,Okanogan,2016-2020,All,All,All,41932,NR,NR,NR,Okanogan
"Anus, Anal Canal and Anorectum",All,Pacific,2016-2020,All,Male,All,11357,NR,NR,NR,Pacific
"Anus, Anal Canal and Anorectum",All,Pacific,2016-2020,All,Female,All,11398,NR,NR,NR,Pacific
"Anus, Anal Canal and Anorectum",All,Pacific,2016-2020,All,All,All,22755,NR,NR,NR,Pacific
"Anus, Anal Canal and Anorectum",All,Pend Oreille,2016-2020,All,Male,All,6738,NR,NR,NR,Pend Oreille
"Anus, Anal Canal and Anorectum",All,Pend Oreille,2016-2020,All,Female,All,6542,NR,NR,NR,Pend Oreille
"Anus, Anal Canal and Anorectum",All,Pend Oreille,2016-2020,All,All,All,13280,NR,NR,NR,Pend Oreille
"Anus, Anal Canal and Anorectum",All,Pierce,2016-2020,All,Male,All,442332,NR,NR,NR,Pierce
"Anus, Anal Canal and Anorectum",All,Pierce,2016-2020,All,Female,All,449353,2,0.4,"[0.2, 0.8]",Pierce
"Anus, Anal Canal and Anorectum",All,Pierce,2016-2020,All,All,All,891685,3,0.3,"[0.2, 0.5]",Pierce
"Anus, Anal Canal and Anorectum",All,San Juan,2016-2020,All,Male,All,8396,NR,NR,NR,San Juan
"Anus, Anal Canal and Anorectum",All,San Juan,2016-2020,All,Female,All,8842,NR,NR,NR,San Juan
"Anus, Anal Canal and Anorectum",All,San Juan,2016-2020,All,All,All,17238,NR,NR,NR,San Juan
"Anus, Anal Canal and Anorectum",All,Skagit,2016-2020,All,Male,All,62062,NR,NR,NR,Skagit
"Anus, Anal Canal and Anorectum",All,Skagit,2016-2020,All,Female,All,63868,NR,NR,NR,Skagit
"Anus, Anal Canal and Anorectum",All,Skagit,2016-2020,All,All,All,125929,NR,NR,NR,Skagit
"Anus, Anal Canal and Anorectum",All,Skamania,2016-2020,All,Male,All,5817,NR,NR,NR,Skamania
"Anus, Anal Canal and Anorectum",All,Skamania,2016-2020,All,Female,All,5607,NR,NR,NR,Skamania
"Anus, Anal Canal and Anorectum",All,Skamania,2016-2020,All,All,All,11424,NR,NR,NR,Skamania
"Anus, Anal Canal and Anorectum",All,Snohomish,2016-2020,All,Male,All,399947,NR,NR,NR,Snohomish
"Anus, Anal Canal and Anorectum",All,Snohomish,2016-2020,All,Female,All,400972,2,0.4,"[0.2, 0.8]",Snohomish
"Anus, Anal Canal and Anorectum",All,Snohomish,2016-2020,All,All,All,800919,3,0.3,"[0.2, 0.5]",Snohomish
"Anus, Anal Canal and Anorectum",All,Spokane,2016-2020,All,Male,All,258269,NR,NR,NR,Spokane
"Anus, Anal Canal and Anorectum",All,Spokane,2016-2020,All,Female,All,263176,NR,NR,NR,Spokane
"Anus, Anal Canal and Anorectum",All,Spokane,2016-2020,All,All,All,521445,3,0.4,"[0.2, 0.7]",Spokane
"Anus, Anal Canal and Anorectum",All,Stevens,2016-2020,All,Male,All,22895,NR,NR,NR,Stevens
"Anus, Anal Canal and Anorectum",All,Stevens,2016-2020,All,Female,All,22748,NR,NR,NR,Stevens
"Anus, Anal Canal and Anorectum",All,Stevens,2016-2020,All,All,All,45643,NR,NR,NR,Stevens
"Anus, Anal Canal and Anorectum",All,Thurston,2016-2020,All,Male,All,139164,NR,NR,NR,Thurston
"Anus, Anal Canal and Anorectum",All,Thurston,2016-2020,All,Female,All,146165,NR,NR,NR,Thurston
"Anus, Anal Canal and Anorectum",All,Thurston,2016-2020,All,All,All,285329,NR,NR,NR,Thurston
"Anus, Anal Canal and Anorectum",All,Wahkiakum,2016-2020,All,Male,All,2139,NR,NR,NR,Wahkiakum
"Anus, Anal Canal and Anorectum",All,Wahkiakum,2016-2020,All,Female,All,2160,NR,NR,NR,Wahkiakum
"Anus, Anal Canal and Anorectum",All,Wahkiakum,2016-2020,All,All,All,4299,NR,NR,NR,Wahkiakum
"Anus, Anal Canal and Anorectum",All,Walla Walla,2016-2020,All,Male,All,31463,NR,NR,NR,Walla Walla
"Anus, Anal Canal and Anorectum",All,Walla Walla,2016-2020,All,Female,All,30305,NR,NR,NR,Walla Walla
"Anus, Anal Canal and Anorectum",All,Walla Walla,2016-2020,All,All,All,61767,NR,NR,NR,Walla Walla
"Anus, Anal Canal and Anorectum",All,Whatcom,2016-2020,All,Male,All,108211,NR,NR,NR,Whatcom
"Anus, Anal Canal and Anorectum",All,Whatcom,2016-2020,All,Female,All,111712,NR,NR,NR,Whatcom
"Anus, Anal Canal and Anorectum",All,Whatcom,2016-2020,All,All,All,219923,NR,NR,NR,Whatcom
"Anus, Anal Canal and Anorectum",All,Whitman,2016-2020,All,Male,All,23667,NR,NR,NR,Whitman
"Anus, Anal Canal and Anorectum",All,Whitman,2016-2020,All,Female,All,23662,NR,NR,NR,Whitman
"Anus, Anal Canal and Anorectum",All,Whitman,2016-2020,All,All,All,47329,NR,NR,NR,Whitman
"Anus, Anal Canal and Anorectum",All,Yakima,2016-2020,All,Male,All,126641,NR,NR,NR,Yakima
"Anus, Anal Canal and Anorectum",All,Yakima,2016-2020,All,Female,All,127169,NR,NR,NR,Yakima
"Anus, Anal Canal and Anorectum",All,Yakima,2016-2020,All,All,All,253810,NR,NR,NR,Yakima
Bladder,All,Adams,2016-2020,All,All,All,20172,NR,NR,NR,Adams
Bladder,All,Asotin,2016-2020,All,All,All,22126,NR,NR,NR,Asotin
Bladder,All,Benton,2016-2020,All,All,All,198936,9,4.2,"[3.1, 5.7]",Benton
Bladder,All,Chelan,2016-2020,All,All,All,77278,5,4.2,"[2.6, 6.6]",Chelan
Bladder,All,Clallam,2016-2020,All,All,All,75628,6,3.6,"[2.4, 5.7]",Clallam
Bladder,All,Clark,2016-2020,All,All,All,481861,27,5.0,"[4.2, 6.0]",Clark
Bladder,All,Columbia,2016-2020,All,All,All,3971,NR,NR,NR,Columbia
Bladder,All,Cowlitz,2016-2020,All,All,All,107943,9,6.0,"[4.3, 8.2]",Cowlitz
Bladder,All,Douglas,2016-2020,All,All,All,41647,NR,NR,NR,Douglas
Bladder,All,Ferry,2016-2020,All,All,All,7245,NR,NR,NR,Ferry
Bladder,All,Franklin,2016-2020,All,All,All,92532,3,4.2,"[2.2, 7.3]",Franklin
Bladder,All,Garfield,2016-2020,All,All,All,2272,NR,NR,NR,Garfield
Bladder,All,Grant,2016-2020,All,All,All,96159,4,3.9,"[2.3, 6.2]",Grant
Bladder,All,Grays Harbor,2016-2020,All,All,All,74552,6,5.4,"[3.6, 8.1]",Grays Harbor
Bladder,All,Island,2016-2020,All,All,All,84932,5,4.0,"[2.6, 6.3]",Island
Bladder,All,Jefferson,2016-2020,All,All,All,32336,2,2.8,"[1.4, 8.1]",Jefferson
Bladder,All,King,2016-2020,All,All,All,2190752,88,4.0,"[3.6, 4.4]",King
Bladder,All,Kitsap,2016-2020,All,All,All,269194,11,3.3,"[2.5, 4.4]",Kitsap
Bladder,All,Kittitas,2016-2020,All,All,All,44645,3,6.2,"[3.4, 10.9]",Kittitas
Bladder,All,Klickitat,2016-2020,All,All,All,22113,NR,NR,NR,Klickitat
Bladder,All,Lewis,2016-2020,All,All,All,80317,6,5.0,"[3.4, 7.5]",Lewis
Bladder,All,Lincoln,2016-2020,All,All,All,10765,NR,NR,NR,Lincoln
Bladder,All,Mason,2016-2020,All,All,All,64496,4,4.3,"[2.6, 7.0]",Mason
Bladder,All,Okanogan,2016-2020,All,All,All,41932,3,5.2,"[3.0, 9.2]",Okanogan
Bladder,All,Pacific,2016-2020,All,All,All,22755,2,4.9,"[2.5, 11.4]",Pacific
Bladder,All,Pend Oreille,2016-2020,All,All,All,13280,NR,NR,NR,Pend Oreille
Bladder,All,Pierce,2016-2020,All,All,All,891685,45,4.9,"[4.3, 5.6]",Pierce
Bladder,All,San Juan,2016-2020,All,All,All,17238,2,8.1,"[3.5, 19.8]",San Juan
Bladder,All,Skagit,2016-2020,All,All,All,125929,8,4.0,"[2.9, 5.7]",Skagit
Bladder,All,Skamania,2016-2020,All,All,All,11424,NR,NR,NR,Skamania
Bladder,All,Snohomish,2016-2020,All,All,All,800919,36,4.4,"[3.8, 5.1]",Snohomish
Bladder,All,Spokane,2016-2020,All,All,All,521445,27,4.3,"[3.6, 5.1]",Spokane
Bladder,All,Stevens,2016-2020,All,All,All,45643,3,3.9,"[2.1, 7.6]",Stevens
Bladder,All,Thurston,2016-2020,All,All,All,285329,16,4.5,"[3.6, 5.7]",Thurston
Bladder,All,Wahkiakum,2016-2020,All,All,All,4299,NR,NR,NR,Wahkiakum
Bladder,All,Walla Walla,2016-2020,All,All,All,61767,4,4.6,"[2.7, 7.6]",Walla Walla
Bladder,All,Whatcom,2016-2020,All,All,All,219923,14,5.1,"[4.0, 6.5]",Whatcom
Bladder,All,Whitman,2016-2020,All,All,All,47329,2,4.6,"[2.2, 9.3]",Whitman
Bladder,All,Yakima,2016-2020,All,All,All,253810,13,5.0,"[3.9, 6.4]",Yakima
Brain and Other Nervous System,All,Adams,2016-2020,All,Male,All,10282,NR,NR,NR,Adams
Brain and Other Nervous System,All,Adams,2016-2020,All,Female,All,9889,NR,NR,NR,Adams
Brain and Other Nervous System,All,Adams,2016-2020,All,All,All,20172,NR,NR,NR,Adams
Brain and Other Nervous System,All,Asotin,2016-2020,All,Male,All,10756,NR,NR,NR,Asotin
Brain and Other Nervous System,All,Asotin,2016-2020,All,Female,All,11370,NR,NR,NR,Asotin
Brain and Other Nervous System,All,Asotin,2016-2020,All,All,All,22126,NR,NR,NR,Asotin
Brain and Other Nervous System,All,Benton,2016-2020,All,Male,All,98978,6,5.0,"[3.4, 7.4]",Benton
Brain and Other Nervous System,All,Benton,2016-2020,All,Female,All,99958,3,3.0,"[1.7, 5.0]",Benton
Brain and Other Nervous System,All,Benton,2016-2020,All,All,All,198936,9,4.0,"[2.9, 5.4]",Benton
Brain and Other Nervous System,All,Chelan,2016-2020,All,Male,All,38595,3,5.8,"[3.0, 10.5]",Chelan
Brain and Other Nervous System,All,Chelan,2016-2020,All,Female,All,38682,NR,NR,NR,Chelan
Brain and Other Nervous System,All,Chelan,2016-2020,All,All,All,77278,4,4.9,"[3.0, 7.7]",Chelan
Brain and Other Nervous System,All,Clallam,2016-2020,All,Male,All,37283,5,8.0,"[4.9, 13.2]",Clallam
Brain and Other Nervous System,All,Clallam,2016-2020,All,Female,All,38345,2,2.7,"[1.4, 6.3]",Clallam
Brain and Other Nervous System,All,Clallam,2016-2020,All,All,All,75628,7,5.2,"[3.5, 7.9]",Clallam
Brain and Other Nervous System,All,Clark,2016-2020,All,Male,All,237977,19,7.6,"[6.1, 9.4]",Clark
Brain and Other Nervous System,All,Clark,2016-2020,All,Female,All,243884,10,3.5,"[2.6, 4.7]",Clark
Brain and Other Nervous System,All,Clark,2016-2020,All,All,All,481861,29,5.4,"[4.5, 6.4]",Clark
Brain and Other Nervous System,All,Columbia,2016-2020,All,Male,All,1973,NR,NR,NR,Columbia
Brain and Other Nervous System,All,Columbia,2016-2020,All,Female,All,1998,NR,NR,NR,Columbia
Brain and Other Nervous System,All,Columbia,2016-2020,All,All,All,3971,NR,NR,NR,Columbia
Brain and Other Nervous System,All,Cowlitz,2016-2020,All,Male,All,53421,5,6.9,"[4.3, 10.8]",Cowlitz
Brain and Other Nervous System,All,Cowlitz,2016-2020,All,Female,All,54522,4,4.5,"[2.6, 7.6]",Cowlitz
Brain and Other Nervous System,All,Cowlitz,2016-2020,All,All,All,107943,8,5.7,"[4.0, 8.0]",Cowlitz
Brain and Other Nervous System,All,Douglas,2016-2020,All,Male,All,20946,NR,NR,NR,Douglas
Brain and Other Nervous System,All,Douglas,2016-2020,All,Female,All,20701,NR,NR,NR,Douglas
Brain and Other Nervous System,All,Douglas,2016-2020,All,All,All,41647,2,4.3,"[2.1, 8.3]",Douglas
Brain and Other Nervous System,All,Ferry,2016-2020,All,Male,All,3694,NR,NR,NR,Ferry
Brain and Other Nervous System,All,Ferry,2016-2020,All,Female,All,3550,NR,NR,NR,Ferry
Brain and Other Nervous System,All,Ferry,2016-2020,All,All,All,7245,NR,NR,NR,Ferry
Brain and Other Nervous System,All,Franklin,2016-2020,All,Male,All,47829,NR,NR,NR,Franklin
Brain and Other Nervous System,All,Franklin,2016-2020,All,Female,All,44703,NR,NR,NR,Franklin
Brain and Other Nervous System,All,Franklin,2016-2020,All,All,All,92532,NR,NR,NR,Franklin
Brain and Other Nervous System,All,Garfield,2016-2020,All,Male,All,1149,NR,NR,NR,Garfield
Brain and Other Nervous System,All,Garfield,2016-2020,All,Female,All,1124,NR,NR,NR,Garfield
Brain and Other Nervous System,All,Garfield,2016-2020,All,All,All,2272,NR,NR,NR,Garfield
Brain and Other Nervous System,All,Grant,2016-2020,All,Male,All,49209,2,4.5,"[2.2, 8.4]",Grant
Brain and Other Nervous System,All,Grant,2016-2020,All,Female,All,46950,NR,NR,NR,Grant
Brain and Other Nervous System,All,Grant,2016-2020,All,All,All,96159,4,3.9,"[2.3, 6.2]",Grant
Brain and Other Nervous System,All,Grays Harbor,2016-2020,All,Male,All,38179,3,5.3,"[2.8, 9.7]",Grays Harbor
Brain and Other Nervous System,All,Grays Harbor,2016-2020,All,Female,All,36373,2,5.1,"[2.5, 9.8]",Grays Harbor
Brain and Other Nervous System,All,Grays Harbor,2016-2020,All,All,All,74552,5,5.3,"[3.4, 8.1]",Grays Harbor
Brain and Other Nervous System,All,Island,2016-2020,All,Male,All,42072,4,7.6,"[4.4, 12.8]",Island
Brain and Other Nervous System,All,Island,2016-2020,All,Female,All,42860,4,6.7,"[3.8, 11.6]",Island
Brain and Other Nervous System,All,Island,2016-2020,All,All,All,84932,8,7.1,"[4.9, 10.3]",Island
Brain and Other Nervous System,All,Jefferson,2016-2020,All,Male,All,15920,NR,NR,NR,Jefferson
Brain and Other Nervous System,All,Jefferson,2016-2020,All,Female,All,16416,NR,NR,NR,Jefferson
Brain and Other Nervous System,All,Jefferson,2016-2020,All,All,All,32336,3,4.4,"[2.0, 10.6]",Jefferson
Brain and Other Nervous System,All,King,2016-2020,All,Male,All,1096115,67,5.9,"[5.3, 6.6]",King
Brain and Other Nervous System,All,King,2016-2020,All,Female,All,1094637,47,3.8,"[3.3, 4.4]",King
Brain and Other Nervous System,All,King,2016-2020,All,All,All,2190752,113,4.8,"[4.4, 5.2]",King
Brain and Other Nervous System,All,Kitsap,2016-2020,All,Male,All,136205,8,5.1,"[3.6, 7.1]",Kitsap
Brain and Other Nervous System,All,Kitsap,2016-2020,All,Female,All,132989,8,4.5,"[3.2, 6.3]",Kitsap
Brain and Other Nervous System,All,Kitsap,2016-2020,All,All,All,269194,16,4.8,"[3.8, 6.1]",Kitsap
Brain and Other Nervous System,All,Kittitas,2016-2020,All,Male,All,22480,2,6.6,"[3.1, 13.9]",Kittitas
Brain and Other Nervous System,All,Kittitas,2016-2020,All,Female,All,22165,NR,NR,NR,Kittitas
Brain and Other Nervous System,All,Kittitas,2016-2020,All,All,All,44645,4,6.0,"[3.5, 10.3]",Kittitas
Brain and Other Nervous System,All,Klickitat,2016-2020,All,Male,All,11295,NR,NR,NR,Klickitat
Brain and Other Nervous System,All,Klickitat,2016-2020,All,Female,All,10818,NR,NR,NR,Klickitat
Brain and Other Nervous System,All,Klickitat,2016-2020,All,All,All,22113,NR,NR,NR,Klickitat
Brain and Other Nervous System,All,Lewis,2016-2020,All,Male,All,40168,3,5.3,"[2.7, 9.7]",Lewis
Brain and Other Nervous System,All,Lewis,2016-2020,All,Female,All,40148,NR,NR,NR,Lewis
Brain and Other Nervous System,All,Lewis,2016-2020,All,All,All,80317,4,4.0,"[2.4, 6.5]",Lewis
Brain and Other Nervous System,All,Lincoln,2016-2020,All,Male,All,5414,NR,NR,NR,Lincoln
Brain and Other Nervous System,All,Lincoln,2016-2020,All,Female,All,5351,NR,NR,NR,Lincoln
Brain and Other Nervous System,All,Lincoln,2016-2020,All,All,All,10765,NR,NR,NR,Lincoln
Brain and Other Nervous System,All,Mason,2016-2020,All,Male,All,33239,3,6.0,"[3.1, 11.2]",Mason
Brain and Other Nervous System,All,Mason,2016-2020,All,Female,All,31257,2,4.9,"[2.3, 10.0]",Mason
Brain and Other Nervous System,All,Mason,2016-2020,All,All,All,64496,5,5.5,"[3.4, 8.6]",Mason
Brain and Other Nervous System,All,Okanogan,2016-2020,All,Male,All,21467,NR,NR,NR,Okanogan
Brain and Other Nervous System,All,Okanogan,2016-2020,All,Female,All,20466,NR,NR,NR,Okanogan
Brain and Other Nervous System,All,Okanogan,2016-2020,All,All,All,41932,3,4.7,"[2.5, 8.7]",Okanogan
Brain and Other Nervous System,All,Pacific,2016-2020,All,Male,All,11357,NR,NR,NR,Pacific
Brain and Other Nervous System,All,Pacific,2016-2020,All,Female,All,11398,NR,NR,NR,Pacific
Brain and Other Nervous System,All,Pacific,2016-2020,All,All,All,22755,2,7.4,"[3.4, 15.6]",Pacific
Brain and Other Nervous System,All,Pend Oreille,2016-2020,All,Male,All,6738,NR,NR,NR,Pend Oreille
Brain and Other Nervous System,All,Pend Oreille,2016-2020,All,Female,All,6542,NR,NR,NR,Pend Oreille
Brain and Other Nervous System,All,Pend Oreille,2016-2020,All,All,All,13280,NR,NR,NR,Pend Oreille
Brain and Other Nervous System,All,Pierce,2016-2020,All,Male,All,442332,30,6.7,"[5.7, 8.0]",Pierce
Brain and Other Nervous System,All,Pierce,2016-2020,All,Female,All,449353,20,3.8,"[3.1, 4.7]",Pierce
Brain and Other Nervous System,All,Pierce,2016-2020,All,All,All,891685,50,5.2,"[4.5, 5.9]",Pierce
Brain and Other Nervous System,All,San Juan,2016-2020,All,Male,All,8396,NR,NR,NR,San Juan
Brain and Other Nervous System,All,San Juan,2016-2020,All,Female,All,8842,NR,NR,NR,San Juan
Brain and Other Nervous System,All,San Juan,2016-2020,All,All,All,17238,NR,NR,NR,San Juan
Brain and Other Nervous System,All,Skagit,2016-2020,All,Male,All,62062,6,7.0,"[4.6, 10.4]",Skagit
Brain and Other Nervous System,All,Skagit,2016-2020,All,Female,All,63868,4,4.0,"[2.5, 6.5]",Skagit
Brain and Other Nervous System,All,Skagit,2016-2020,All,All,All,125929,10,5.4,"[4.0, 7.4]",Skagit
Brain and Other Nervous System,All,Skamania,2016-2020,All,Male,All,5817,NR,NR,NR,Skamania
Brain and Other Nervous System,All,Skamania,2016-2020,All,Female,All,5607,NR,NR,NR,Skamania
Brain and Other Nervous System,All,Skamania,2016-2020,All,All,All,11424,NR,NR,NR,Skamania
Brain and Other Nervous System,All,Snohomish,2016-2020,All,Male,All,399947,27,6.4,"[5.3, 7.6]",Snohomish
Brain and Other Nervous System,All,Snohomish,2016-2020,All,Female,All,400972,22,4.8,"[3.9, 5.8]",Snohomish
Brain and Other Nervous System,All,Snohomish,2016-2020,All,All,All,800919,49,5.5,"[4.8, 6.3]",Snohomish
Brain and Other Nervous System,All,Spokane,2016-2020,All,Male,All,258269,18,6.4,"[5.1, 8.0]",Spokane
Brain and Other Nervous System,All,Spokane,2016-2020,All,Female,All,263176,15,4.4,"[3.4, 5.6]",Spokane
Brain and Other Nervous System,All,Spokane,2016-2020,All,All,All,521445,32,5.3,"[4.5, 6.3]",Spokane
Brain and Other Nervous System,All,Stevens,2016-2020,All,Male,All,22895,NR,NR,NR,Stevens
Brain and Other Nervous System,All,Stevens,2016-2020,All,Female,All,22748,NR,NR,NR,Stevens
Brain and Other Nervous System,All,Stevens,2016-2020,All,All,All,45643,3,3.0,"[1.6, 6.3]",Stevens
Brain and Other Nervous System,All,Thurston,2016-2020,All,Male,All,139164,11,7.2,"[5.4, 9.4]",Thurston
Brain and Other Nervous System,All,Thurston,2016-2020,All,Female,All,146165,8,4.3,"[3.1, 6.0]",Thurston
Brain and Other Nervous System,All,Thurston,2016-2020,All,All,All,285329,20,5.6,"[4.5, 6.9]",Thurston
Brain and Other Nervous System,All,Wahkiakum,2016-2020,All,Male,All,2139,NR,NR,NR,Wahkiakum
Brain and Other Nervous System,All,Wahkiakum,2016-2020,All,Female,All,2160,NR,NR,NR,Wahkiakum
Brain and Other Nervous System,All,Wahkiakum,2016-2020,All,All,All,4299,NR,NR,NR,Wahkiakum
Brain and Other Nervous System,All,Walla Walla,2016-2020,All,Male,All,31463,4,10.5,"[6.2, 17.0]",Walla Walla
Brain and Other Nervous System,All,Walla Walla,2016-2020,All,Female,All,30305,NR,NR,NR,Walla Walla
Brain and Other Nervous System,All,Walla Walla,2016-2020,All,All,All,61767,5,6.2,"[3.9, 9.7]",Walla Walla
Brain and Other Nervous System,All,Whatcom,2016-2020,All,Male,All,108211,10,7.4,"[5.4, 10.0]",Whatcom
Brain and Other Nervous System,All,Whatcom,2016-2020,All,Female,All,111712,8,5.1,"[3.5, 7.3]",Whatcom
Brain and Other Nervous System,All,Whatcom,2016-2020,All,All,All,219923,17,6.2,"[4.9, 7.7]",Whatcom
Brain and Other Nervous System,All,Whitman,2016-2020,All,Male,All,23667,NR,NR,NR,Whitman
Brain and Other Nervous System,All,Whitman,2016-2020,All,Female,All,23662,NR,NR,NR,Whitman
Brain and Other Nervous System,All,Whitman,2016-2020,All,All,All,47329,NR,NR,NR,Whitman
Brain and Other Nervous System,All,Yakima,2016-2020,All,Male,All,126641,7,5.6,"[3.9, 7.9]",Yakima
Brain and Other Nervous System,All,Yakima,2016-2020,All,Female,All,127169,6,4.0,"[2.7, 6.0]",Yakima
Brain and Other Nervous System,All,Yakima,2016-2020,All,All,All,253810,13,4.8,"[3.7, 6.2]",Yakima
Breast (Female),Invasive,Adams,2016-2020,All,Female,All,9889,NR,NR,NR,Adams
Breast (Female),Invasive,Asotin,2016-2020,All,Female,All,11370,3,18.6,"[9.8, 34.2]",Asotin
Breast (Female),Invasive,Benton,2016-2020,All,Female,All,99958,23,19.1,"[15.7, 23.1]",Benton
Breast (Female),Invasive,Chelan,2016-2020,All,Female,All,38682,12,21.0,"[15.7, 27.9]",Chelan
Breast (Female),Invasive,Clallam,2016-2020,All,Female,All,38345,16,20.9,"[16.1, 27.6]",Clallam
Breast (Female),Invasive,Clark,2016-2020,All,Female,All,243884,61,20.0,"[17.8, 22.5]",Clark
Breast (Female),Invasive,Columbia,2016-2020,All,Female,All,1998,NR,NR,NR,Columbia
Breast (Female),Invasive,Cowlitz,2016-2020,All,Female,All,54522,18,22.7,"[18.0, 28.5]",Cowlitz
Breast (Female),Invasive,Douglas,2016-2020,All,Female,All,20701,5,16.6,"[10.4, 26.1]",Douglas
Breast (Female),Invasive,Ferry,2016-2020,All,Female,All,3550,2,36.0,"[17.5, 80.5]",Ferry
Breast (Female),Invasive,Franklin,2016-2020,All,Female,All,44703,6,16.5,"[11.0, 24.0]",Franklin
Breast (Female),Invasive,Garfield,2016-2020,All,Female,All,1124,NR,NR,NR,Garfield
Breast (Female),Invasive,Grant,2016-2020,All,Female,All,46950,11,20.9,"[15.7, 27.6]",Grant
Breast (Female),Invasive,Grays Harbor,2016-2020,All,Female,All,36373,15,23.7,"[18.5, 30.6]",Grays Harbor
Breast (Female),Invasive,Island,2016-2020,All,Female,All,42860,11,15.2,"[11.2, 20.8]",Island
Breast (Female),Invasive,Jefferson,2016-2020,All,Female,All,16416,7,23.6,"[15.1, 39.1]",Jefferson
Breast (Female),Invasive,King,2016-2020,All,Female,All,1094637,214,17.1,"[16.1, 18.2]",King
Breast (Female),Invasive,Kitsap,2016-2020,All,Female,All,132989,34,18.2,"[15.5, 21.4]",Kitsap
Breast (Female),Invasive,Kittitas,2016-2020,All,Female,All,22165,5,20.1,"[13.0, 30.7]",Kittitas
Breast (Female),Invasive,Klickitat,2016-2020,All,Female,All,10818,5,29.8,"[19.3, 47.4]",Klickitat
Breast (Female),Invasive,Lewis,2016-2020,All,Female,All,40148,16,25.2,"[19.7, 32.2]",Lewis
Breast (Female),Invasive,Lincoln,2016-2020,All,Female,All,5351,NR,NR,NR,Lincoln
Breast (Female),Invasive,Mason,2016-2020,All,Female,All,31257,9,19.1,"[13.5, 27.0]",Mason
Breast (Female),Invasive,Okanogan,2016-2020,All,Female,All,20466,10,32.4,"[23.6, 44.7]",Okanogan
Breast (Female),Invasive,Pacific,2016-2020,All,Female,All,11398,5,21.6,"[13.4, 38.7]",Pacific
Breast (Female),Invasive,Pend Oreille,2016-2020,All,Female,All,6542,3,27.5,"[15.1, 54.1]",Pend Oreille
Breast (Female),Invasive,Pierce,2016-2020,All,Female,All,449353,101,19.4,"[17.7, 21.2]",Pierce
Breast (Female),Invasive,San Juan,2016-2020,All,Female,All,8842,4,21.8,"[11.4, 45.4]",San Juan
Breast (Female),Invasive,Skagit,2016-2020,All,Female,All,63868,21,21.7,"[17.5, 26.9]",Skagit
Breast (Female),Invasive,Skamania,2016-2020,All,Female,All,5607,NR,NR,NR,Skamania
Breast (Female),Invasive,Snohomish,2016-2020,All,Female,All,400972,89,18.8,"[17.0, 20.7]",Snohomish
Breast (Female),Invasive,Spokane,2016-2020,All,Female,All,263176,74,21.3,"[19.1, 23.7]",Spokane
Breast (Female),Invasive,Stevens,2016-2020,All,Female,All,22748,7,20.9,"[14.1, 31.3]",Stevens
Breast (Female),Invasive,Thurston,2016-2020,All,Female,All,146165,41,20.8,"[18.0, 24.0]",Thurston
Breast (Female),Invasive,Wahkiakum,2016-2020,All,Female,All,2160,NR,NR,NR,Wahkiakum
Breast (Female),Invasive,Walla Walla,2016-2020,All,Female,All,30305,7,17.4,"[11.8, 25.5]",Walla Walla
Breast (Female),Invasive,Whatcom,2016-2020,All,Female,All,111712,29,19.8,"[16.6, 23.5]",Whatcom
Breast (Female),Invasive,Whitman,2016-2020,All,Female,All,23662,3,13.2,"[7.0, 23.7]",Whitman
Breast (Female),Invasive,Yakima,2016-2020,All,Female,All,127169,27,18.8,"[15.7, 22.4]",Yakima
Cervix (Uterine),All,Adams,2016-2020,All,Female,All,9889,NR,NR,NR,Adams
Cervix (Uterine),All,Asotin,2016-2020,All,Female,All,11370,NR,NR,NR,Asotin
Cervix (Uterine),All,Benton,2016-2020,All,Female,All,99958,NR,NR,NR,Benton
Cervix (Uterine),All,Chelan,2016-2020,All,Female,All,38682,NR,NR,NR,Chelan
Cervix (Uterine),All,Clallam,2016-2020,All,Female,All,38345,NR,NR,NR,Clallam
Cervix (Uterine),All,Clark,2016-2020,All,Female,All,243884,4,1.3,"[0.7, 2.1]",Clark
Cervix (Uterine),All,Columbia,2016-2020,All,Female,All,1998,NR,NR,NR,Columbia
Cervix (Uterine),All,Cowlitz,2016-2020,All,Female,All,54522,2,3.6,"[1.8, 6.8]",Cowlitz
Cervix (Uterine),All,Douglas,2016-2020,All,Female,All,20701,NR,NR,NR,Douglas
Cervix (Uterine),All,Ferry,2016-2020,All,Female,All,3550,NR,NR,NR,Ferry
Cervix (Uterine),All,Franklin,2016-2020,All,Female,All,44703,NR,NR,NR,Franklin
Cervix (Uterine),All,Garfield,2016-2020,All,Female,All,1124,NR,NR,NR,Garfield
Cervix (Uterine),All,Grant,2016-2020,All,Female,All,46950,NR,NR,NR,Grant
Cervix (Uterine),All,Grays Harbor,2016-2020,All,Female,All,36373,NR,NR,NR,Grays Harbor
Cervix (Uterine),All,Island,2016-2020,All,Female,All,42860,NR,NR,NR,Island
Cervix (Uterine),All,Jefferson,2016-2020,All,Female,All,16416,NR,NR,NR,Jefferson
Cervix (Uterine),All,King,2016-2020,All,Female,All,1094637,14,1.2,"[0.9, 1.5]",King
Cervix (Uterine),All,Kitsap,2016-2020,All,Female,All,132989,2,1.5,"[0.7, 2.8]",Kitsap
Cervix (Uterine),All,Kittitas,2016-2020,All,Female,All,22165,NR,NR,NR,Kittitas
Cervix (Uterine),All,Klickitat,2016-2020,All,Female,All,10818,NR,NR,NR,Klickitat
Cervix (Uterine),All,Lewis,2016-2020,All,Female,All,40148,NR,NR,NR,Lewis
Cervix (Uterine),All,Lincoln,2016-2020,All,Female,All,5351,NR,NR,NR,Lincoln
Cervix (Uterine),All,Mason,2016-2020,All,Female,All,31257,NR,NR,NR,Mason
Cervix (Uterine),All,Okanogan,2016-2020,All,Female,All,20466,NR,NR,NR,Okanogan
Cervix (Uterine),All,Pacific,2016-2020,All,Female,All,11398,NR,NR,NR,Pacific
Cervix (Uterine),All,Pend Oreille,2016-2020,All,Female,All,6542,NR,NR,NR,Pend Oreille
Cervix (Uterine),All,Pierce,2016-2020,All,Female,All,449353,11,2.3,"[1.7, 3.0]",Pierce
Cervix (Uterine),All,San Juan,2016-2020,All,Female,All,8842,NR,NR,NR,San Juan
Cervix (Uterine),All,Skagit,2016-2020,All,Female,All,63868,NR,NR,NR,Skagit
Cervix (Uterine),All,Skamania,2016-2020,All,Female,All,5607,NR,NR,NR,Skamania
Cervix (Uterine),All,Snohomish,2016-2020,All,Female,All,400972,9,2.1,"[1.5, 2.8]",Snohomish
Cervix (Uterine),All,Spokane,2016-2020,All,Female,All,263176,6,2.1,"[1.4, 3.1]",Spokane
Cervix (Uterine),All,Stevens,2016-2020,All,Female,All,22748,NR,NR,NR,Stevens
Cervix (Uterine),All,Thurston,2016-2020,All,Female,All,146165,3,1.5,"[0.8, 2.7]",Thurston
Cervix (Uterine),All,Wahkiakum,2016-2020,All,Female,All,2160,NR,NR,NR,Wahkiakum
Cervix (Uterine),All,Walla Walla,2016-2020,All,Female,All,30305,NR,NR,NR,Walla Walla
Cervix (Uterine),All,Whatcom,2016-2020,All,Female,All,111712,3,1.9,"[1.0, 3.5]",Whatcom
Cervix (Uterine),All,Whitman,2016-2020,All,Female,All,23662,NR,NR,NR,Whitman
Cervix (Uterine),All,Yakima,2016-2020,All,Female,All,127169,2,1.8,"[0.9, 3.4]",Yakima
Colorectal,All,Adams,2016-2020,All,Male,All,10282,NR,NR,NR,Adams
Colorectal,All,Adams,2016-2020,All,Female,All,9889,NR,NR,NR,Adams
Colorectal,All,Adams,2016-2020,All,All,All,20172,NR,NR,NR,Adams
Colorectal,All,Asotin,2016-2020,All,Male,All,10756,2,10.7,"[5.1, 23.5]",Asotin
Colorectal,All,Asotin,2016-2020,All,Female,All,11370,3,13.1,"[6.7, 26.4]",Asotin
Colorectal,All,Asotin,2016-2020,All,All,All,22126,5,12.0,"[7.5, 19.8]",Asotin
Colorectal,All,Benton,2016-2020,All,Male,All,98978,16,16.6,"[13.1, 20.7]",Benton
Colorectal,All,Benton,2016-2020,All,Female,All,99958,13,10.4,"[7.9, 13.5]",Benton
Colorectal,All,Benton,2016-2020,All,All,All,198936,29,13.2,"[11.1, 15.6]",Benton
Colorectal,All,Chelan,2016-2020,All,Male,All,38595,5,8.5,"[5.3, 13.4]",Chelan
Colorectal,All,Chelan,2016-2020,All,Female,All,38682,8,14.8,"[10.5, 20.7]",Chelan
Colorectal,All,Chelan,2016-2020,All,All,All,77278,13,11.8,"[9.0, 15.4]",Chelan
Colorectal,All,Clallam,2016-2020,All,Male,All,37283,11,17.4,"[12.8, 23.9]",Clallam
Colorectal,All,Clallam,2016-2020,All,Female,All,38345,8,10.8,"[7.1, 16.5]",Clallam
Colorectal,All,Clallam,2016-2020,All,All,All,75628,19,13.8,"[10.9, 17.7]",Clallam
Colorectal,All,Clark,2016-2020,All,Male,All,237977,31,12.6,"[10.6, 14.9]",Clark
Colorectal,All,Clark,2016-2020,All,Female,All,243884,35,12.0,"[10.3, 14.0]",Clark
Colorectal,All,Clark,2016-2020,All,All,All,481861,66,12.2,"[10.9, 13.6]",Clark
Colorectal,All,Columbia,2016-2020,All,Male,All,1973,NR,NR,NR,Columbia
Colorectal,All,Columbia,2016-2020,All,Female,All,1998,NR,NR,NR,Columbia
Colorectal,All,Columbia,2016-2020,All,All,All,3971,NR,NR,NR,Columbia
Colorectal,All,Cowlitz,2016-2020,All,Male,All,53421,12,16.5,"[12.5, 21.8]",Cowlitz
Colorectal,All,Cowlitz,2016-2020,All,Female,All,54522,8,11.2,"[8.0, 15.5]",Cowlitz
Colorectal,All,Cowlitz,2016-2020,All,All,All,107943,20,13.9,"[11.3, 17.1]",Cowlitz
Colorectal,All,Douglas,2016-2020,All,Male,All,20946,3,11.7,"[6.4, 20.4]",Douglas
Colorectal,All,Douglas,2016-2020,All,Female,All,20701,3,11.2,"[6.2, 19.5]",Douglas
Colorectal,All,Douglas,2016-2020,All,All,All,41647,6,11.4,"[7.7, 16.8]",Douglas
Colorectal,All,Ferry,2016-2020,All,Male,All,3694,NR,NR,NR,Ferry
Colorectal,All,Ferry,2016-2020,All,Female,All,3550,NR,NR,NR,Ferry
Colorectal,All,Ferry,2016-2020,All,All,All,7245,NR,NR,NR,Ferry
Colorectal,All,Franklin,2016-2020,All,Male,All,47829,3,7.9,"[4.3, 14.0]",Franklin
Colorectal,All,Franklin,2016-2020,All,Female,All,44703,4,11.6,"[7.0, 18.4]",Franklin
Colorectal,All,Franklin,2016-2020,All,All,All,92532,7,9.9,"[6.8, 14.1]",Franklin
Colorectal,All,Garfield,2016-2020,All,Male,All,1149,NR,NR,NR,Garfield
Colorectal,All,Garfield,2016-2020,All,Female,All,1124,NR,NR,NR,Garfield
Colorectal,All,Garfield,2016-2020,All,All,All,2272,NR,NR,NR,Garfield
Colorectal,All,Grant,2016-2020,All,Male,All,49209,8,16.2,"[11.6, 22.4]",Grant
Colorectal,All,Grant,2016-2020,All,Female,All,46950,5,9.4,"[6.0, 14.4]",Grant
Colorectal,All,Grant,2016-2020,All,All,All,96159,13,12.7,"[9.7, 16.4]",Grant
Colorectal,All,Grays Harbor,2016-2020,All,Male,All,38179,8,15.2,"[10.8, 21.4]",Grays Harbor
Colorectal,All,Grays Harbor,2016-2020,All,Female,All,36373,6,11.0,"[7.4, 16.3]",Grays Harbor
Colorectal,All,Grays Harbor,2016-2020,All,All,All,74552,15,13.0,"[10.1, 16.7]",Grays Harbor
Colorectal,All,Island,2016-2020,All,Male,All,42072,10,15.7,"[11.5, 21.6]",Island
Colorectal,All,Island,2016-2020,All,Female,All,42860,11,16.1,"[11.7, 22.2]",Island
Colorectal,All,Island,2016-2020,All,All,All,84932,21,15.9,"[12.8, 19.8]",Island
Colorectal,All,Jefferson,2016-2020,All,Male,All,15920,4,14.1,"[7.6, 27.3]",Jefferson
Colorectal,All,Jefferson,2016-2020,All,Female,All,16416,4,9.6,"[5.7, 21.3]",Jefferson
Colorectal,All,Jefferson,2016-2020,All,All,All,32336,8,11.7,"[7.8, 18.8]",Jefferson
Colorectal,All,King,2016-2020,All,Male,All,1096115,135,12.9,"[11.9, 14.0]",King
Colorectal,All,King,2016-2020,All,Female,All,1094637,106,8.3,"[7.6, 9.1]",King
Colorectal,All,King,2016-2020,All,All,All,2190752,240,10.5,"[9.9, 11.1]",King
Colorectal,All,Kitsap,2016-2020,All,Male,All,136205,22,14.6,"[12.0, 17.8]",Kitsap
Colorectal,All,Kitsap,2016-2020,All,Female,All,132989,18,10.0,"[8.0, 12.4]",Kitsap
Colorectal,All,Kitsap,2016-2020,All,All,All,269194,41,12.2,"[10.5, 14.0]",Kitsap
Colorectal,All,Kittitas,2016-2020,All,Male,All,22480,3,13.6,"[7.7, 23.2]",Kittitas
Colorectal,All,Kittitas,2016-2020,All,Female,All,22165,NR,NR,NR,Kittitas
Colorectal,All,Kittitas,2016-2020,All,All,All,44645,5,9.8,"[6.3, 15.1]",Kittitas
Colorectal,All,Klickitat,2016-2020,All,Male,All,11295,4,21.6,"[12.2, 38.0]",Klickitat
Colorectal,All,Klickitat,2016-2020,All,Female,All,10818,NR,NR,NR,Klickitat
Colorectal,All,Klickitat,2016-2020,All,All,All,22113,5,16.6,"[10.5, 26.1]",Klickitat
Colorectal,All,Lewis,2016-2020,All,Male,All,40168,12,21.9,"[16.5, 29.0]",Lewis
Colorectal,All,Lewis,2016-2020,All,Female,All,40148,8,12.5,"[8.9, 17.7]",Lewis
Colorectal,All,Lewis,2016-2020,All,All,All,80317,20,17.1,"[13.8, 21.1]",Lewis
Colorectal,All,Lincoln,2016-2020,All,Male,All,5414,NR,NR,NR,Lincoln
Colorectal,All,Lincoln,2016-2020,All,Female,All,5351,NR,NR,NR,Lincoln
Colorectal,All,Lincoln,2016-2020,All,All,All,10765,2,10.1,"[4.8, 24.0]",Lincoln
Colorectal,All,Mason,2016-2020,All,Male,All,33239,7,16.0,"[11.1, 23.0]",Mason
Colorectal,All,Mason,2016-2020,All,Female,All,31257,5,10.6,"[6.8, 16.7]",Mason
Colorectal,All,Mason,2016-2020,All,All,All,64496,13,13.3,"[10.1, 17.5]",Mason
Colorectal,All,Okanogan,2016-2020,All,Male,All,21467,5,16.7,"[10.3, 26.6]",Okanogan
Colorectal,All,Okanogan,2016-2020,All,Female,All,20466,3,7.9,"[4.1, 15.7]",Okanogan
Colorectal,All,Okanogan,2016-2020,All,All,All,41932,7,12.2,"[8.4, 17.7]",Okanogan
Colorectal,All,Pacific,2016-2020,All,Male,All,11357,3,12.4,"[6.8, 25.1]",Pacific
Colorectal,All,Pacific,2016-2020,All,Female,All,11398,NR,NR,NR,Pacific
Colorectal,All,Pacific,2016-2020,All,All,All,22755,4,8.6,"[5.3, 15.8]",Pacific
Colorectal,All,Pend Oreille,2016-2020,All,Male,All,6738,NR,NR,NR,Pend Oreille
Colorectal,All,Pend Oreille,2016-2020,All,Female,All,6542,NR,NR,NR,Pend Oreille
Colorectal,All,Pend Oreille,2016-2020,All,All,All,13280,3,13.0,"[6.6, 26.3]",Pend Oreille
Colorectal,All,Pierce,2016-2020,All,Male,All,442332,60,13.7,"[12.1, 15.4]",Pierce
Colorectal,All,Pierce,2016-2020,All,Female,All,449353,43,8.1,"[7.1, 9.3]",Pierce
Colorectal,All,Pierce,2016-2020,All,All,All,891685,103,10.6,"[9.7, 11.6]",Pierce
Colorectal,All,San Juan,2016-2020,All,Male,All,8396,2,12.7,"[5.2, 35.1]",San Juan
Colorectal,All,San Juan,2016-2020,All,Female,All,8842,3,14.7,"[7.7, 35.4]",San Juan
Colorectal,All,San Juan,2016-2020,All,All,All,17238,5,13.9,"[8.4, 25.8]",San Juan
Colorectal,All,Skagit,2016-2020,All,Male,All,62062,14,15.8,"[12.2, 20.4]",Skagit
Colorectal,All,Skagit,2016-2020,All,Female,All,63868,11,10.7,"[7.9, 14.5]",Skagit
Colorectal,All,Skagit,2016-2020,All,All,All,125929,24,13.0,"[10.7, 15.7]",Skagit
Colorectal,All,Skamania,2016-2020,All,Male,All,5817,NR,NR,NR,Skamania
Colorectal,All,Skamania,2016-2020,All,Female,All,5607,NR,NR,NR,Skamania
Colorectal,All,Skamania,2016-2020,All,All,All,11424,2,15.3,"[7.2, 31.9]",Skamania
Colorectal,All,Snohomish,2016-2020,All,Male,All,399947,56,14.8,"[13.0, 16.7]",Snohomish
Colorectal,All,Snohomish,2016-2020,All,Female,All,400972,49,10.5,"[9.2, 11.9]",Snohomish
Colorectal,All,Snohomish,2016-2020,All,All,All,800919,106,12.5,"[11.4, 13.6]",Snohomish
Colorectal,All,Spokane,2016-2020,All,Male,All,258269,38,13.7,"[11.8, 15.9]",Spokane
Colorectal,All,Spokane,2016-2020,All,Female,All,263176,45,12.5,"[10.9, 14.3]",Spokane
Colorectal,All,Spokane,2016-2020,All,All,All,521445,83,13.2,"[11.9, 14.6]",Spokane
Colorectal,All,Stevens,2016-2020,All,Male,All,22895,6,15.8,"[10.4, 24.5]",Stevens
Colorectal,All,Stevens,2016-2020,All,Female,All,22748,4,11.8,"[7.2, 19.9]",Stevens
Colorectal,All,Stevens,2016-2020,All,All,All,45643,10,13.8,"[10.2, 19.0]",Stevens
Colorectal,All,Thurston,2016-2020,All,Male,All,139164,20,12.6,"[10.2, 15.4]",Thurston
Colorectal,All,Thurston,2016-2020,All,Female,All,146165,19,10.0,"[8.0, 12.4]",Thurston
Colorectal,All,Thurston,2016-2020,All,All,All,285329,39,11.2,"[9.6, 12.9]",Thurston
Colorectal,All,Wahkiakum,2016-2020,All,Male,All,2139,NR,NR,NR,Wahkiakum
Colorectal,All,Wahkiakum,2016-2020,All,Female,All,2160,NR,NR,NR,Wahkiakum
Colorectal,All,Wahkiakum,2016-2020,All,All,All,4299,NR,NR,NR,Wahkiakum
Colorectal,All,Walla Walla,2016-2020,All,Male,All,31463,5,14.2,"[9.3, 21.3]",Walla Walla
Colorectal,All,Walla Walla,2016-2020,All,Female,All,30305,5,11.9,"[7.3, 18.9]",Walla Walla
Colorectal,All,Walla Walla,2016-2020,All,All,All,61767,10,12.7,"[9.3, 17.1]",Walla Walla
Colorectal,All,Whatcom,2016-2020,All,Male,All,108211,19,14.9,"[11.9, 18.4]",Whatcom
Colorectal,All,Whatcom,2016-2020,All,Female,All,111712,18,12.1,"[9.6, 15.2]",Whatcom
Colorectal,All,Whatcom,2016-2020,All,All,All,219923,36,13.4,"[11.5, 15.7]",Whatcom
Colorectal,All,Whitman,2016-2020,All,Male,All,23667,NR,NR,NR,Whitman
Colorectal,All,Whitman,2016-2020,All,Female,All,23662,NR,NR,NR,Whitman
Colorectal,All,Whitman,2016-2020,All,All,All,47329,3,7.0,"[3.9, 12.2]",Whitman
Colorectal,All,Yakima,2016-2020,All,Male,All,126641,21,16.9,"[13.8, 20.6]",Yakima
Colorectal,All,Yakima,2016-2020,All,Female,All,127169,18,11.7,"[9.3, 14.6]",Yakima
Colorectal,All,Yakima,2016-2020,All,All,All,253810,39,14.2,"[12.2, 16.4]",Yakima
Endometrium,All,Adams,2016-2020,All,Female,All,9889,NR,NR,NR,Adams
Endometrium,All,Asotin,2016-2020,All,Female,All,11370,NR,NR,NR,Asotin
Endometrium,All,Benton,2016-2020,All,Female,All,99958,3,2.7,"[1.6, 4.6]",Benton
Endometrium,All,Chelan,2016-2020,All,Female,All,38682,NR,NR,NR,Chelan
Endometrium,All,Clallam,2016-2020,All,Female,All,38345,2,2.8,"[1.2, 6.8]",Clallam
Endometrium,All,Clark,2016-2020,All,Female,All,243884,9,2.8,"[2.0, 3.8]",Clark
Endometrium,All,Columbia,2016-2020,All,Female,All,1998,NR,NR,NR,Columbia
Endometrium,All,Cowlitz,2016-2020,All,Female,All,54522,4,4.6,"[2.8, 7.7]",Cowlitz
Endometrium,All,Douglas,2016-2020,All,Female,All,20701,NR,NR,NR,Douglas
Endometrium,All,Ferry,2016-2020,All,Female,All,3550,NR,NR,NR,Ferry
Endometrium,All,Franklin,2016-2020,All,Female,All,44703,NR,NR,NR,Franklin
Endometrium,All,Garfield,2016-2020,All,Female,All,1124,NR,NR,NR,Garfield
Endometrium,All,Grant,2016-2020,All,Female,All,46950,NR,NR,NR,Grant
Endometrium,All,Grays Harbor,2016-2020,All,Female,All,36373,NR,NR,NR,Grays Harbor
Endometrium,All,Island,2016-2020,All,Female,All,42860,3,4.1,"[2.1, 8.0]",Island
Endometrium,All,Jefferson,2016-2020,All,Female,All,16416,NR,NR,NR,Jefferson
Endometrium,All,King,2016-2020,All,Female,All,1094637,41,3.2,"[2.8, 3.7]",King
Endometrium,All,Kitsap,2016-2020,All,Female,All,132989,5,2.8,"[1.8, 4.3]",Kitsap
Endometrium,All,Kittitas,2016-2020,All,Female,All,22165,NR,NR,NR,Kittitas
Endometrium,All,Klickitat,2016-2020,All,Female,All,10818,NR,NR,NR,Klickitat
Endometrium,All,Lewis,2016-2020,All,Female,All,40148,NR,NR,NR,Lewis
Endometrium,All,Lincoln,2016-2020,All,Female,All,5351,NR,NR,NR,Lincoln
Endometrium,All,Mason,2016-2020,All,Female,All,31257,NR,NR,NR,Mason
Endometrium,All,Okanogan,2016-2020,All,Female,All,20466,NR,NR,NR,Okanogan
Endometrium,All,Pacific,2016-2020,All,Female,All,11398,NR,NR,NR,Pacific
Endometrium,All,Pend Oreille,2016-2020,All,Female,All,6542,NR,NR,NR,Pend Oreille
Endometrium,All,Pierce,2016-2020,All,Female,All,449353,16,2.9,"[2.3, 3.6]",Pierce
Endometrium,All,San Juan,2016-2020,All,Female,All,8842,NR,NR,NR,San Juan
Endometrium,All,Skagit,2016-2020,All,Female,All,63868,NR,NR,NR,Skagit
Endometrium,All,Skamania,2016-2020,All,Female,All,5607,NR,NR,NR,Skamania
Endometrium,All,Snohomish,2016-2020,All,Female,All,400972,14,2.8,"[2.2, 3.6]",Snohomish
Endometrium,All,Spokane,2016-2020,All,Female,All,263176,8,2.1,"[1.5, 3.0]",Spokane
Endometrium,All,Stevens,2016-2020,All,Female,All,22748,NR,NR,NR,Stevens
Endometrium,All,Thurston,2016-2020,All,Female,All,146165,5,2.8,"[1.8, 4.2]",Thurston
Endometrium,All,Wahkiakum,2016-2020,All,Female,All,2160,NR,NR,NR,Wahkiakum
Endometrium,All,Walla Walla,2016-2020,All,Female,All,30305,NR,NR,NR,Walla Walla
Endometrium,All,Whatcom,2016-2020,All,Female,All,111712,5,3.0,"[1.9, 4.7]",Whatcom
Endometrium,All,Whitman,2016-2020,All,Female,All,23662,NR,NR,NR,Whitman
Endometrium,All,Yakima,2016-2020,All,Female,All,127169,4,2.4,"[1.5, 4.0]",Yakima
Esophagus,All,Adams,2016-2020,All,Male,All,10282,NR,NR,NR,Adams
Esophagus,All,Adams,2016-2020,All,Female,All,9889,NR,NR,NR,Adams
Esophagus,All,Adams,2016-2020,All,All,All,20172,NR,NR,NR,Adams
Esophagus,All,Asotin,2016-2020,All,Male,All,10756,NR,NR,NR,Asotin
Esophagus,All,Asotin,2016-2020,All,Female,All,11370,NR,NR,NR,Asotin
Esophagus,All,Asotin,2016-2020,All,All,All,22126,NR,NR,NR,Asotin
Esophagus,All,Benton,2016-2020,All,Male,All,98978,8,8.3,"[5.9, 11.5]",Benton
Esophagus,All,Benton,2016-2020,All,Female,All,99958,2,1.9,"[1.0, 3.6]",Benton
Esophagus,All,Benton,2016-2020,All,All,All,198936,10,4.8,"[3.6, 6.4]",Benton
Esophagus,All,Chelan,2016-2020,All,Male,All,38595,3,5.2,"[2.9, 9.3]",Chelan
Esophagus,All,Chelan,2016-2020,All,Female,All,38682,NR,NR,NR,Chelan
Esophagus,All,Chelan,2016-2020,All,All,All,77278,4,3.6,"[2.2, 5.8]",Chelan
Esophagus,All,Clallam,2016-2020,All,Male,All,37283,6,8.7,"[5.6, 13.7]",Clallam
Esophagus,All,Clallam,2016-2020,All,Female,All,38345,NR,NR,NR,Clallam
Esophagus,All,Clallam,2016-2020,All,All,All,75628,8,4.9,"[3.3, 7.4]",Clallam
Esophagus,All,Clark,2016-2020,All,Male,All,237977,21,7.7,"[6.2, 9.4]",Clark
Esophagus,All,Clark,2016-2020,All,Female,All,243884,5,1.5,"[0.9, 2.2]",Clark
Esophagus,All,Clark,2016-2020,All,All,All,481861,25,4.3,"[3.5, 5.1]",Clark
Esophagus,All,Columbia,2016-2020,All,Male,All,1973,NR,NR,NR,Columbia
Esophagus,All,Columbia,2016-2020,All,Female,All,1998,NR,NR,NR,Columbia
Esophagus,All,Columbia,2016-2020,All,All,All,3971,NR,NR,NR,Columbia
Esophagus,All,Cowlitz,2016-2020,All,Male,All,53421,7,9.8,"[6.9, 14.0]",Cowlitz
Esophagus,All,Cowlitz,2016-2020,All,Female,All,54522,2,2.4,"[1.1, 5.0]",Cowlitz
Esophagus,All,Cowlitz,2016-2020,All,All,All,107943,9,5.9,"[4.3, 8.0]",Cowlitz
Esophagus,All,Douglas,2016-2020,All,Male,All,20946,2,9.2,"[4.7, 17.2]",Douglas
Esophagus,All,Douglas,2016-2020,All,Female,All,20701,NR,NR,NR,Douglas
Esophagus,All,Douglas,2016-2020,All,All,All,41647,3,5.3,"[2.9, 9.5]",Douglas
Esophagus,All,Ferry,2016-2020,All,Male,All,3694,NR,NR,NR,Ferry
Esophagus,All,Ferry,2016-2020,All,Female,All,3550,NR,NR,NR,Ferry
Esophagus,All,Ferry,2016-2020,All,All,All,7245,NR,NR,NR,Ferry
Esophagus,All,Franklin,2016-2020,All,Male,All,47829,NR,NR,NR,Franklin
Esophagus,All,Franklin,2016-2020,All,Female,All,44703,NR,NR,NR,Franklin
Esophagus,All,Franklin,2016-2020,All,All,All,92532,NR,NR,NR,Franklin
Esophagus,All,Garfield,2016-2020,All,Male,All,1149,NR,NR,NR,Garfield
Esophagus,All,Garfield,2016-2020,All,Female,All,1124,NR,NR,NR,Garfield
Esophagus,All,Garfield,2016-2020,All,All,All,2272,NR,NR,NR,Garfield
Esophagus,All,Grant,2016-2020,All,Male,All,49209,4,8.6,"[5.2, 13.6]",Grant
Esophagus,All,Grant,2016-2020,All,Female,All,46950,NR,NR,NR,Grant
Esophagus,All,Grant,2016-2020,All,All,All,96159,5,5.2,"[3.4, 7.9]",Grant
Esophagus,All,Grays Harbor,2016-2020,All,Male,All,38179,5,8.6,"[5.4, 13.5]",Grays Harbor
Esophagus,All,Grays Harbor,2016-2020,All,Female,All,36373,NR,NR,NR,Grays Harbor
Esophagus,All,Grays Harbor,2016-2020,All,All,All,74552,5,4.4,"[2.8, 6.8]",Grays Harbor
Esophagus,All,Island,2016-2020,All,Male,All,42072,4,6.1,"[3.5, 10.5]",Island
Esophagus,All,Island,2016-2020,All,Female,All,42860,NR,NR,NR,Island
Esophagus,All,Island,2016-2020,All,All,All,84932,5,3.8,"[2.4, 6.2]",Island
Esophagus,All,Jefferson,2016-2020,All,Male,All,15920,2,4.9,"[2.4, 14.8]",Jefferson
Esophagus,All,Jefferson,2016-2020,All,Female,All,16416,NR,NR,NR,Jefferson
Esophagus,All,Jefferson,2016-2020,All,All,All,32336,2,2.5,"[1.3, 7.8]",Jefferson
Esophagus,All,King,2016-2020,All,Male,All,1096115,60,5.8,"[5.1, 6.5]",King
Esophagus,All,King,2016-2020,All,Female,All,1094637,18,1.4,"[1.2, 1.8]",King
Esophagus,All,King,2016-2020,All,All,All,2190752,78,3.4,"[3.1, 3.8]",King
Esophagus,All,Kitsap,2016-2020,All,Male,All,136205,11,6.5,"[4.9, 8.7]",Kitsap
Esophagus,All,Kitsap,2016-2020,All,Female,All,132989,NR,NR,NR,Kitsap
Esophagus,All,Kitsap,2016-2020,All,All,All,269194,12,3.4,"[2.6, 4.4]",Kitsap
Esophagus,All,Kittitas,2016-2020,All,Male,All,22480,NR,NR,NR,Kittitas
Esophagus,All,Kittitas,2016-2020,All,Female,All,22165,NR,NR,NR,Kittitas
Esophagus,All,Kittitas,2016-2020,All,All,All,44645,NR,NR,NR,Kittitas
Esophagus,All,Klickitat,2016-2020,All,Male,All,11295,NR,NR,NR,Klickitat
Esophagus,All,Klickitat,2016-2020,All,Female,All,10818,NR,NR,NR,Klickitat
Esophagus,All,Klickitat,2016-2020,All,All,All,22113,NR,NR,NR,Klickitat
Esophagus,All,Lewis,2016-2020,All,Male,All,40168,5,9.3,"[6.0, 14.1]",Lewis
Esophagus,All,Lewis,2016-2020,All,Female,All,40148,NR,NR,NR,Lewis
Esophagus,All,Lewis,2016-2020,All,All,All,80317,6,5.2,"[3.5, 7.7]",Lewis
Esophagus,All,Lincoln,2016-2020,All,Male,All,5414,NR,NR,NR,Lincoln
Esophagus,All,Lincoln,2016-2020,All,Female,All,5351,NR,NR,NR,Lincoln
Esophagus,All,Lincoln,2016-2020,All,All,All,10765,NR,NR,NR,Lincoln
Esophagus,All,Mason,2016-2020,All,Male,All,33239,4,7.7,"[4.5, 13.0]",Mason
Esophagus,All,Mason,2016-2020,All,Female,All,31257,NR,NR,NR,Mason
Esophagus,All,Mason,2016-2020,All,All,All,64496,5,4.7,"[3.0, 7.5]",Mason
Esophagus,All,Okanogan,2016-2020,All,Male,All,21467,3,7.3,"[3.7, 14.3]",Okanogan
Esophagus,All,Okanogan,2016-2020,All,Female,All,20466,NR,NR,NR,Okanogan
Esophagus,All,Okanogan,2016-2020,All,All,All,41932,3,4.1,"[2.3, 7.7]",Okanogan
Esophagus,All,Pacific,2016-2020,All,Male,All,11357,2,9.7,"[4.7, 22.3]",Pacific
Esophagus,All,Pacific,2016-2020,All,Female,All,11398,NR,NR,NR,Pacific
Esophagus,All,Pacific,2016-2020,All,All,All,22755,3,6.2,"[3.4, 12.9]",Pacific
Esophagus,All,Pend Oreille,2016-2020,All,Male,All,6738,NR,NR,NR,Pend Oreille
Esophagus,All,Pend Oreille,2016-2020,All,Female,All,6542,NR,NR,NR,Pend Oreille
Esophagus,All,Pend Oreille,2016-2020,All,All,All,13280,NR,NR,NR,Pend Oreille
Esophagus,All,Pierce,2016-2020,All,Male,All,442332,33,7.3,"[6.2, 8.6]",Pierce
Esophagus,All,Pierce,2016-2020,All,Female,All,449353,8,1.5,"[1.1, 2.1]",Pierce
Esophagus,All,Pierce,2016-2020,All,All,All,891685,41,4.1,"[3.6, 4.8]",Pierce
Esophagus,All,San Juan,2016-2020,All,Male,All,8396,NR,NR,NR,San Juan
Esophagus,All,San Juan,2016-2020,All,Female,All,8842,NR,NR,NR,San Juan
Esophagus,All,San Juan,2016-2020,All,All,All,17238,NR,NR,NR,San Juan
Esophagus,All,Skagit,2016-2020,All,Male,All,62062,10,11.5,"[8.5, 15.5]",Skagit
Esophagus,All,Skagit,2016-2020,All,Female,All,63868,2,2.1,"[1.1, 4.4]",Skagit
Esophagus,All,Skagit,2016-2020,All,All,All,125929,12,6.5,"[5.0, 8.6]",Skagit
Esophagus,All,Skamania,2016-2020,All,Male,All,5817,NR,NR,NR,Skamania
Esophagus,All,Skamania,2016-2020,All,Female,All,5607,NR,NR,NR,Skamania
Esophagus,All,Skamania,2016-2020,All,All,All,11424,NR,NR,NR,Skamania
Esophagus,All,Snohomish,2016-2020,All,Male,All,399947,31,7.6,"[6.4, 9.0]",Snohomish
Esophagus,All,Snohomish,2016-2020,All,Female,All,400972,8,1.6,"[1.1, 2.2]",Snohomish
Esophagus,All,Snohomish,2016-2020,All,All,All,800919,39,4.3,"[3.7, 5.0]",Snohomish
Esophagus,All,Spokane,2016-2020,All,Male,All,258269,25,8.5,"[7.0, 10.2]",Spokane
Esophagus,All,Spokane,2016-2020,All,Female,All,263176,7,2.0,"[1.4, 2.9]",Spokane
Esophagus,All,Spokane,2016-2020,All,All,All,521445,33,4.9,"[4.2, 5.8]",Spokane
Esophagus,All,Stevens,2016-2020,All,Male,All,22895,5,11.5,"[7.1, 19.3]",Stevens
Esophagus,All,Stevens,2016-2020,All,Female,All,22748,NR,NR,NR,Stevens
Esophagus,All,Stevens,2016-2020,All,All,All,45643,5,5.8,"[3.7, 9.6]",Stevens
Esophagus,All,Thurston,2016-2020,All,Male,All,139164,9,5.1,"[3.6, 7.0]",Thurston
Esophagus,All,Thurston,2016-2020,All,Female,All,146165,2,1.1,"[0.6, 2.2]",Thurston
Esophagus,All,Thurston,2016-2020,All,All,All,285329,11,2.9,"[2.2, 3.8]",Thurston
Esophagus,All,Wahkiakum,2016-2020,All,Male,All,2139,NR,NR,NR,Wahkiakum
Esophagus,All,Wahkiakum,2016-2020,All,Female,All,2160,NR,NR,NR,Wahkiakum
Esophagus,All,Wahkiakum,2016-2020,All,All,All,4299,NR,NR,NR,Wahkiakum
Esophagus,All,Walla Walla,2016-2020,All,Male,All,31463,3,8.4,"[4.8, 14.1]",Walla Walla
Esophagus,All,Walla Walla,2016-2020,All,Female,All,30305,NR,NR,NR,Walla Walla
Esophagus,All,Walla Walla,2016-2020,All,All,All,61767,4,4.7,"[2.8, 7.7]",Walla Walla
Esophagus,All,Whatcom,2016-2020,All,Male,All,108211,12,9.7,"[7.4, 12.7]",Whatcom
Esophagus,All,Whatcom,2016-2020,All,Female,All,111712,3,1.6,"[0.9, 3.0]",Whatcom
Esophagus,All,Whatcom,2016-2020,All,All,All,219923,15,5.3,"[4.1, 6.7]",Whatcom
Esophagus,All,Whitman,2016-2020,All,Male,All,23667,NR,NR,NR,Whitman
Esophagus,All,Whitman,2016-2020,All,Female,All,23662,NR,NR,NR,Whitman
Esophagus,All,Whitman,2016-2020,All,All,All,47329,2,5.2,"[2.6, 10.0]",Whitman
Esophagus,All,Yakima,2016-2020,All,Male,All,126641,9,6.7,"[4.8, 9.1]",Yakima
Esophagus,All,Yakima,2016-2020,All,Female,All,127169,2,1.6,"[0.8, 2.9]",Yakima
Esophagus,All,Yakima,2016-2020,All,All,All,253810,11,4.0,"[3.0, 5.2]",Yakima
Hodgkin Lymphoma,All,Central,2016-2020,All,Male,All,415973,NR,NR,NR,Chelan
Hodgkin Lymphoma,All,Central,2016-2020,All,Male,All,415973,NR,NR,NR,Douglas
Hodgkin Lymphoma,All,Central,2016-2020,All,Male,All,415973,NR,NR,NR,Grant
Hodgkin Lymphoma,All,Central,2016-2020,All,Male,All,415973,NR,NR,NR,Kittitas
Hodgkin Lymphoma,All,Central,2016-2020,All,Male,All,415973,NR,NR,NR,Yakima
Hodgkin Lymphoma,All,Central,2016-2020,All,Male,All,415973,NR,NR,NR,Benton
Hodgkin Lymphoma,All,Central,2016-2020,All,Male,All,415973,NR,NR,NR,Franklin
Hodgkin Lymphoma,All,Central,2016-2020,All,Male,All,415973,NR,NR,NR,Klickitat
Hodgkin Lymphoma,All,Central,2016-2020,All,Female,All,411147,2,0.4,"[0.2, 0.8]",Chelan
Hodgkin Lymphoma,All,Central,2016-2020,All,Female,All,411147,2,0.4,"[0.2, 0.8]",Douglas
Hodgkin Lymphoma,All,Central,2016-2020,All,Female,All,411147,2,0.4,"[0.2, 0.8]",Grant
Hodgkin Lymphoma,All,Central,2016-2020,All,Female,All,411147,2,0.4,"[0.2, 0.8]",Kittitas
Hodgkin Lymphoma,All,Central,2016-2020,All,Female,All,411147,2,0.4,"[0.2, 0.8]",Yakima
Hodgkin Lymphoma,All,Central,2016-2020,All,Female,All,411147,2,0.4,"[0.2, 0.8]",Benton
Hodgkin Lymphoma,All,Central,2016-2020,All,Female,All,411147,2,0.4,"[0.2, 0.8]",Franklin
Hodgkin Lymphoma,All,Central,2016-2020,All,Female,All,411147,2,0.4,"[0.2, 0.8]",Klickitat
Hodgkin Lymphoma,All,Central,2016-2020,All,All,All,827119,4,0.4,"[0.2, 0.7]",Chelan
Hodgkin Lymphoma,All,Central,2016-2020,All,All,All,827119,4,0.4,"[0.2, 0.7]",Douglas
Hodgkin Lymphoma,All,Central,2016-2020,All,All,All,827119,4,0.4,"[0.2, 0.7]",Grant
Hodgkin Lymphoma,All,Central,2016-2020,All,All,All,827119,4,0.4,"[0.2, 0.7]",Kittitas
Hodgkin Lymphoma,All,Central,2016-2020,All,All,All,827119,4,0.4,"[0.2, 0.7]",Yakima
Hodgkin Lymphoma,All,Central,2016-2020,All,All,All,827119,4,0.4,"[0.2, 0.7]",Benton
Hodgkin Lymphoma,All,Central,2016-2020,All,All,All,827119,4,0.4,"[0.2, 0.7]",Franklin
Hodgkin Lymphoma,All,Central,2016-2020,All,All,All,827119,4,0.4,"[0.2, 0.7]",Klickitat
Hodgkin Lymphoma,All,East,2016-2020,All,Male,All,397767,2,0.5,"[0.2, 1.0]",Okanogan
Hodgkin Lymphoma,All,East,2016-2020,All,Male,All,397767,2,0.5,"[0.2, 1.0]",Ferry
Hodgkin Lymphoma,All,East,2016-2020,All,Male,All,397767,2,0.5,"[0.2, 1.0]",Stevens
Hodgkin Lymphoma,All,East,2016-2020,All,Male,All,397767,2,0.5,"[0.2, 1.0]",Pend Oreille
Hodgkin Lymphoma,All,East,2016-2020,All,Male,All,397767,2,0.5,"[0.2, 1.0]",Lincoln
Hodgkin Lymphoma,All,East,2016-2020,All,Male,All,397767,2,0.5,"[0.2, 1.0]",Spokane
Hodgkin Lymphoma,All,East,2016-2020,All,Male,All,397767,2,0.5,"[0.2, 1.0]",Adams
Hodgkin Lymphoma,All,East,2016-2020,All,Male,All,397767,2,0.5,"[0.2, 1.0]",Whitman
Hodgkin Lymphoma,All,East,2016-2020,All,Male,All,397767,2,0.5,"[0.2, 1.0]",Walla Walla
Hodgkin Lymphoma,All,East,2016-2020,All,Male,All,397767,2,0.5,"[0.2, 1.0]",Columbia
Hodgkin Lymphoma,All,East,2016-2020,All,Male,All,397767,2,0.5,"[0.2, 1.0]",Garfield
Hodgkin Lymphoma,All,East,2016-2020,All,Male,All,397767,2,0.5,"[0.2, 1.0]",Asotin
Hodgkin Lymphoma,All,East,2016-2020,All,Female,All,400181,NR,NR,NR,Okanogan
Hodgkin Lymphoma,All,East,2016-2020,All,Female,All,400181,NR,NR,NR,Ferry
Hodgkin Lymphoma,All,East,2016-2020,All,Female,All,400181,NR,NR,NR,Stevens
Hodgkin Lymphoma,All,East,2016-2020,All,Female,All,400181,NR,NR,NR,Pend Oreille
Hodgkin Lymphoma,All,East,2016-2020,All,Female,All,400181,NR,NR,NR,Lincoln
Hodgkin Lymphoma,All,East,2016-2020,All,Female,All,400181,NR,NR,NR,Spokane
Hodgkin Lymphoma,All,East,2016-2020,All,Female,All,400181,NR,NR,NR,Adams
Hodgkin Lymphoma,All,East,2016-2020,All,Female,All,400181,NR,NR,NR,Whitman
Hodgkin Lymphoma,All,East,2016-2020,All,Female,All,400181,NR,NR,NR,Walla Walla
Hodgkin Lymphoma,All,East,2016-2020,All,Female,All,400181,NR,NR,NR,Columbia
Hodgkin Lymphoma,All,East,2016-2020,All,Female,All,400181,NR,NR,NR,Garfield
Hodgkin Lymphoma,All,East,2016-2020,All,Female,All,400181,NR,NR,NR,Asotin
Hodgkin Lymphoma,All,East,2016-2020,All,All,All,797948,3,0.4,"[0.2, 0.6]",Okanogan
Hodgkin Lymphoma,All,East,2016-2020,All,All,All,797948,3,0.4,"[0.2, 0.6]",Ferry
Hodgkin Lymphoma,All,East,2016-2020,All,All,All,797948,3,0.4,"[0.2, 0.6]",Stevens
Hodgkin Lymphoma,All,East,2016-2020,All,All,All,797948,3,0.4,"[0.2, 0.6]",Pend Oreille
Hodgkin Lymphoma,All,East,2016-2020,All,All,All,797948,3,0.4,"[0.2, 0.6]",Lincoln
Hodgkin Lymphoma,All,East,2016-2020,All,All,All,797948,3,0.4,"[0.2, 0.6]",Spokane
Hodgkin Lymphoma,All,East,2016-2020,All,All,All,797948,3,0.4,"[0.2, 0.6]",Adams
Hodgkin Lymphoma,All,East,2016-2020,All,All,All,797948,3,0.4,"[0.2, 0.6]",Whitman
Hodgkin Lymphoma,All,East,2016-2020,All,All,All,797948,3,0.4,"[0.2, 0.6]",Walla Walla
Hodgkin Lymphoma,All,East,2016-2020,All,All,All,797948,3,0.4,"[0.2, 0.6]",Columbia
Hodgkin Lymphoma,All,East,2016-2020,All,All,All,797948,3,0.4,"[0.2, 0.6]",Garfield
Hodgkin Lymphoma,All,East,2016-2020,All,All,All,797948,3,0.4,"[0.2, 0.6]",Asotin
Hodgkin Lymphoma,All,King,2016-2020,All,Male,All,1096115,NR,NR,NR,King
Hodgkin Lymphoma,All,King,2016-2020,All,Female,All,1094637,NR,NR,NR,King
Hodgkin Lymphoma,All,King,2016-2020,All,All,All,2190752,3,0.1,"[0.1, 0.2]",King
Hodgkin Lymphoma,All,Kitsap-Pierce,2016-2020,All,Male,All,578537,NR,NR,NR,Kitsap
Hodgkin Lymphoma,All,Kitsap-Pierce,2016-2020,All,Male,All,578537,NR,NR,NR,Pierce
Hodgkin Lymphoma,All,Kitsap-Pierce,2016-2020,All,Female,All,582342,NR,NR,NR,Kitsap
Hodgkin Lymphoma,All,Kitsap-Pierce,2016-2020,All,Female,All,582342,NR,NR,NR,Pierce
Hodgkin Lymphoma,All,Kitsap-Pierce,2016-2020,All,All,All,1160879,NR,NR,NR,Kitsap
Hodgkin Lymphoma,All,Kitsap-Pierce,2016-2020,All,All,All,1160879,NR,NR,NR,Pierce
Hodgkin Lymphoma,All,North,2016-2020,All,Male,All,620688,2,0.3,"[0.2, 0.6]",Whatcom
Hodgkin Lymphoma,All,North,2016-2020,All,Male,All,620688,2,0.3,"[0.2, 0.6]",Skagit
Hodgkin Lymphoma,All,North,2016-2020,All,Male,All,620688,2,0.3,"[0.2, 0.6]",Snohomish
Hodgkin Lymphoma,All,North,2016-2020,All,Male,All,620688,2,0.3,"[0.2, 0.6]",Island
Hodgkin Lymphoma,All,North,2016-2020,All,Male,All,620688,2,0.3,"[0.2, 0.6]",San Juan
Hodgkin Lymphoma,All,North,2016-2020,All,Female,All,628254,NR,NR,NR,Whatcom
Hodgkin Lymphoma,All,North,2016-2020,All,Female,All,628254,NR,NR,NR,Skagit
Hodgkin Lymphoma,All,North,2016-2020,All,Female,All,628254,NR,NR,NR,Snohomish
Hodgkin Lymphoma,All,North,2016-2020,All,Female,All,628254,NR,NR,NR,Island
Hodgkin Lymphoma,All,North,2016-2020,All,Female,All,628254,NR,NR,NR,San Juan
Hodgkin Lymphoma,All,North,2016-2020,All,All,All,1248942,4,0.3,"[0.2, 0.4]",Whatcom
Hodgkin Lymphoma,All,North,2016-2020,All,All,All,1248942,4,0.3,"[0.2, 0.4]",Skagit
Hodgkin Lymphoma,All,North,2016-2020,All,All,All,1248942,4,0.3,"[0.2, 0.4]",Snohomish
Hodgkin Lymphoma,All,North,2016-2020,All,All,All,1248942,4,0.3,"[0.2, 0.4]",Island
Hodgkin Lymphoma,All,North,2016-2020,All,All,All,1248942,4,0.3,"[0.2, 0.4]",San Juan
Hodgkin Lymphoma,All,West,2016-2020,All,Male,All,614665,3,0.4,"[0.2, 0.7]",Clallam
Hodgkin Lymphoma,All,West,2016-2020,All,Male,All,614665,3,0.4,"[0.2, 0.7]",Jefferson
Hodgkin Lymphoma,All,West,2016-2020,All,Male,All,614665,3,0.4,"[0.2, 0.7]",Grays Harbor
Hodgkin Lymphoma,All,West,2016-2020,All,Male,All,614665,3,0.4,"[0.2, 0.7]",Mason
Hodgkin Lymphoma,All,West,2016-2020,All,Male,All,614665,3,0.4,"[0.2, 0.7]",Thurston
Hodgkin Lymphoma,All,West,2016-2020,All,Male,All,614665,3,0.4,"[0.2, 0.7]",Pacific
Hodgkin Lymphoma,All,West,2016-2020,All,Male,All,614665,3,0.4,"[0.2, 0.7]",Lewis
Hodgkin Lymphoma,All,West,2016-2020,All,Male,All,614665,3,0.4,"[0.2, 0.7]",Cowlitz
Hodgkin Lymphoma,All,West,2016-2020,All,Male,All,614665,3,0.4,"[0.2, 0.7]",Skamania
Hodgkin Lymphoma,All,West,2016-2020,All,Male,All,614665,3,0.4,"[0.2, 0.7]",Clark
Hodgkin Lymphoma,All,West,2016-2020,All,Female,All,626275,NR,NR,NR,Clallam
Hodgkin Lymphoma,All,West,2016-2020,All,Female,All,626275,NR,NR,NR,Jefferson
Hodgkin Lymphoma,All,West,2016-2020,All,Female,All,626275,NR,NR,NR,Grays Harbor
Hodgkin Lymphoma,All,West,2016-2020,All,Female,All,626275,NR,NR,NR,Mason
Hodgkin Lymphoma,All,West,2016-2020,All,Female,All,626275,NR,NR,NR,Thurston
Hodgkin Lymphoma,All,West,2016-2020,All,Female,All,626275,NR,NR,NR,Pacific
Hodgkin Lymphoma,All,West,2016-2020,All,Female,All,626275,NR,NR,NR,Lewis
Hodgkin Lymphoma,All,West,2016-2020,All,Female,All,626275,NR,NR,NR,Cowlitz
Hodgkin Lymphoma,All,West,2016-2020,All,Female,All,626275,NR,NR,NR,Skamania
Hodgkin Lymphoma,All,West,2016-2020,All,Female,All,626275,NR,NR,NR,Clark
Hodgkin Lymphoma,All,West,2016-2020,All,All,All,1240940,4,0.3,"[0.2, 0.4]",Clallam
Hodgkin Lymphoma,All,West,2016-2020,All,All,All,1240940,4,0.3,"[0.2, 0.4]",Jefferson
Hodgkin Lymphoma,All,West,2016-2020,All,All,All,1240940,4,0.3,"[0.2, 0.4]",Grays Harbor
Hodgkin Lymphoma,All,West,2016-2020,All,All,All,1240940,4,0.3,"[0.2, 0.4]",Mason
Hodgkin Lymphoma,All,West,2016-2020,All,All,All,1240940,4,0.3,"[0.2, 0.4]",Thurston
Hodgkin Lymphoma,All,West,2016-2020,All,All,All,1240940,4,0.3,"[0.2, 0.4]",Pacific
Hodgkin Lymphoma,All,West,2016-2020,All,All,All,1240940,4,0.3,"[0.2, 0.4]",Lewis
Hodgkin Lymphoma,All,West,2016-2020,All,All,All,1240940,4,0.3,"[0.2, 0.4]",Cowlitz
Hodgkin Lymphoma,All,West,2016-2020,All,All,All,1240940,4,0.3,"[0.2, 0.4]",Skamania
Hodgkin Lymphoma,All,West,2016-2020,All,All,All,1240940,4,0.3,"[0.2, 0.4]",Clark
Kidney and Renal Pelvis,All,Adams,2016-2020,All,Male,All,10282,NR,NR,NR,Adams
Kidney and Renal Pelvis,All,Adams,2016-2020,All,Female,All,9889,NR,NR,NR,Adams
Kidney and Renal Pelvis,All,Adams,2016-2020,All,All,All,20172,NR,NR,NR,Adams
Kidney and Renal Pelvis,All,Asotin,2016-2020,All,Male,All,10756,2,10.7,"[5.1, 23.5]",Asotin
Kidney and Renal Pelvis,All,Asotin,2016-2020,All,Female,All,11370,NR,NR,NR,Asotin
Kidney and Renal Pelvis,All,Asotin,2016-2020,All,All,All,22126,3,6.7,"[3.5, 13.2]",Asotin
Kidney and Renal Pelvis,All,Benton,2016-2020,All,Male,All,98978,6,6.0,"[4.0, 8.7]",Benton
Kidney and Renal Pelvis,All,Benton,2016-2020,All,Female,All,99958,3,2.5,"[1.4, 4.3]",Benton
Kidney and Renal Pelvis,All,Benton,2016-2020,All,All,All,198936,9,4.2,"[3.0, 5.6]",Benton
Kidney and Renal Pelvis,All,Chelan,2016-2020,All,Male,All,38595,NR,NR,NR,Chelan
Kidney and Renal Pelvis,All,Chelan,2016-2020,All,Female,All,38682,NR,NR,NR,Chelan
Kidney and Renal Pelvis,All,Chelan,2016-2020,All,All,All,77278,NR,NR,NR,Chelan
Kidney and Renal Pelvis,All,Clallam,2016-2020,All,Male,All,37283,4,4.8,"[2.9, 8.9]",Clallam
Kidney and Renal Pelvis,All,Clallam,2016-2020,All,Female,All,38345,NR,NR,NR,Clallam
Kidney and Renal Pelvis,All,Clallam,2016-2020,All,All,All,75628,6,3.3,"[2.2, 5.4]",Clallam
Kidney and Renal Pelvis,All,Clark,2016-2020,All,Male,All,237977,12,4.8,"[3.7, 6.3]",Clark
Kidney and Renal Pelvis,All,Clark,2016-2020,All,Female,All,243884,9,2.9,"[2.1, 4.0]",Clark
Kidney and Renal Pelvis,All,Clark,2016-2020,All,All,All,481861,22,3.8,"[3.1, 4.6]",Clark
Kidney and Renal Pelvis,All,Columbia,2016-2020,All,Male,All,1973,NR,NR,NR,Columbia
Kidney and Renal Pelvis,All,Columbia,2016-2020,All,Female,All,1998,NR,NR,NR,Columbia
Kidney and Renal Pelvis,All,Columbia,2016-2020,All,All,All,3971,NR,NR,NR,Columbia
Kidney and Renal Pelvis,All,Cowlitz,2016-2020,All,Male,All,53421,5,7.7,"[5.0, 11.7]",Cowlitz
Kidney and Renal Pelvis,All,Cowlitz,2016-2020,All,Female,All,54522,3,3.0,"[1.6, 5.7]",Cowlitz
Kidney and Renal Pelvis,All,Cowlitz,2016-2020,All,All,All,107943,8,5.1,"[3.7, 7.2]",Cowlitz
Kidney and Renal Pelvis,All,Douglas,2016-2020,All,Male,All,20946,NR,NR,NR,Douglas
Kidney and Renal Pelvis,All,Douglas,2016-2020,All,Female,All,20701,NR,NR,NR,Douglas
Kidney and Renal Pelvis,All,Douglas,2016-2020,All,All,All,41647,NR,NR,NR,Douglas
Kidney and Renal Pelvis,All,Ferry,2016-2020,All,Male,All,3694,NR,NR,NR,Ferry
Kidney and Renal Pelvis,All,Ferry,2016-2020,All,Female,All,3550,NR,NR,NR,Ferry
Kidney and Renal Pelvis,All,Ferry,2016-2020,All,All,All,7245,NR,NR,NR,Ferry
Kidney and Renal Pelvis,All,Franklin,2016-2020,All,Male,All,47829,NR,NR,NR,Franklin
Kidney and Renal Pelvis,All,Franklin,2016-2020,All,Female,All,44703,NR,NR,NR,Franklin
Kidney and Renal Pelvis,All,Franklin,2016-2020,All,All,All,92532,2,2.9,"[1.3, 5.5]",Franklin
Kidney and Renal Pelvis,All,Garfield,2016-2020,All,Male,All,1149,NR,NR,NR,Garfield
Kidney and Renal Pelvis,All,Garfield,2016-2020,All,Female,All,1124,NR,NR,NR,Garfield
Kidney and Renal Pelvis,All,Garfield,2016-2020,All,All,All,2272,NR,NR,NR,Garfield
Kidney and Renal Pelvis,All,Grant,2016-2020,All,Male,All,49209,4,7.2,"[4.2, 11.7]",Grant
Kidney and Renal Pelvis,All,Grant,2016-2020,All,Female,All,46950,NR,NR,NR,Grant
Kidney and Renal Pelvis,All,Grant,2016-2020,All,All,All,96159,5,5.0,"[3.2, 7.5]",Grant
Kidney and Renal Pelvis,All,Grays Harbor,2016-2020,All,Male,All,38179,3,5.2,"[2.8, 9.5]",Grays Harbor
Kidney and Renal Pelvis,All,Grays Harbor,2016-2020,All,Female,All,36373,2,3.8,"[1.7, 8.2]",Grays Harbor
Kidney and Renal Pelvis,All,Grays Harbor,2016-2020,All,All,All,74552,5,4.6,"[2.8, 7.2]",Grays Harbor
Kidney and Renal Pelvis,All,Island,2016-2020,All,Male,All,42072,4,6.6,"[3.9, 11.2]",Island
Kidney and Renal Pelvis,All,Island,2016-2020,All,Female,All,42860,NR,NR,NR,Island
Kidney and Renal Pelvis,All,Island,2016-2020,All,All,All,84932,5,4.1,"[2.6, 6.5]",Island
Kidney and Renal Pelvis,All,Jefferson,2016-2020,All,Male,All,15920,NR,NR,NR,Jefferson
Kidney and Renal Pelvis,All,Jefferson,2016-2020,All,Female,All,16416,NR,NR,NR,Jefferson
Kidney and Renal Pelvis,All,Jefferson,2016-2020,All,All,All,32336,2,3.1,"[1.6, 8.5]",Jefferson
Kidney and Renal Pelvis,All,King,2016-2020,All,Male,All,1096115,44,4.2,"[3.7, 4.9]",King
Kidney and Renal Pelvis,All,King,2016-2020,All,Female,All,1094637,17,1.3,"[1.0, 1.6]",King
Kidney and Renal Pelvis,All,King,2016-2020,All,All,All,2190752,61,2.6,"[2.3, 2.9]",King
Kidney and Renal Pelvis,All,Kitsap,2016-2020,All,Male,All,136205,7,4.7,"[3.2, 6.6]",Kitsap
Kidney and Renal Pelvis,All,Kitsap,2016-2020,All,Female,All,132989,5,2.8,"[1.8, 4.3]",Kitsap
Kidney and Renal Pelvis,All,Kitsap,2016-2020,All,All,All,269194,12,3.6,"[2.7, 4.7]",Kitsap
Kidney and Renal Pelvis,All,Kittitas,2016-2020,All,Male,All,22480,NR,NR,NR,Kittitas
Kidney and Renal Pelvis,All,Kittitas,2016-2020,All,Female,All,22165,NR,NR,NR,Kittitas
Kidney and Renal Pelvis,All,Kittitas,2016-2020,All,All,All,44645,3,5.5,"[3.0, 9.8]",Kittitas
Kidney and Renal Pelvis,All,Klickitat,2016-2020,All,Male,All,11295,NR,NR,NR,Klickitat
Kidney and Renal Pelvis,All,Klickitat,2016-2020,All,Female,All,10818,NR,NR,NR,Klickitat
Kidney and Renal Pelvis,All,Klickitat,2016-2020,All,All,All,22113,2,6.1,"[3.0, 13.0]",Klickitat
Kidney and Renal Pelvis,All,Lewis,2016-2020,All,Male,All,40168,3,5.1,"[2.6, 9.4]",Lewis
Kidney and Renal Pelvis,All,Lewis,2016-2020,All,Female,All,40148,2,3.3,"[1.6, 6.7]",Lewis
Kidney and Renal Pelvis,All,Lewis,2016-2020,All,All,All,80317,5,4.2,"[2.6, 6.6]",Lewis
Kidney and Renal Pelvis,All,Lincoln,2016-2020,All,Male,All,5414,NR,NR,NR,Lincoln
Kidney and Renal Pelvis,All,Lincoln,2016-2020,All,Female,All,5351,NR,NR,NR,Lincoln
Kidney and Renal Pelvis,All,Lincoln,2016-2020,All,All,All,10765,NR,NR,NR,Lincoln
Kidney and Renal Pelvis,All,Mason,2016-2020,All,Male,All,33239,4,7.3,"[4.3, 12.4]",Mason
Kidney and Renal Pelvis,All,Mason,2016-2020,All,Female,All,31257,NR,NR,NR,Mason
Kidney and Renal Pelvis,All,Mason,2016-2020,All,All,All,64496,5,4.8,"[3.1, 7.6]",Mason
Kidney and Renal Pelvis,All,Okanogan,2016-2020,All,Male,All,21467,2,7.5,"[3.7, 14.9]",Okanogan
Kidney and Renal Pelvis,All,Okanogan,2016-2020,All,Female,All,20466,NR,NR,NR,Okanogan
Kidney and Renal Pelvis,All,Okanogan,2016-2020,All,All,All,41932,3,4.3,"[2.4, 8.0]",Okanogan
Kidney and Renal Pelvis,All,Pacific,2016-2020,All,Male,All,11357,NR,NR,NR,Pacific
Kidney and Renal Pelvis,All,Pacific,2016-2020,All,Female,All,11398,NR,NR,NR,Pacific
Kidney and Renal Pelvis,All,Pacific,2016-2020,All,All,All,22755,2,4.3,"[1.9, 11.0]",Pacific
Kidney and Renal Pelvis,All,Pend Oreille,2016-2020,All,Male,All,6738,NR,NR,NR,Pend Oreille
Kidney and Renal Pelvis,All,Pend Oreille,2016-2020,All,Female,All,6542,NR,NR,NR,Pend Oreille
Kidney and Renal Pelvis,All,Pend Oreille,2016-2020,All,All,All,13280,NR,NR,NR,Pend Oreille
Kidney and Renal Pelvis,All,Pierce,2016-2020,All,Male,All,442332,24,5.6,"[4.6, 6.8]",Pierce
Kidney and Renal Pelvis,All,Pierce,2016-2020,All,Female,All,449353,11,2.3,"[1.7, 3.0]",Pierce
Kidney and Renal Pelvis,All,Pierce,2016-2020,All,All,All,891685,36,3.8,"[3.2, 4.4]",Pierce
Kidney and Renal Pelvis,All,San Juan,2016-2020,All,Male,All,8396,NR,NR,NR,San Juan
Kidney and Renal Pelvis,All,San Juan,2016-2020,All,Female,All,8842,NR,NR,NR,San Juan
Kidney and Renal Pelvis,All,San Juan,2016-2020,All,All,All,17238,NR,NR,NR,San Juan
Kidney and Renal Pelvis,All,Skagit,2016-2020,All,Male,All,62062,8,8.7,"[6.2, 12.3]",Skagit
Kidney and Renal Pelvis,All,Skagit,2016-2020,All,Female,All,63868,NR,NR,NR,Skagit
Kidney and Renal Pelvis,All,Skagit,2016-2020,All,All,All,125929,10,4.9,"[3.6, 6.7]",Skagit
Kidney and Renal Pelvis,All,Skamania,2016-2020,All,Male,All,5817,NR,NR,NR,Skamania
Kidney and Renal Pelvis,All,Skamania,2016-2020,All,Female,All,5607,NR,NR,NR,Skamania
Kidney and Renal Pelvis,All,Skamania,2016-2020,All,All,All,11424,NR,NR,NR,Skamania
Kidney and Renal Pelvis,All,Snohomish,2016-2020,All,Male,All,399947,16,4.1,"[3.2, 5.2]",Snohomish
Kidney and Renal Pelvis,All,Snohomish,2016-2020,All,Female,All,400972,8,1.7,"[1.2, 2.3]",Snohomish
Kidney and Renal Pelvis,All,Snohomish,2016-2020,All,All,All,800919,24,2.8,"[2.3, 3.3]",Snohomish
Kidney and Renal Pelvis,All,Spokane,2016-2020,All,Male,All,258269,12,3.9,"[2.9, 5.1]",Spokane
Kidney and Renal Pelvis,All,Spokane,2016-2020,All,Female,All,263176,10,2.8,"[2.0, 3.8]",Spokane
Kidney and Renal Pelvis,All,Spokane,2016-2020,All,All,All,521445,22,3.3,"[2.7, 4.0]",Spokane
Kidney and Renal Pelvis,All,Stevens,2016-2020,All,Male,All,22895,2,5.6,"[2.5, 12.4]",Stevens
Kidney and Renal Pelvis,All,Stevens,2016-2020,All,Female,All,22748,NR,NR,NR,Stevens
Kidney and Renal Pelvis,All,Stevens,2016-2020,All,All,All,45643,2,3.4,"[1.7, 6.9]",Stevens
Kidney and Renal Pelvis,All,Thurston,2016-2020,All,Male,All,139164,8,4.7,"[3.3, 6.5]",Thurston
Kidney and Renal Pelvis,All,Thurston,2016-2020,All,Female,All,146165,4,1.8,"[1.1, 3.0]",Thurston
Kidney and Renal Pelvis,All,Thurston,2016-2020,All,All,All,285329,12,3.1,"[2.4, 4.1]",Thurston
Kidney and Renal Pelvis,All,Wahkiakum,2016-2020,All,Male,All,2139,NR,NR,NR,Wahkiakum
Kidney and Renal Pelvis,All,Wahkiakum,2016-2020,All,Female,All,2160,NR,NR,NR,Wahkiakum
Kidney and Renal Pelvis,All,Wahkiakum,2016-2020,All,All,All,4299,NR,NR,NR,Wahkiakum
Kidney and Renal Pelvis,All,Walla Walla,2016-2020,All,Male,All,31463,2,6.2,"[3.1, 11.7]",Walla Walla
Kidney and Renal Pelvis,All,Walla Walla,2016-2020,All,Female,All,30305,NR,NR,NR,Walla Walla
Kidney and Renal Pelvis,All,Walla Walla,2016-2020,All,All,All,61767,3,3.6,"[2.0, 6.3]",Walla Walla
Kidney and Renal Pelvis,All,Whatcom,2016-2020,All,Male,All,108211,6,5.3,"[3.6, 7.7]",Whatcom
Kidney and Renal Pelvis,All,Whatcom,2016-2020,All,Female,All,111712,3,1.8,"[0.9, 3.3]",Whatcom
Kidney and Renal Pelvis,All,Whatcom,2016-2020,All,All,All,219923,9,3.4,"[2.4, 4.6]",Whatcom
Kidney and Renal Pelvis,All,Whitman,2016-2020,All,Male,All,23667,NR,NR,NR,Whitman
Kidney and Renal Pelvis,All,Whitman,2016-2020,All,Female,All,23662,NR,NR,NR,Whitman
Kidney and Renal Pelvis,All,Whitman,2016-2020,All,All,All,47329,NR,NR,NR,Whitman
Kidney and Renal Pelvis,All,Yakima,2016-2020,All,Male,All,126641,7,5.6,"[3.9, 7.9]",Yakima
Kidney and Renal Pelvis,All,Yakima,2016-2020,All,Female,All,127169,4,2.9,"[1.8, 4.6]",Yakima
Kidney and Renal Pelvis,All,Yakima,2016-2020,All,All,All,253810,12,4.2,"[3.2, 5.5]",Yakima
Larynx,All,Adams,2016-2020,All,Male,All,10282,NR,NR,NR,Adams
Larynx,All,Adams,2016-2020,All,Female,All,9889,NR,NR,NR,Adams
Larynx,All,Adams,2016-2020,All,All,All,20172,NR,NR,NR,Adams
Larynx,All,Asotin,2016-2020,All,Male,All,10756,NR,NR,NR,Asotin
Larynx,All,Asotin,2016-2020,All,Female,All,11370,NR,NR,NR,Asotin
Larynx,All,Asotin,2016-2020,All,All,All,22126,NR,NR,NR,Asotin
Larynx,All,Benton,2016-2020,All,Male,All,98978,NR,NR,NR,Benton
Larynx,All,Benton,2016-2020,All,Female,All,99958,NR,NR,NR,Benton
Larynx,All,Benton,2016-2020,All,All,All,198936,NR,NR,NR,Benton
Larynx,All,Chelan,2016-2020,All,Male,All,38595,NR,NR,NR,Chelan
Larynx,All,Chelan,2016-2020,All,Female,All,38682,NR,NR,NR,Chelan
Larynx,All,Chelan,2016-2020,All,All,All,77278,NR,NR,NR,Chelan
Larynx,All,Clallam,2016-2020,All,Male,All,37283,NR,NR,NR,Clallam
Larynx,All,Clallam,2016-2020,All,Female,All,38345,NR,NR,NR,Clallam
Larynx,All,Clallam,2016-2020,All,All,All,75628,NR,NR,NR,Clallam
Larynx,All,Clark,2016-2020,All,Male,All,237977,3,1.0,"[0.5, 1.7]",Clark
Larynx,All,Clark,2016-2020,All,Female,All,243884,NR,NR,NR,Clark
Larynx,All,Clark,2016-2020,All,All,All,481861,4,0.6,"[0.4, 1.0]",Clark
Larynx,All,Columbia,2016-2020,All,Male,All,1973,NR,NR,NR,Columbia
Larynx,All,Columbia,2016-2020,All,Female,All,1998,NR,NR,NR,Columbia
Larynx,All,Columbia,2016-2020,All,All,All,3971,NR,NR,NR,Columbia
Larynx,All,Cowlitz,2016-2020,All,Male,All,53421,NR,NR,NR,Cowlitz
Larynx,All,Cowlitz,2016-2020,All,Female,All,54522,NR,NR,NR,Cowlitz
Larynx,All,Cowlitz,2016-2020,All,All,All,107943,NR,NR,NR,Cowlitz
Larynx,All,Douglas,2016-2020,All,Male,All,20946,NR,NR,NR,Douglas
Larynx,All,Douglas,2016-2020,All,Female,All,20701,NR,NR,NR,Douglas
Larynx,All,Douglas,2016-2020,All,All,All,41647,NR,NR,NR,Douglas
Larynx,All,Ferry,2016-2020,All,Male,All,3694,NR,NR,NR,Ferry
Larynx,All,Ferry,2016-2020,All,Female,All,3550,NR,NR,NR,Ferry
Larynx,All,Ferry,2016-2020,All,All,All,7245,NR,NR,NR,Ferry
Larynx,All,Franklin,2016-2020,All,Male,All,47829,NR,NR,NR,Franklin
Larynx,All,Franklin,2016-2020,All,Female,All,44703,NR,NR,NR,Franklin
Larynx,All,Franklin,2016-2020,All,All,All,92532,NR,NR,NR,Franklin
Larynx,All,Garfield,2016-2020,All,Male,All,1149,NR,NR,NR,Garfield
Larynx,All,Garfield,2016-2020,All,Female,All,1124,NR,NR,NR,Garfield
Larynx,All,Garfield,2016-2020,All,All,All,2272,NR,NR,NR,Garfield
Larynx,All,Grant,2016-2020,All,Male,All,49209,NR,NR,NR,Grant
Larynx,All,Grant,2016-2020,All,Female,All,46950,NR,NR,NR,Grant
Larynx,All,Grant,2016-2020,All,All,All,96159,NR,NR,NR,Grant
Larynx,All,Grays Harbor,2016-2020,All,Male,All,38179,NR,NR,NR,Grays Harbor
Larynx,All,Grays Harbor,2016-2020,All,Female,All,36373,NR,NR,NR,Grays Harbor
Larynx,All,Grays Harbor,2016-2020,All,All,All,74552,NR,NR,NR,Grays Harbor
Larynx,All,Island,2016-2020,All,Male,All,42072,NR,NR,NR,Island
Larynx,All,Island,2016-2020,All,Female,All,42860,NR,NR,NR,Island
Larynx,All,Island,2016-2020,All,All,All,84932,NR,NR,NR,Island
Larynx,All,Jefferson,2016-2020,All,Male,All,15920,NR,NR,NR,Jefferson
Larynx,All,Jefferson,2016-2020,All,Female,All,16416,NR,NR,NR,Jefferson
Larynx,All,Jefferson,2016-2020,All,All,All,32336,NR,NR,NR,Jefferson
Larynx,All,King,2016-2020,All,Male,All,1096115,12,1.1,"[0.8, 1.5]",King
Larynx,All,King,2016-2020,All,Female,All,1094637,2,0.2,"[0.1, 0.3]",King
Larynx,All,King,2016-2020,All,All,All,2190752,14,0.6,"[0.5, 0.7]",King
Larynx,All,Kitsap,2016-2020,All,Male,All,136205,NR,NR,NR,Kitsap
Larynx,All,Kitsap,2016-2020,All,Female,All,132989,NR,NR,NR,Kitsap
Larynx,All,Kitsap,2016-2020,All,All,All,269194,2,0.6,"[0.3, 1.2]",Kitsap
Larynx,All,Kittitas,2016-2020,All,Male,All,22480,NR,NR,NR,Kittitas
Larynx,All,Kittitas,2016-2020,All,Female,All,22165,NR,NR,NR,Kittitas
Larynx,All,Kittitas,2016-2020,All,All,All,44645,NR,NR,NR,Kittitas
Larynx,All,Klickitat,2016-2020,All,Male,All,11295,NR,NR,NR,Klickitat
Larynx,All,Klickitat,2016-2020,All,Female,All,10818,NR,NR,NR,Klickitat
Larynx,All,Klickitat,2016-2020,All,All,All,22113,NR,NR,NR,Klickitat
Larynx,All,Lewis,2016-2020,All,Male,All,40168,NR,NR,NR,Lewis
Larynx,All,Lewis,2016-2020,All,Female,All,40148,NR,NR,NR,Lewis
Larynx,All,Lewis,2016-2020,All,All,All,80317,NR,NR,NR,Lewis
Larynx,All,Lincoln,2016-2020,All,Male,All,5414,NR,NR,NR,Lincoln
Larynx,All,Lincoln,2016-2020,All,Female,All,5351,NR,NR,NR,Lincoln
Larynx,All,Lincoln,2016-2020,All,All,All,10765,NR,NR,NR,Lincoln
Larynx,All,Mason,2016-2020,All,Male,All,33239,NR,NR,NR,Mason
Larynx,All,Mason,2016-2020,All,Female,All,31257,NR,NR,NR,Mason
Larynx,All,Mason,2016-2020,All,All,All,64496,NR,NR,NR,Mason
Larynx,All,Okanogan,2016-2020,All,Male,All,21467,NR,NR,NR,Okanogan
Larynx,All,Okanogan,2016-2020,All,Female,All,20466,NR,NR,NR,Okanogan
Larynx,All,Okanogan,2016-2020,All,All,All,41932,NR,NR,NR,Okanogan
Larynx,All,Pacific,2016-2020,All,Male,All,11357,NR,NR,NR,Pacific
Larynx,All,Pacific,2016-2020,All,Female,All,11398,NR,NR,NR,Pacific
Larynx,All,Pacific,2016-2020,All,All,All,22755,NR,NR,NR,Pacific
Larynx,All,Pend Oreille,2016-2020,All,Male,All,6738,NR,NR,NR,Pend Oreille
Larynx,All,Pend Oreille,2016-2020,All,Female,All,6542,NR,NR,NR,Pend Oreille
Larynx,All,Pend Oreille,2016-2020,All,All,All,13280,NR,NR,NR,Pend Oreille
Larynx,All,Pierce,2016-2020,All,Male,All,442332,7,1.6,"[1.1, 2.3]",Pierce
Larynx,All,Pierce,2016-2020,All,Female,All,449353,NR,NR,NR,Pierce
Larynx,All,Pierce,2016-2020,All,All,All,891685,8,0.8,"[0.6, 1.1]",Pierce
Larynx,All,San Juan,2016-2020,All,Male,All,8396,NR,NR,NR,San Juan
Larynx,All,San Juan,2016-2020,All,Female,All,8842,NR,NR,NR,San Juan
Larynx,All,San Juan,2016-2020,All,All,All,17238,NR,NR,NR,San Juan
Larynx,All,Skagit,2016-2020,All,Male,All,62062,NR,NR,NR,Skagit
Larynx,All,Skagit,2016-2020,All,Female,All,63868,NR,NR,NR,Skagit
Larynx,All,Skagit,2016-2020,All,All,All,125929,NR,NR,NR,Skagit
Larynx,All,Skamania,2016-2020,All,Male,All,5817,NR,NR,NR,Skamania
Larynx,All,Skamania,2016-2020,All,Female,All,5607,NR,NR,NR,Skamania
Larynx,All,Skamania,2016-2020,All,All,All,11424,NR,NR,NR,Skamania
Larynx,All,Snohomish,2016-2020,All,Male,All,399947,4,1.1,"[0.7, 1.8]",Snohomish
Larynx,All,Snohomish,2016-2020,All,Female,All,400972,NR,NR,NR,Snohomish
Larynx,All,Snohomish,2016-2020,All,All,All,800919,5,0.6,"[0.4, 0.9]",Snohomish
Larynx,All,Spokane,2016-2020,All,Male,All,258269,5,1.7,"[1.1, 2.6]",Spokane
Larynx,All,Spokane,2016-2020,All,Female,All,263176,NR,NR,NR,Spokane
Larynx,All,Spokane,2016-2020,All,All,All,521445,6,0.9,"[0.6, 1.4]",Spokane
Larynx,All,Stevens,2016-2020,All,Male,All,22895,NR,NR,NR,Stevens
Larynx,All,Stevens,2016-2020,All,Female,All,22748,NR,NR,NR,Stevens
Larynx,All,Stevens,2016-2020,All,All,All,45643,NR,NR,NR,Stevens
Larynx,All,Thurston,2016-2020,All,Male,All,139164,NR,NR,NR,Thurston
Larynx,All,Thurston,2016-2020,All,Female,All,146165,NR,NR,NR,Thurston
Larynx,All,Thurston,2016-2020,All,All,All,285329,NR,NR,NR,Thurston
Larynx,All,Wahkiakum,2016-2020,All,Male,All,2139,NR,NR,NR,Wahkiakum
Larynx,All,Wahkiakum,2016-2020,All,Female,All,2160,NR,NR,NR,Wahkiakum
Larynx,All,Wahkiakum,2016-2020,All,All,All,4299,NR,NR,NR,Wahkiakum
Larynx,All,Walla Walla,2016-2020,All,Male,All,31463,NR,NR,NR,Walla Walla
Larynx,All,Walla Walla,2016-2020,All,Female,All,30305,NR,NR,NR,Walla Walla
Larynx,All,Walla Walla,2016-2020,All,All,All,61767,NR,NR,NR,Walla Walla
Larynx,All,Whatcom,2016-2020,All,Male,All,108211,NR,NR,NR,Whatcom
Larynx,All,Whatcom,2016-2020,All,Female,All,111712,NR,NR,NR,Whatcom
Larynx,All,Whatcom,2016-2020,All,All,All,219923,NR,NR,NR,Whatcom
Larynx,All,Whitman,2016-2020,All,Male,All,23667,NR,NR,NR,Whitman
Larynx,All,Whitman,2016-2020,All,Female,All,23662,NR,NR,NR,Whitman
Larynx,All,Whitman,2016-2020,All,All,All,47329,NR,NR,NR,Whitman
Larynx,All,Yakima,2016-2020,All,Male,All,126641,3,1.9,"[1.0, 3.5]",Yakima
Larynx,All,Yakima,2016-2020,All,Female,All,127169,NR,NR,NR,Yakima
Larynx,All,Yakima,2016-2020,All,All,All,253810,3,1.1,"[0.6, 1.9]",Yakima
Leukemia,All,Adams,2016-2020,All,Male,All,10282,NR,NR,NR,Adams
Leukemia,All,Adams,2016-2020,All,Female,All,9889,NR,NR,NR,Adams
Leukemia,All,Adams,2016-2020,All,All,All,20172,2,11.9,"[5.6, 22.4]",Adams
Leukemia,All,Asotin,2016-2020,All,Male,All,10756,NR,NR,NR,Asotin
Leukemia,All,Asotin,2016-2020,All,Female,All,11370,NR,NR,NR,Asotin
Leukemia,All,Asotin,2016-2020,All,All,All,22126,2,6.4,"[3.1, 13.3]",Asotin
Leukemia,All,Benton,2016-2020,All,Male,All,98978,9,9.6,"[7.0, 13.0]",Benton
Leukemia,All,Benton,2016-2020,All,Female,All,99958,6,4.5,"[3.0, 6.6]",Benton
Leukemia,All,Benton,2016-2020,All,All,All,198936,15,6.7,"[5.2, 8.5]",Benton
Leukemia,All,Chelan,2016-2020,All,Male,All,38595,4,7.7,"[4.7, 12.5]",Chelan
Leukemia,All,Chelan,2016-2020,All,Female,All,38682,3,4.6,"[2.5, 8.5]",Chelan
Leukemia,All,Chelan,2016-2020,All,All,All,77278,7,5.9,"[4.1, 8.6]",Chelan
Leukemia,All,Clallam,2016-2020,All,Male,All,37283,6,9.5,"[6.2, 14.7]",Clallam
Leukemia,All,Clallam,2016-2020,All,Female,All,38345,3,3.7,"[1.9, 7.8]",Clallam
Leukemia,All,Clallam,2016-2020,All,All,All,75628,9,6.3,"[4.4, 9.1]",Clallam
Leukemia,All,Clark,2016-2020,All,Male,All,237977,18,7.5,"[6.0, 9.4]",Clark
Leukemia,All,Clark,2016-2020,All,Female,All,243884,11,3.8,"[2.9, 5.0]",Clark
Leukemia,All,Clark,2016-2020,All,All,All,481861,29,5.5,"[4.6, 6.5]",Clark
Leukemia,All,Columbia,2016-2020,All,Male,All,1973,NR,NR,NR,Columbia
Leukemia,All,Columbia,2016-2020,All,Female,All,1998,NR,NR,NR,Columbia
Leukemia,All,Columbia,2016-2020,All,All,All,3971,NR,NR,NR,Columbia
Leukemia,All,Cowlitz,2016-2020,All,Male,All,53421,4,6.8,"[4.2, 10.7]",Cowlitz
Leukemia,All,Cowlitz,2016-2020,All,Female,All,54522,3,3.8,"[2.1, 6.9]",Cowlitz
Leukemia,All,Cowlitz,2016-2020,All,All,All,107943,7,5.1,"[3.6, 7.3]",Cowlitz
Leukemia,All,Douglas,2016-2020,All,Male,All,20946,2,9.9,"[5.0, 18.4]",Douglas
Leukemia,All,Douglas,2016-2020,All,Female,All,20701,NR,NR,NR,Douglas
Leukemia,All,Douglas,2016-2020,All,All,All,41647,4,8.3,"[5.0, 13.3]",Douglas
Leukemia,All,Ferry,2016-2020,All,Male,All,3694,NR,NR,NR,Ferry
Leukemia,All,Ferry,2016-2020,All,Female,All,3550,NR,NR,NR,Ferry
Leukemia,All,Ferry,2016-2020,All,All,All,7245,NR,NR,NR,Ferry
Leukemia,All,Franklin,2016-2020,All,Male,All,47829,NR,NR,NR,Franklin
Leukemia,All,Franklin,2016-2020,All,Female,All,44703,NR,NR,NR,Franklin
Leukemia,All,Franklin,2016-2020,All,All,All,92532,2,3.3,"[1.7, 6.1]",Franklin
Leukemia,All,Garfield,2016-2020,All,Male,All,1149,NR,NR,NR,Garfield
Leukemia,All,Garfield,2016-2020,All,Female,All,1124,NR,NR,NR,Garfield
Leukemia,All,Garfield,2016-2020,All,All,All,2272,NR,NR,NR,Garfield
Leukemia,All,Grant,2016-2020,All,Male,All,49209,3,5.6,"[3.0, 9.7]",Grant
Leukemia,All,Grant,2016-2020,All,Female,All,46950,NR,NR,NR,Grant
Leukemia,All,Grant,2016-2020,All,All,All,96159,5,4.4,"[2.8, 6.8]",Grant
Leukemia,All,Grays Harbor,2016-2020,All,Male,All,38179,3,6.5,"[3.6, 11.4]",Grays Harbor
Leukemia,All,Grays Harbor,2016-2020,All,Female,All,36373,3,5.1,"[2.9, 9.3]",Grays Harbor
Leukemia,All,Grays Harbor,2016-2020,All,All,All,74552,6,5.9,"[3.9, 8.7]",Grays Harbor
Leukemia,All,Island,2016-2020,All,Male,All,42072,4,5.3,"[3.1, 9.3]",Island
Leukemia,All,Island,2016-2020,All,Female,All,42860,3,4.0,"[2.1, 7.7]",Island
Leukemia,All,Island,2016-2020,All,All,All,84932,6,4.5,"[3.1, 6.9]",Island
Leukemia,All,Jefferson,2016-2020,All,Male,All,15920,2,4.9,"[2.3, 14.9]",Jefferson
Leukemia,All,Jefferson,2016-2020,All,Female,All,16416,NR,NR,NR,Jefferson
Leukemia,All,Jefferson,2016-2020,All,All,All,32336,3,3.8,"[2.2, 9.2]",Jefferson
Leukemia,All,King,2016-2020,All,Male,All,1096115,68,7.3,"[6.5, 8.1]",King
Leukemia,All,King,2016-2020,All,Female,All,1094637,46,3.7,"[3.2, 4.2]",King
Leukemia,All,King,2016-2020,All,All,All,2190752,114,5.2,"[4.7, 5.6]",King
Leukemia,All,Kitsap,2016-2020,All,Male,All,136205,10,6.9,"[5.1, 9.2]",Kitsap
Leukemia,All,Kitsap,2016-2020,All,Female,All,132989,7,3.9,"[2.6, 5.6]",Kitsap
Leukemia,All,Kitsap,2016-2020,All,All,All,269194,17,5.2,"[4.1, 6.5]",Kitsap
Leukemia,All,Kittitas,2016-2020,All,Male,All,22480,2,9.2,"[4.5, 17.9]",Kittitas
Leukemia,All,Kittitas,2016-2020,All,Female,All,22165,NR,NR,NR,Kittitas
Leukemia,All,Kittitas,2016-2020,All,All,All,44645,3,5.9,"[3.3, 10.3]",Kittitas
Leukemia,All,Klickitat,2016-2020,All,Male,All,11295,NR,NR,NR,Klickitat
Leukemia,All,Klickitat,2016-2020,All,Female,All,10818,NR,NR,NR,Klickitat
Leukemia,All,Klickitat,2016-2020,All,All,All,22113,NR,NR,NR,Klickitat
Leukemia,All,Lewis,2016-2020,All,Male,All,40168,5,8.8,"[5.5, 13.7]",Lewis
Leukemia,All,Lewis,2016-2020,All,Female,All,40148,3,4.9,"[2.6, 9.0]",Lewis
Leukemia,All,Lewis,2016-2020,All,All,All,80317,8,6.6,"[4.6, 9.5]",Lewis
Leukemia,All,Lincoln,2016-2020,All,Male,All,5414,NR,NR,NR,Lincoln
Leukemia,All,Lincoln,2016-2020,All,Female,All,5351,NR,NR,NR,Lincoln
Leukemia,All,Lincoln,2016-2020,All,All,All,10765,NR,NR,NR,Lincoln
Leukemia,All,Mason,2016-2020,All,Male,All,33239,5,9.2,"[5.7, 14.6]",Mason
Leukemia,All,Mason,2016-2020,All,Female,All,31257,2,3.6,"[1.7, 8.0]",Mason
Leukemia,All,Mason,2016-2020,All,All,All,64496,7,6.3,"[4.3, 9.3]",Mason
Leukemia,All,Okanogan,2016-2020,All,Male,All,21467,4,10.7,"[6.2, 18.5]",Okanogan
Leukemia,All,Okanogan,2016-2020,All,Female,All,20466,NR,NR,NR,Okanogan
Leukemia,All,Okanogan,2016-2020,All,All,All,41932,5,7.8,"[5.0, 12.1]",Okanogan
Leukemia,All,Pacific,2016-2020,All,Male,All,11357,NR,NR,NR,Pacific
Leukemia,All,Pacific,2016-2020,All,Female,All,11398,NR,NR,NR,Pacific
Leukemia,All,Pacific,2016-2020,All,All,All,22755,2,4.8,"[2.3, 11.5]",Pacific
Leukemia,All,Pend Oreille,2016-2020,All,Male,All,6738,NR,NR,NR,Pend Oreille
Leukemia,All,Pend Oreille,2016-2020,All,Female,All,6542,NR,NR,NR,Pend Oreille
Leukemia,All,Pend Oreille,2016-2020,All,All,All,13280,NR,NR,NR,Pend Oreille
Leukemia,All,Pierce,2016-2020,All,Male,All,442332,33,7.9,"[6.7, 9.3]",Pierce
Leukemia,All,Pierce,2016-2020,All,Female,All,449353,25,4.9,"[4.0, 5.8]",Pierce
Leukemia,All,Pierce,2016-2020,All,All,All,891685,58,6.2,"[5.5, 6.9]",Pierce
Leukemia,All,San Juan,2016-2020,All,Male,All,8396,NR,NR,NR,San Juan
Leukemia,All,San Juan,2016-2020,All,Female,All,8842,NR,NR,NR,San Juan
Leukemia,All,San Juan,2016-2020,All,All,All,17238,NR,NR,NR,San Juan
Leukemia,All,Skagit,2016-2020,All,Male,All,62062,6,6.7,"[4.5, 10.0]",Skagit
Leukemia,All,Skagit,2016-2020,All,Female,All,63868,4,4.5,"[2.8, 7.3]",Skagit
Leukemia,All,Skagit,2016-2020,All,All,All,125929,10,5.5,"[4.1, 7.4]",Skagit
Leukemia,All,Skamania,2016-2020,All,Male,All,5817,NR,NR,NR,Skamania
Leukemia,All,Skamania,2016-2020,All,Female,All,5607,NR,NR,NR,Skamania
Leukemia,All,Skamania,2016-2020,All,All,All,11424,NR,NR,NR,Skamania
Leukemia,All,Snohomish,2016-2020,All,Male,All,399947,31,9.1,"[7.7, 10.7]",Snohomish
Leukemia,All,Snohomish,2016-2020,All,Female,All,400972,23,5.0,"[4.1, 6.1]",Snohomish
Leukemia,All,Snohomish,2016-2020,All,All,All,800919,54,6.7,"[5.9, 7.6]",Snohomish
Leukemia,All,Spokane,2016-2020,All,Male,All,258269,22,7.9,"[6.5, 9.6]",Spokane
Leukemia,All,Spokane,2016-2020,All,Female,All,263176,19,5.3,"[4.2, 6.5]",Spokane
Leukemia,All,Spokane,2016-2020,All,All,All,521445,41,6.5,"[5.6, 7.5]",Spokane
Leukemia,All,Stevens,2016-2020,All,Male,All,22895,NR,NR,NR,Stevens
Leukemia,All,Stevens,2016-2020,All,Female,All,22748,NR,NR,NR,Stevens
Leukemia,All,Stevens,2016-2020,All,All,All,45643,3,4.4,"[2.4, 8.3]",Stevens
Leukemia,All,Thurston,2016-2020,All,Male,All,139164,15,9.8,"[7.7, 12.5]",Thurston
Leukemia,All,Thurston,2016-2020,All,Female,All,146165,11,5.2,"[3.9, 6.9]",Thurston
Leukemia,All,Thurston,2016-2020,All,All,All,285329,25,7.3,"[6.0, 8.7]",Thurston
Leukemia,All,Wahkiakum,2016-2020,All,Male,All,2139,NR,NR,NR,Wahkiakum
Leukemia,All,Wahkiakum,2016-2020,All,Female,All,2160,NR,NR,NR,Wahkiakum
Leukemia,All,Wahkiakum,2016-2020,All,All,All,4299,NR,NR,NR,Wahkiakum
Leukemia,All,Walla Walla,2016-2020,All,Male,All,31463,4,9.3,"[5.6, 15.3]",Walla Walla
Leukemia,All,Walla Walla,2016-2020,All,Female,All,30305,NR,NR,NR,Walla Walla
Leukemia,All,Walla Walla,2016-2020,All,All,All,61767,5,6.1,"[4.0, 9.4]",Walla Walla
Leukemia,All,Whatcom,2016-2020,All,Male,All,108211,12,10.0,"[7.5, 13.0]",Whatcom
Leukemia,All,Whatcom,2016-2020,All,Female,All,111712,8,4.9,"[3.4, 6.9]",Whatcom
Leukemia,All,Whatcom,2016-2020,All,All,All,219923,19,7.0,"[5.7, 8.7]",Whatcom
Leukemia,All,Whitman,2016-2020,All,Male,All,23667,NR,NR,NR,Whitman
Leukemia,All,Whitman,2016-2020,All,Female,All,23662,NR,NR,NR,Whitman
Leukemia,All,Whitman,2016-2020,All,All,All,47329,3,6.2,"[3.3, 11.4]",Whitman
Leukemia,All,Yakima,2016-2020,All,Male,All,126641,11,9.4,"[7.1, 12.4]",Yakima
Leukemia,All,Yakima,2016-2020,All,Female,All,127169,7,4.8,"[3.3, 6.9]",Yakima
Leukemia,All,Yakima,2016-2020,All,All,All,253810,18,6.8,"[5.4, 8.4]",Yakima
Liver and Intrahepatic Bile Duct,All,Adams,2016-2020,All,Male,All,10282,NR,NR,NR,Adams
Liver and Intrahepatic Bile Duct,All,Adams,2016-2020,All,Female,All,9889,NR,NR,NR,Adams
Liver and Intrahepatic Bile Duct,All,Adams,2016-2020,All,All,All,20172,2,13.8,"[7.1, 24.6]",Adams
Liver and Intrahepatic Bile Duct,All,Asotin,2016-2020,All,Male,All,10756,NR,NR,NR,Asotin
Liver and Intrahepatic Bile Duct,All,Asotin,2016-2020,All,Female,All,11370,NR,NR,NR,Asotin
Liver and Intrahepatic Bile Duct,All,Asotin,2016-2020,All,All,All,22126,2,5.8,"[3.0, 12.0]",Asotin
Liver and Intrahepatic Bile Duct,All,Benton,2016-2020,All,Male,All,98978,9,8.2,"[6.0, 11.2]",Benton
Liver and Intrahepatic Bile Duct,All,Benton,2016-2020,All,Female,All,99958,6,4.5,"[3.0, 6.7]",Benton
Liver and Intrahepatic Bile Duct,All,Benton,2016-2020,All,All,All,198936,15,6.2,"[4.9, 7.9]",Benton
Liver and Intrahepatic Bile Duct,All,Chelan,2016-2020,All,Male,All,38595,5,8.1,"[5.1, 12.8]",Chelan
Liver and Intrahepatic Bile Duct,All,Chelan,2016-2020,All,Female,All,38682,2,3.3,"[1.6, 6.9]",Chelan
Liver and Intrahepatic Bile Duct,All,Chelan,2016-2020,All,All,All,77278,7,5.6,"[3.8, 8.1]",Chelan
Liver and Intrahepatic Bile Duct,All,Clallam,2016-2020,All,Male,All,37283,8,10.9,"[7.5, 16.3]",Clallam
Liver and Intrahepatic Bile Duct,All,Clallam,2016-2020,All,Female,All,38345,3,2.9,"[1.6, 6.5]",Clallam
Liver and Intrahepatic Bile Duct,All,Clallam,2016-2020,All,All,All,75628,11,6.7,"[4.9, 9.4]",Clallam
Liver and Intrahepatic Bile Duct,All,Clark,2016-2020,All,Male,All,237977,27,9.6,"[8.0, 11.5]",Clark
Liver and Intrahepatic Bile Duct,All,Clark,2016-2020,All,Female,All,243884,13,4.2,"[3.2, 5.5]",Clark
Liver and Intrahepatic Bile Duct,All,Clark,2016-2020,All,All,All,481861,40,6.7,"[5.8, 7.8]",Clark
Liver and Intrahepatic Bile Duct,All,Columbia,2016-2020,All,Male,All,1973,NR,NR,NR,Columbia
Liver and Intrahepatic Bile Duct,All,Columbia,2016-2020,All,Female,All,1998,NR,NR,NR,Columbia
Liver and Intrahepatic Bile Duct,All,Columbia,2016-2020,All,All,All,3971,NR,NR,NR,Columbia
Liver and Intrahepatic Bile Duct,All,Cowlitz,2016-2020,All,Male,All,53421,12,15.5,"[11.8, 20.4]",Cowlitz
Liver and Intrahepatic Bile Duct,All,Cowlitz,2016-2020,All,Female,All,54522,6,6.7,"[4.4, 10.1]",Cowlitz
Liver and Intrahepatic Bile Duct,All,Cowlitz,2016-2020,All,All,All,107943,18,10.9,"[8.7, 13.7]",Cowlitz
Liver and Intrahepatic Bile Duct,All,Douglas,2016-2020,All,Male,All,20946,NR,NR,NR,Douglas
Liver and Intrahepatic Bile Duct,All,Douglas,2016-2020,All,Female,All,20701,NR,NR,NR,Douglas
Liver and Intrahepatic Bile Duct,All,Douglas,2016-2020,All,All,All,41647,3,4.5,"[2.4, 8.4]",Douglas
Liver and Intrahepatic Bile Duct,All,Ferry,2016-2020,All,Male,All,3694,NR,NR,NR,Ferry
Liver and Intrahepatic Bile Duct,All,Ferry,2016-2020,All,Female,All,3550,NR,NR,NR,Ferry
Liver and Intrahepatic Bile Duct,All,Ferry,2016-2020,All,All,All,7245,NR,NR,NR,Ferry
Liver and Intrahepatic Bile Duct,All,Franklin,2016-2020,All,Male,All,47829,3,10.1,"[5.7, 17.1]",Franklin
Liver and Intrahepatic Bile Duct,All,Franklin,2016-2020,All,Female,All,44703,NR,NR,NR,Franklin
Liver and Intrahepatic Bile Duct,All,Franklin,2016-2020,All,All,All,92532,5,7.0,"[4.5, 10.6]",Franklin
Liver and Intrahepatic Bile Duct,All,Garfield,2016-2020,All,Male,All,1149,NR,NR,NR,Garfield
Liver and Intrahepatic Bile Duct,All,Garfield,2016-2020,All,Female,All,1124,NR,NR,NR,Garfield
Liver and Intrahepatic Bile Duct,All,Garfield,2016-2020,All,All,All,2272,NR,NR,NR,Garfield
Liver and Intrahepatic Bile Duct,All,Grant,2016-2020,All,Male,All,49209,5,8.9,"[5.6, 13.7]",Grant
Liver and Intrahepatic Bile Duct,All,Grant,2016-2020,All,Female,All,46950,NR,NR,NR,Grant
Liver and Intrahepatic Bile Duct,All,Grant,2016-2020,All,All,All,96159,6,6.0,"[4.1, 8.7]",Grant
Liver and Intrahepatic Bile Duct,All,Grays Harbor,2016-2020,All,Male,All,38179,7,11.9,"[8.1, 17.5]",Grays Harbor
Liver and Intrahepatic Bile Duct,All,Grays Harbor,2016-2020,All,Female,All,36373,4,7.5,"[4.5, 12.4]",Grays Harbor
Liver and Intrahepatic Bile Duct,All,Grays Harbor,2016-2020,All,All,All,74552,11,9.5,"[7.1, 12.8]",Grays Harbor
Liver and Intrahepatic Bile Duct,All,Island,2016-2020,All,Male,All,42072,4,6.0,"[3.6, 10.3]",Island
Liver and Intrahepatic Bile Duct,All,Island,2016-2020,All,Female,All,42860,3,3.4,"[1.9, 6.8]",Island
Liver and Intrahepatic Bile Duct,All,Island,2016-2020,All,All,All,84932,7,4.7,"[3.2, 7.0]",Island
Liver and Intrahepatic Bile Duct,All,Jefferson,2016-2020,All,Male,All,15920,3,8.4,"[4.8, 18.9]",Jefferson
Liver and Intrahepatic Bile Duct,All,Jefferson,2016-2020,All,Female,All,16416,NR,NR,NR,Jefferson
Liver and Intrahepatic Bile Duct,All,Jefferson,2016-2020,All,All,All,32336,5,5.7,"[3.6, 11.2]",Jefferson
Liver and Intrahepatic Bile Duct,All,King,2016-2020,All,Male,All,1096115,104,9.5,"[8.7, 10.4]",King
Liver and Intrahepatic Bile Duct,All,King,2016-2020,All,Female,All,1094637,52,4.1,"[3.6, 4.7]",King
Liver and Intrahepatic Bile Duct,All,King,2016-2020,All,All,All,2190752,157,6.6,"[6.2, 7.1]",King
Liver and Intrahepatic Bile Duct,All,Kitsap,2016-2020,All,Male,All,136205,17,9.3,"[7.3, 11.7]",Kitsap
Liver and Intrahepatic Bile Duct,All,Kitsap,2016-2020,All,Female,All,132989,9,4.5,"[3.3, 6.3]",Kitsap
Liver and Intrahepatic Bile Duct,All,Kitsap,2016-2020,All,All,All,269194,25,6.7,"[5.6, 8.1]",Kitsap
Liver and Intrahepatic Bile Duct,All,Kittitas,2016-2020,All,Male,All,22480,2,7.5,"[3.5, 15.4]",Kittitas
Liver and Intrahepatic Bile Duct,All,Kittitas,2016-2020,All,Female,All,22165,NR,NR,NR,Kittitas
Liver and Intrahepatic Bile Duct,All,Kittitas,2016-2020,All,All,All,44645,3,5.3,"[2.9, 9.4]",Kittitas
Liver and Intrahepatic Bile Duct,All,Klickitat,2016-2020,All,Male,All,11295,NR,NR,NR,Klickitat
Liver and Intrahepatic Bile Duct,All,Klickitat,2016-2020,All,Female,All,10818,NR,NR,NR,Klickitat
Liver and Intrahepatic Bile Duct,All,Klickitat,2016-2020,All,All,All,22113,2,5.4,"[2.2, 12.6]",Klickitat
Liver and Intrahepatic Bile Duct,All,Lewis,2016-2020,All,Male,All,40168,6,9.7,"[6.5, 14.5]",Lewis
Liver and Intrahepatic Bile Duct,All,Lewis,2016-2020,All,Female,All,40148,3,3.7,"[1.9, 7.2]",Lewis
Liver and Intrahepatic Bile Duct,All,Lewis,2016-2020,All,All,All,80317,9,6.5,"[4.7, 9.1]",Lewis
Liver and Intrahepatic Bile Duct,All,Lincoln,2016-2020,All,Male,All,5414,NR,NR,NR,Lincoln
Liver and Intrahepatic Bile Duct,All,Lincoln,2016-2020,All,Female,All,5351,NR,NR,NR,Lincoln
Liver and Intrahepatic Bile Duct,All,Lincoln,2016-2020,All,All,All,10765,NR,NR,NR,Lincoln
Liver and Intrahepatic Bile Duct,All,Mason,2016-2020,All,Male,All,33239,6,11.3,"[7.5, 17.0]",Mason
Liver and Intrahepatic Bile Duct,All,Mason,2016-2020,All,Female,All,31257,2,4.9,"[2.4, 10.0]",Mason
Liver and Intrahepatic Bile Duct,All,Mason,2016-2020,All,All,All,64496,9,7.9,"[5.6, 11.2]",Mason
Liver and Intrahepatic Bile Duct,All,Okanogan,2016-2020,All,Male,All,21467,3,8.9,"[5.1, 16.0]",Okanogan
Liver and Intrahepatic Bile Duct,All,Okanogan,2016-2020,All,Female,All,20466,NR,NR,NR,Okanogan
Liver and Intrahepatic Bile Duct,All,Okanogan,2016-2020,All,All,All,41932,5,6.9,"[4.5, 10.9]",Okanogan
Liver and Intrahepatic Bile Duct,All,Pacific,2016-2020,All,Male,All,11357,3,15.0,"[8.6, 28.5]",Pacific
Liver and Intrahepatic Bile Duct,All,Pacific,2016-2020,All,Female,All,11398,NR,NR,NR,Pacific
Liver and Intrahepatic Bile Duct,All,Pacific,2016-2020,All,All,All,22755,5,10.1,"[6.4, 17.6]",Pacific
Liver and Intrahepatic Bile Duct,All,Pend Oreille,2016-2020,All,Male,All,6738,NR,NR,NR,Pend Oreille
Liver and Intrahepatic Bile Duct,All,Pend Oreille,2016-2020,All,Female,All,6542,NR,NR,NR,Pend Oreille
Liver and Intrahepatic Bile Duct,All,Pend Oreille,2016-2020,All,All,All,13280,2,7.7,"[3.8, 18.7]",Pend Oreille
Liver and Intrahepatic Bile Duct,All,Pierce,2016-2020,All,Male,All,442332,50,10.7,"[9.4, 12.2]",Pierce
Liver and Intrahepatic Bile Duct,All,Pierce,2016-2020,All,Female,All,449353,26,4.8,"[4.0, 5.8]",Pierce
Liver and Intrahepatic Bile Duct,All,Pierce,2016-2020,All,All,All,891685,77,7.5,"[6.8, 8.3]",Pierce
Liver and Intrahepatic Bile Duct,All,San Juan,2016-2020,All,Male,All,8396,NR,NR,NR,San Juan
Liver and Intrahepatic Bile Duct,All,San Juan,2016-2020,All,Female,All,8842,NR,NR,NR,San Juan
Liver and Intrahepatic Bile Duct,All,San Juan,2016-2020,All,All,All,17238,3,6.5,"[3.5, 16.6]",San Juan
Liver and Intrahepatic Bile Duct,All,Skagit,2016-2020,All,Male,All,62062,7,8.1,"[5.6, 11.6]",Skagit
Liver and Intrahepatic Bile Duct,All,Skagit,2016-2020,All,Female,All,63868,4,4.2,"[2.6, 7.0]",Skagit
Liver and Intrahepatic Bile Duct,All,Skagit,2016-2020,All,All,All,125929,12,6.1,"[4.6, 8.1]",Skagit
Liver and Intrahepatic Bile Duct,All,Skamania,2016-2020,All,Male,All,5817,NR,NR,NR,Skamania
Liver and Intrahepatic Bile Duct,All,Skamania,2016-2020,All,Female,All,5607,NR,NR,NR,Skamania
Liver and Intrahepatic Bile Duct,All,Skamania,2016-2020,All,All,All,11424,NR,NR,NR,Skamania
Liver and Intrahepatic Bile Duct,All,Snohomish,2016-2020,All,Male,All,399947,45,10.4,"[9.0, 12.0]",Snohomish
Liver and Intrahepatic Bile Duct,All,Snohomish,2016-2020,All,Female,All,400972,19,4.0,"[3.2, 4.9]",Snohomish
Liver and Intrahepatic Bile Duct,All,Snohomish,2016-2020,All,All,All,800919,64,6.9,"[6.2, 7.8]",Snohomish
Liver and Intrahepatic Bile Duct,All,Spokane,2016-2020,All,Male,All,258269,37,11.8,"[10.1, 13.7]",Spokane
Liver and Intrahepatic Bile Duct,All,Spokane,2016-2020,All,Female,All,263176,15,4.3,"[3.3, 5.4]",Spokane
Liver and Intrahepatic Bile Duct,All,Spokane,2016-2020,All,All,All,521445,52,7.7,"[6.7, 8.7]",Spokane
Liver and Intrahepatic Bile Duct,All,Stevens,2016-2020,All,Male,All,22895,4,11.6,"[6.6, 20.0]",Stevens
Liver and Intrahepatic Bile Duct,All,Stevens,2016-2020,All,Female,All,22748,NR,NR,NR,Stevens
Liver and Intrahepatic Bile Duct,All,Stevens,2016-2020,All,All,All,45643,5,7.0,"[4.4, 11.4]",Stevens
Liver and Intrahepatic Bile Duct,All,Thurston,2016-2020,All,Male,All,139164,17,9.5,"[7.5, 11.9]",Thurston
Liver and Intrahepatic Bile Duct,All,Thurston,2016-2020,All,Female,All,146165,11,5.3,"[4.0, 7.1]",Thurston
Liver and Intrahepatic Bile Duct,All,Thurston,2016-2020,All,All,All,285329,28,7.3,"[6.1, 8.7]",Thurston
Liver and Intrahepatic Bile Duct,All,Wahkiakum,2016-2020,All,Male,All,2139,NR,NR,NR,Wahkiakum
Liver and Intrahepatic Bile Duct,All,Wahkiakum,2016-2020,All,Female,All,2160,NR,NR,NR,Wahkiakum
Liver and Intrahepatic Bile Duct,All,Wahkiakum,2016-2020,All,All,All,4299,NR,NR,NR,Wahkiakum
Liver and Intrahepatic Bile Duct,All,Walla Walla,2016-2020,All,Male,All,31463,4,8.1,"[4.8, 13.7]",Walla Walla
Liver and Intrahepatic Bile Duct,All,Walla Walla,2016-2020,All,Female,All,30305,2,4.7,"[2.3, 9.8]",Walla Walla
Liver and Intrahepatic Bile Duct,All,Walla Walla,2016-2020,All,All,All,61767,6,6.4,"[4.3, 9.7]",Walla Walla
Liver and Intrahepatic Bile Duct,All,Whatcom,2016-2020,All,Male,All,108211,9,5.9,"[4.3, 8.2]",Whatcom
Liver and Intrahepatic Bile Duct,All,Whatcom,2016-2020,All,Female,All,111712,5,3.0,"[1.9, 4.7]",Whatcom
Liver and Intrahepatic Bile Duct,All,Whatcom,2016-2020,All,All,All,219923,13,4.4,"[3.4, 5.7]",Whatcom
Liver and Intrahepatic Bile Duct,All,Whitman,2016-2020,All,Male,All,23667,NR,NR,NR,Whitman
Liver and Intrahepatic Bile Duct,All,Whitman,2016-2020,All,Female,All,23662,NR,NR,NR,Whitman
Liver and Intrahepatic Bile Duct,All,Whitman,2016-2020,All,All,All,47329,2,5.0,"[2.5, 9.8]",Whitman
Liver and Intrahepatic Bile Duct,All,Yakima,2016-2020,All,Male,All,126641,14,10.3,"[8.0, 13.1]",Yakima
Liver and Intrahepatic Bile Duct,All,Yakima,2016-2020,All,Female,All,127169,7,5.0,"[3.5, 7.0]",Yakima
Liver and Intrahepatic Bile Duct,All,Yakima,2016-2020,All,All,All,253810,22,7.5,"[6.2, 9.1]",Yakima
Lung and Bronchus,All,Adams,2016-2020,All,Male,All,10282,4,46.6,"[27.8, 74.9]",Adams
Lung and Bronchus,All,Adams,2016-2020,All,Female,All,9889,NR,NR,NR,Adams
Lung and Bronchus,All,Adams,2016-2020,All,All,All,20172,5,32.4,"[21.3, 47.6]",Adams
Lung and Bronchus,All,Asotin,2016-2020,All,Male,All,10756,7,39.3,"[27.4, 57.3]",Asotin
Lung and Bronchus,All,Asotin,2016-2020,All,Female,All,11370,7,34.8,"[24.4, 50.9]",Asotin
Lung and Bronchus,All,Asotin,2016-2020,All,All,All,22126,15,36.4,"[28.5, 47.1]",Asotin
Lung and Bronchus,All,Benton,2016-2020,All,Male,All,98978,32,29.6,"[25.1, 34.8]",Benton
Lung and Bronchus,All,Benton,2016-2020,All,Female,All,99958,34,27.6,"[23.6, 32.2]",Benton
Lung and Bronchus,All,Benton,2016-2020,All,All,All,198936,66,28.6,"[25.6, 32.0]",Benton
Lung and Bronchus,All,Chelan,2016-2020,All,Male,All,38595,16,30.4,"[24.0, 38.4]",Chelan
Lung and Bronchus,All,Chelan,2016-2020,All,Female,All,38682,19,31.2,"[25.1, 38.7]",Chelan
Lung and Bronchus,All,Chelan,2016-2020,All,All,All,77278,36,31.0,"[26.5, 36.2]",Chelan
Lung and Bronchus,All,Clallam,2016-2020,All,Male,All,37283,26,35.2,"[29.1, 43.0]",Clallam
Lung and Bronchus,All,Clallam,2016-2020,All,Female,All,38345,28,32.2,"[26.8, 39.2]",Clallam
Lung and Bronchus,All,Clallam,2016-2020,All,All,All,75628,54,33.7,"[29.6, 38.6]",Clallam
Lung and Bronchus,All,Clark,2016-2020,All,Male,All,237977,95,37.1,"[33.7, 40.8]",Clark
Lung and Bronchus,All,Clark,2016-2020,All,Female,All,243884,94,30.8,"[28.1, 33.8]",Clark
Lung and Bronchus,All,Clark,2016-2020,All,All,All,481861,189,33.5,"[31.3, 35.8]",Clark
Lung and Bronchus,All,Columbia,2016-2020,All,Male,All,1973,NR,NR,NR,Columbia
Lung and Bronchus,All,Columbia,2016-2020,All,Female,All,1998,NR,NR,NR,Columbia
Lung and Bronchus,All,Columbia,2016-2020,All,All,All,3971,3,30.2,"[16.0, 65.9]",Columbia
Lung and Bronchus,All,Cowlitz,2016-2020,All,Male,All,53421,35,49.7,"[42.5, 58.2]",Cowlitz
Lung and Bronchus,All,Cowlitz,2016-2020,All,Female,All,54522,37,45.5,"[39.1, 53.0]",Cowlitz
Lung and Bronchus,All,Cowlitz,2016-2020,All,All,All,107943,72,47.2,"[42.4, 52.6]",Cowlitz
Lung and Bronchus,All,Douglas,2016-2020,All,Male,All,20946,8,31.3,"[22.0, 44.0]",Douglas
Lung and Bronchus,All,Douglas,2016-2020,All,Female,All,20701,9,30.8,"[22.2, 42.4]",Douglas
Lung and Bronchus,All,Douglas,2016-2020,All,All,All,41647,16,30.7,"[24.3, 38.6]",Douglas
Lung and Bronchus,All,Ferry,2016-2020,All,Male,All,3694,3,44.3,"[22.4, 91.2]",Ferry
Lung and Bronchus,All,Ferry,2016-2020,All,Female,All,3550,NR,NR,NR,Ferry
Lung and Bronchus,All,Ferry,2016-2020,All,All,All,7245,4,34.0,"[20.4, 59.1]",Ferry
Lung and Bronchus,All,Franklin,2016-2020,All,Male,All,47829,12,33.9,"[25.4, 44.7]",Franklin
Lung and Bronchus,All,Franklin,2016-2020,All,Female,All,44703,11,30.4,"[22.6, 40.2]",Franklin
Lung and Bronchus,All,Franklin,2016-2020,All,All,All,92532,22,32.6,"[26.6, 39.6]",Franklin
Lung and Bronchus,All,Garfield,2016-2020,All,Male,All,1149,NR,NR,NR,Garfield
Lung and Bronchus,All,Garfield,2016-2020,All,Female,All,1124,NR,NR,NR,Garfield
Lung and Bronchus,All,Garfield,2016-2020,All,All,All,2272,NR,NR,NR,Garfield
Lung and Bronchus,All,Grant,2016-2020,All,Male,All,49209,19,39.3,"[31.7, 48.4]",Grant
Lung and Bronchus,All,Grant,2016-2020,All,Female,All,46950,16,28.8,"[22.7, 36.2]",Grant
Lung and Bronchus,All,Grant,2016-2020,All,All,All,96159,35,33.6,"[28.7, 39.1]",Grant
Lung and Bronchus,All,Grays Harbor,2016-2020,All,Male,All,38179,25,44.3,"[36.7, 53.5]",Grays Harbor
Lung and Bronchus,All,Grays Harbor,2016-2020,All,Female,All,36373,27,42.9,"[35.9, 51.6]",Grays Harbor
Lung and Bronchus,All,Grays Harbor,2016-2020,All,All,All,74552,53,43.7,"[38.4, 49.7]",Grays Harbor
Lung and Bronchus,All,Island,2016-2020,All,Male,All,42072,18,25.1,"[20.0, 31.8]",Island
Lung and Bronchus,All,Island,2016-2020,All,Female,All,42860,19,24.3,"[19.5, 30.7]",Island
Lung and Bronchus,All,Island,2016-2020,All,All,All,84932,36,24.7,"[21.2, 29.0]",Island
Lung and Bronchus,All,Jefferson,2016-2020,All,Male,All,15920,11,27.1,"[19.9, 39.8]",Jefferson
Lung and Bronchus,All,Jefferson,2016-2020,All,Female,All,16416,10,23.0,"[16.9, 35.8]",Jefferson
Lung and Bronchus,All,Jefferson,2016-2020,All,All,All,32336,21,24.8,"[20.1, 32.3]",Jefferson
Lung and Bronchus,All,King,2016-2020,All,Male,All,1096115,293,29.2,"[27.7, 30.8]",King
Lung and Bronchus,All,King,2016-2020,All,Female,All,1094637,271,21.7,"[20.5, 22.9]",King
Lung and Bronchus,All,King,2016-2020,All,All,All,2190752,563,25.0,"[24.1, 26.0]",King
Lung and Bronchus,All,Kitsap,2016-2020,All,Male,All,136205,60,37.3,"[33.1, 42.0]",Kitsap
Lung and Bronchus,All,Kitsap,2016-2020,All,Female,All,132989,49,25.3,"[22.1, 28.8]",Kitsap
Lung and Bronchus,All,Kitsap,2016-2020,All,All,All,269194,109,30.6,"[28.0, 33.4]",Kitsap
Lung and Bronchus,All,Kittitas,2016-2020,All,Male,All,22480,9,36.4,"[26.5, 49.8]",Kittitas
Lung and Bronchus,All,Kittitas,2016-2020,All,Female,All,22165,7,23.4,"[16.1, 34.1]",Kittitas
Lung and Bronchus,All,Kittitas,2016-2020,All,All,All,44645,16,29.3,"[23.2, 37.1]",Kittitas
Lung and Bronchus,All,Klickitat,2016-2020,All,Male,All,11295,9,51.7,"[36.8, 73.0]",Klickitat
Lung and Bronchus,All,Klickitat,2016-2020,All,Female,All,10818,6,32.1,"[21.6, 49.5]",Klickitat
Lung and Bronchus,All,Klickitat,2016-2020,All,All,All,22113,15,40.9,"[31.9, 53.0]",Klickitat
Lung and Bronchus,All,Lewis,2016-2020,All,Male,All,40168,24,42.5,"[35.1, 51.5]",Lewis
Lung and Bronchus,All,Lewis,2016-2020,All,Female,All,40148,25,37.7,"[31.3, 45.5]",Lewis
Lung and Bronchus,All,Lewis,2016-2020,All,All,All,80317,50,39.6,"[34.8, 45.2]",Lewis
Lung and Bronchus,All,Lincoln,2016-2020,All,Male,All,5414,4,36.5,"[21.4, 67.0]",Lincoln
Lung and Bronchus,All,Lincoln,2016-2020,All,Female,All,5351,2,20.0,"[9.9, 47.8]",Lincoln
Lung and Bronchus,All,Lincoln,2016-2020,All,All,All,10765,6,27.7,"[18.5, 44.4]",Lincoln
Lung and Bronchus,All,Mason,2016-2020,All,Male,All,33239,26,51.7,"[42.8, 62.5]",Mason
Lung and Bronchus,All,Mason,2016-2020,All,Female,All,31257,22,40.8,"[33.4, 50.3]",Mason
Lung and Bronchus,All,Mason,2016-2020,All,All,All,64496,48,46.1,"[40.2, 52.9]",Mason
Lung and Bronchus,All,Okanogan,2016-2020,All,Male,All,21467,14,41.1,"[31.7, 53.5]",Okanogan
Lung and Bronchus,All,Okanogan,2016-2020,All,Female,All,20466,13,39.9,"[30.6, 52.6]",Okanogan
Lung and Bronchus,All,Okanogan,2016-2020,All,All,All,41932,27,40.6,"[33.8, 48.8]",Okanogan
Lung and Bronchus,All,Pacific,2016-2020,All,Male,All,11357,11,46.5,"[34.7, 64.4]",Pacific
Lung and Bronchus,All,Pacific,2016-2020,All,Female,All,11398,9,36.0,"[25.9, 54.3]",Pacific
Lung and Bronchus,All,Pacific,2016-2020,All,All,All,22755,20,41.2,"[33.3, 52.2]",Pacific
Lung and Bronchus,All,Pend Oreille,2016-2020,All,Male,All,6738,6,48.1,"[31.6, 76.3]",Pend Oreille
Lung and Bronchus,All,Pend Oreille,2016-2020,All,Female,All,6542,4,33.0,"[20.3, 59.2]",Pend Oreille
Lung and Bronchus,All,Pend Oreille,2016-2020,All,All,All,13280,10,40.8,"[30.0, 57.3]",Pend Oreille
Lung and Bronchus,All,Pierce,2016-2020,All,Male,All,442332,183,41.9,"[39.1, 44.8]",Pierce
Lung and Bronchus,All,Pierce,2016-2020,All,Female,All,449353,169,31.1,"[29.0, 33.3]",Pierce
Lung and Bronchus,All,Pierce,2016-2020,All,All,All,891685,352,35.8,"[34.1, 37.6]",Pierce
Lung and Bronchus,All,San Juan,2016-2020,All,Male,All,8396,3,17.5,"[10.0, 38.9]",San Juan
Lung and Bronchus,All,San Juan,2016-2020,All,Female,All,8842,5,26.6,"[16.8, 48.8]",San Juan
Lung and Bronchus,All,San Juan,2016-2020,All,All,All,17238,8,22.6,"[16.1, 35.1]",San Juan
Lung and Bronchus,All,Skagit,2016-2020,All,Male,All,62062,35,39.4,"[33.7, 46.1]",Skagit
Lung and Bronchus,All,Skagit,2016-2020,All,Female,All,63868,33,29.9,"[25.4, 35.4]",Skagit
Lung and Bronchus,All,Skagit,2016-2020,All,All,All,125929,68,34.2,"[30.6, 38.2]",Skagit
Lung and Bronchus,All,Skamania,2016-2020,All,Male,All,5817,3,37.3,"[20.6, 69.3]",Skamania
Lung and Bronchus,All,Skamania,2016-2020,All,Female,All,5607,2,30.7,"[15.3, 63.2]",Skamania
Lung and Bronchus,All,Skamania,2016-2020,All,All,All,11424,6,34.0,"[22.1, 53.3]",Skamania
Lung and Bronchus,All,Snohomish,2016-2020,All,Male,All,399947,145,37.5,"[34.7, 40.5]",Snohomish
Lung and Bronchus,All,Snohomish,2016-2020,All,Female,All,400972,145,30.6,"[28.4, 33.0]",Snohomish
Lung and Bronchus,All,Snohomish,2016-2020,All,All,All,800919,290,33.5,"[31.8, 35.4]",Snohomish
Lung and Bronchus,All,Spokane,2016-2020,All,Male,All,258269,112,37.8,"[34.7, 41.2]",Spokane
Lung and Bronchus,All,Spokane,2016-2020,All,Female,All,263176,115,32.4,"[29.7, 35.2]",Spokane
Lung and Bronchus,All,Spokane,2016-2020,All,All,All,521445,228,34.8,"[32.8, 37.0]",Spokane
Lung and Bronchus,All,Stevens,2016-2020,All,Male,All,22895,15,37.3,"[28.9, 48.6]",Stevens
Lung and Bronchus,All,Stevens,2016-2020,All,Female,All,22748,13,34.6,"[26.5, 45.8]",Stevens
Lung and Bronchus,All,Stevens,2016-2020,All,All,All,45643,28,36.3,"[30.3, 43.7]",Stevens
Lung and Bronchus,All,Thurston,2016-2020,All,Male,All,139164,63,38.6,"[34.3, 43.3]",Thurston
Lung and Bronchus,All,Thurston,2016-2020,All,Female,All,146165,61,29.4,"[26.1, 33.1]",Thurston
Lung and Bronchus,All,Thurston,2016-2020,All,All,All,285329,123,33.4,"[30.8, 36.2]",Thurston
Lung and Bronchus,All,Wahkiakum,2016-2020,All,Male,All,2139,NR,NR,NR,Wahkiakum
Lung and Bronchus,All,Wahkiakum,2016-2020,All,Female,All,2160,NR,NR,NR,Wahkiakum
Lung and Bronchus,All,Wahkiakum,2016-2020,All,All,All,4299,2,26.9,"[13.6, 66.0]",Wahkiakum
Lung and Bronchus,All,Walla Walla,2016-2020,All,Male,All,31463,15,36.9,"[28.8, 47.0]",Walla Walla
Lung and Bronchus,All,Walla Walla,2016-2020,All,Female,All,30305,14,27.8,"[21.5, 36.1]",Walla Walla
Lung and Bronchus,All,Walla Walla,2016-2020,All,All,All,61767,29,31.8,"[26.7, 37.9]",Walla Walla
Lung and Bronchus,All,Whatcom,2016-2020,All,Male,All,108211,44,33.4,"[29.0, 38.4]",Whatcom
Lung and Bronchus,All,Whatcom,2016-2020,All,Female,All,111712,39,25.8,"[22.2, 30.0]",Whatcom
Lung and Bronchus,All,Whatcom,2016-2020,All,All,All,219923,82,29.3,"[26.4, 32.3]",Whatcom
Lung and Bronchus,All,Whitman,2016-2020,All,Male,All,23667,4,20.0,"[12.0, 32.3]",Whitman
Lung and Bronchus,All,Whitman,2016-2020,All,Female,All,23662,6,26.0,"[17.3, 38.8]",Whitman
Lung and Bronchus,All,Whitman,2016-2020,All,All,All,47329,10,23.2,"[17.1, 31.3]",Whitman
Lung and Bronchus,All,Yakima,2016-2020,All,Male,All,126641,48,37.5,"[32.8, 42.8]",Yakima
Lung and Bronchus,All,Yakima,2016-2020,All,Female,All,127169,49,33.4,"[29.2, 38.0]",Yakima
Lung and Bronchus,All,Yakima,2016-2020,All,All,All,253810,96,35.1,"[32.0, 38.4]",Yakima
Melanoma of the Skin,Invasive,Adams,2016-2020,All,Male,All,10282,NR,NR,NR,Adams
Melanoma of the Skin,Invasive,Adams,2016-2020,All,Female,All,9889,NR,NR,NR,Adams
Melanoma of the Skin,Invasive,Adams,2016-2020,All,All,All,20172,NR,NR,NR,Adams
Melanoma of the Skin,Invasive,Asotin,2016-2020,All,Male,All,10756,NR,NR,NR,Asotin
Melanoma of the Skin,Invasive,Asotin,2016-2020,All,Female,All,11370,NR,NR,NR,Asotin
Melanoma of the Skin,Invasive,Asotin,2016-2020,All,All,All,22126,NR,NR,NR,Asotin
Melanoma of the Skin,Invasive,Benton,2016-2020,All,Male,All,98978,3,2.5,"[1.3, 4.4]",Benton
Melanoma of the Skin,Invasive,Benton,2016-2020,All,Female,All,99958,4,2.8,"[1.6, 4.6]",Benton
Melanoma of the Skin,Invasive,Benton,2016-2020,All,All,All,198936,6,2.7,"[1.8, 3.9]",Benton
Melanoma of the Skin,Invasive,Chelan,2016-2020,All,Male,All,38595,2,3.9,"[1.8, 7.9]",Chelan
Melanoma of the Skin,Invasive,Chelan,2016-2020,All,Female,All,38682,NR,NR,NR,Chelan
Melanoma of the Skin,Invasive,Chelan,2016-2020,All,All,All,77278,3,3.1,"[1.8, 5.4]",Chelan
Melanoma of the Skin,Invasive,Clallam,2016-2020,All,Male,All,37283,3,3.9,"[2.2, 7.8]",Clallam
Melanoma of the Skin,Invasive,Clallam,2016-2020,All,Female,All,38345,NR,NR,NR,Clallam
Melanoma of the Skin,Invasive,Clallam,2016-2020,All,All,All,75628,5,3.0,"[1.9, 5.0]",Clallam
Melanoma of the Skin,Invasive,Clark,2016-2020,All,Male,All,237977,9,3.4,"[2.5, 4.7]",Clark
Melanoma of the Skin,Invasive,Clark,2016-2020,All,Female,All,243884,3,1.1,"[0.6, 1.9]",Clark
Melanoma of the Skin,Invasive,Clark,2016-2020,All,All,All,481861,12,2.2,"[1.7, 2.9]",Clark
Melanoma of the Skin,Invasive,Columbia,2016-2020,All,Male,All,1973,NR,NR,NR,Columbia
Melanoma of the Skin,Invasive,Columbia,2016-2020,All,Female,All,1998,NR,NR,NR,Columbia
Melanoma of the Skin,Invasive,Columbia,2016-2020,All,All,All,3971,NR,NR,NR,Columbia
Melanoma of the Skin,Invasive,Cowlitz,2016-2020,All,Male,All,53421,3,4.4,"[2.4, 7.7]",Cowlitz
Melanoma of the Skin,Invasive,Cowlitz,2016-2020,All,Female,All,54522,NR,NR,NR,Cowlitz
Melanoma of the Skin,Invasive,Cowlitz,2016-2020,All,All,All,107943,4,3.1,"[1.9, 4.9]",Cowlitz
Melanoma of the Skin,Invasive,Douglas,2016-2020,All,Male,All,20946,NR,NR,NR,Douglas
Melanoma of the Skin,Invasive,Douglas,2016-2020,All,Female,All,20701,NR,NR,NR,Douglas
Melanoma of the Skin,Invasive,Douglas,2016-2020,All,All,All,41647,NR,NR,NR,Douglas
Melanoma of the Skin,Invasive,Ferry,2016-2020,All,Male,All,3694,NR,NR,NR,Ferry
Melanoma of the Skin,Invasive,Ferry,2016-2020,All,Female,All,3550,NR,NR,NR,Ferry
Melanoma of the Skin,Invasive,Ferry,2016-2020,All,All,All,7245,NR,NR,NR,Ferry
Melanoma of the Skin,Invasive,Franklin,2016-2020,All,Male,All,47829,NR,NR,NR,Franklin
Melanoma of the Skin,Invasive,Franklin,2016-2020,All,Female,All,44703,NR,NR,NR,Franklin
Melanoma of the Skin,Invasive,Franklin,2016-2020,All,All,All,92532,NR,NR,NR,Franklin
Melanoma of the Skin,Invasive,Garfield,2016-2020,All,Male,All,1149,NR,NR,NR,Garfield
Melanoma of the Skin,Invasive,Garfield,2016-2020,All,Female,All,1124,NR,NR,NR,Garfield
Melanoma of the Skin,Invasive,Garfield,2016-2020,All,All,All,2272,NR,NR,NR,Garfield
Melanoma of the Skin,Invasive,Grant,2016-2020,All,Male,All,49209,NR,NR,NR,Grant
Melanoma of the Skin,Invasive,Grant,2016-2020,All,Female,All,46950,NR,NR,NR,Grant
Melanoma of the Skin,Invasive,Grant,2016-2020,All,All,All,96159,NR,NR,NR,Grant
Melanoma of the Skin,Invasive,Grays Harbor,2016-2020,All,Male,All,38179,2,3.6,"[1.6, 7.6]",Grays Harbor
Melanoma of the Skin,Invasive,Grays Harbor,2016-2020,All,Female,All,36373,NR,NR,NR,Grays Harbor
Melanoma of the Skin,Invasive,Grays Harbor,2016-2020,All,All,All,74552,3,2.7,"[1.5, 4.9]",Grays Harbor
Melanoma of the Skin,Invasive,Island,2016-2020,All,Male,All,42072,4,5.6,"[3.2, 9.9]",Island
Melanoma of the Skin,Invasive,Island,2016-2020,All,Female,All,42860,NR,NR,NR,Island
Melanoma of the Skin,Invasive,Island,2016-2020,All,All,All,84932,5,3.9,"[2.4, 6.3]",Island
Melanoma of the Skin,Invasive,Jefferson,2016-2020,All,Male,All,15920,NR,NR,NR,Jefferson
Melanoma of the Skin,Invasive,Jefferson,2016-2020,All,Female,All,16416,NR,NR,NR,Jefferson
Melanoma of the Skin,Invasive,Jefferson,2016-2020,All,All,All,32336,2,2.5,"[1.2, 7.8]",Jefferson
Melanoma of the Skin,Invasive,King,2016-2020,All,Male,All,1096115,28,2.7,"[2.3, 3.3]",King
Melanoma of the Skin,Invasive,King,2016-2020,All,Female,All,1094637,15,1.2,"[0.9, 1.5]",King
Melanoma of the Skin,Invasive,King,2016-2020,All,All,All,2190752,43,1.9,"[1.6, 2.2]",King
Melanoma of the Skin,Invasive,Kitsap,2016-2020,All,Male,All,136205,4,2.1,"[1.3, 3.5]",Kitsap
Melanoma of the Skin,Invasive,Kitsap,2016-2020,All,Female,All,132989,2,1.4,"[0.7, 2.6]",Kitsap
Melanoma of the Skin,Invasive,Kitsap,2016-2020,All,All,All,269194,6,1.7,"[1.2, 2.6]",Kitsap
Melanoma of the Skin,Invasive,Kittitas,2016-2020,All,Male,All,22480,NR,NR,NR,Kittitas
Melanoma of the Skin,Invasive,Kittitas,2016-2020,All,Female,All,22165,NR,NR,NR,Kittitas
Melanoma of the Skin,Invasive,Kittitas,2016-2020,All,All,All,44645,NR,NR,NR,Kittitas
Melanoma of the Skin,Invasive,Klickitat,2016-2020,All,Male,All,11295,NR,NR,NR,Klickitat
Melanoma of the Skin,Invasive,Klickitat,2016-2020,All,Female,All,10818,NR,NR,NR,Klickitat
Melanoma of the Skin,Invasive,Klickitat,2016-2020,All,All,All,22113,NR,NR,NR,Klickitat
Melanoma of the Skin,Invasive,Lewis,2016-2020,All,Male,All,40168,3,6.1,"[3.5, 10.4]",Lewis
Melanoma of the Skin,Invasive,Lewis,2016-2020,All,Female,All,40148,NR,NR,NR,Lewis
Melanoma of the Skin,Invasive,Lewis,2016-2020,All,All,All,80317,4,3.4,"[2.1, 5.6]",Lewis
Melanoma of the Skin,Invasive,Lincoln,2016-2020,All,Male,All,5414,NR,NR,NR,Lincoln
Melanoma of the Skin,Invasive,Lincoln,2016-2020,All,Female,All,5351,NR,NR,NR,Lincoln
Melanoma of the Skin,Invasive,Lincoln,2016-2020,All,All,All,10765,NR,NR,NR,Lincoln
Melanoma of the Skin,Invasive,Mason,2016-2020,All,Male,All,33239,2,5.4,"[2.6, 10.5]",Mason
Melanoma of the Skin,Invasive,Mason,2016-2020,All,Female,All,31257,NR,NR,NR,Mason
Melanoma of the Skin,Invasive,Mason,2016-2020,All,All,All,64496,4,3.8,"[2.1, 6.6]",Mason
Melanoma of the Skin,Invasive,Okanogan,2016-2020,All,Male,All,21467,NR,NR,NR,Okanogan
Melanoma of the Skin,Invasive,Okanogan,2016-2020,All,Female,All,20466,NR,NR,NR,Okanogan
Melanoma of the Skin,Invasive,Okanogan,2016-2020,All,All,All,41932,3,3.9,"[2.1, 7.6]",Okanogan
Melanoma of the Skin,Invasive,Pacific,2016-2020,All,Male,All,11357,NR,NR,NR,Pacific
Melanoma of the Skin,Invasive,Pacific,2016-2020,All,Female,All,11398,NR,NR,NR,Pacific
Melanoma of the Skin,Invasive,Pacific,2016-2020,All,All,All,22755,NR,NR,NR,Pacific
Melanoma of the Skin,Invasive,Pend Oreille,2016-2020,All,Male,All,6738,NR,NR,NR,Pend Oreille
Melanoma of the Skin,Invasive,Pend Oreille,2016-2020,All,Female,All,6542,NR,NR,NR,Pend Oreille
Melanoma of the Skin,Invasive,Pend Oreille,2016-2020,All,All,All,13280,NR,NR,NR,Pend Oreille
Melanoma of the Skin,Invasive,Pierce,2016-2020,All,Male,All,442332,16,4.0,"[3.1, 5.0]",Pierce
Melanoma of the Skin,Invasive,Pierce,2016-2020,All,Female,All,449353,7,1.4,"[0.9, 1.9]",Pierce
Melanoma of the Skin,Invasive,Pierce,2016-2020,All,All,All,891685,23,2.5,"[2.0, 3.0]",Pierce
Melanoma of the Skin,Invasive,San Juan,2016-2020,All,Male,All,8396,NR,NR,NR,San Juan
Melanoma of the Skin,Invasive,San Juan,2016-2020,All,Female,All,8842,NR,NR,NR,San Juan
Melanoma of the Skin,Invasive,San Juan,2016-2020,All,All,All,17238,NR,NR,NR,San Juan
Melanoma of the Skin,Invasive,Skagit,2016-2020,All,Male,All,62062,4,4.9,"[2.9, 7.9]",Skagit
Melanoma of the Skin,Invasive,Skagit,2016-2020,All,Female,All,63868,NR,NR,NR,Skagit
Melanoma of the Skin,Invasive,Skagit,2016-2020,All,All,All,125929,5,2.9,"[1.9, 4.5]",Skagit
Melanoma of the Skin,Invasive,Skamania,2016-2020,All,Male,All,5817,NR,NR,NR,Skamania
Melanoma of the Skin,Invasive,Skamania,2016-2020,All,Female,All,5607,NR,NR,NR,Skamania
Melanoma of the Skin,Invasive,Skamania,2016-2020,All,All,All,11424,NR,NR,NR,Skamania
Melanoma of the Skin,Invasive,Snohomish,2016-2020,All,Male,All,399947,14,3.6,"[2.7, 4.6]",Snohomish
Melanoma of the Skin,Invasive,Snohomish,2016-2020,All,Female,All,400972,8,1.7,"[1.2, 2.3]",Snohomish
Melanoma of the Skin,Invasive,Snohomish,2016-2020,All,All,All,800919,21,2.5,"[2.0, 3.0]",Snohomish
Melanoma of the Skin,Invasive,Spokane,2016-2020,All,Male,All,258269,11,3.5,"[2.6, 4.7]",Spokane
Melanoma of the Skin,Invasive,Spokane,2016-2020,All,Female,All,263176,7,2.0,"[1.4, 3.0]",Spokane
Melanoma of the Skin,Invasive,Spokane,2016-2020,All,All,All,521445,18,2.7,"[2.2, 3.4]",Spokane
Melanoma of the Skin,Invasive,Stevens,2016-2020,All,Male,All,22895,NR,NR,NR,Stevens
Melanoma of the Skin,Invasive,Stevens,2016-2020,All,Female,All,22748,NR,NR,NR,Stevens
Melanoma of the Skin,Invasive,Stevens,2016-2020,All,All,All,45643,NR,NR,NR,Stevens
Melanoma of the Skin,Invasive,Thurston,2016-2020,All,Male,All,139164,4,2.8,"[1.7, 4.4]",Thurston
Melanoma of the Skin,Invasive,Thurston,2016-2020,All,Female,All,146165,3,1.6,"[0.9, 2.7]",Thurston
Melanoma of the Skin,Invasive,Thurston,2016-2020,All,All,All,285329,8,2.1,"[1.5, 3.0]",Thurston
Melanoma of the Skin,Invasive,Wahkiakum,2016-2020,All,Male,All,2139,NR,NR,NR,Wahkiakum
Melanoma of the Skin,Invasive,Wahkiakum,2016-2020,All,Female,All,2160,NR,NR,NR,Wahkiakum
Melanoma of the Skin,Invasive,Wahkiakum,2016-2020,All,All,All,4299,NR,NR,NR,Wahkiakum
Melanoma of the Skin,Invasive,Walla Walla,2016-2020,All,Male,All,31463,NR,NR,NR,Walla Walla
Melanoma of the Skin,Invasive,Walla Walla,2016-2020,All,Female,All,30305,NR,NR,NR,Walla Walla
Melanoma of the Skin,Invasive,Walla Walla,2016-2020,All,All,All,61767,2,2.9,"[1.4, 5.8]",Walla Walla
Melanoma of the Skin,Invasive,Whatcom,2016-2020,All,Male,All,108211,6,4.9,"[3.2, 7.2]",Whatcom
Melanoma of the Skin,Invasive,Whatcom,2016-2020,All,Female,All,111712,3,1.8,"[0.9, 3.4]",Whatcom
Melanoma of the Skin,Invasive,Whatcom,2016-2020,All,All,All,219923,9,3.3,"[2.3, 4.5]",Whatcom
Melanoma of the Skin,Invasive,Whitman,2016-2020,All,Male,All,23667,NR,NR,NR,Whitman
Melanoma of the Skin,Invasive,Whitman,2016-2020,All,Female,All,23662,NR,NR,NR,Whitman
Melanoma of the Skin,Invasive,Whitman,2016-2020,All,All,All,47329,NR,NR,NR,Whitman
Melanoma of the Skin,Invasive,Yakima,2016-2020,All,Male,All,126641,3,2.9,"[1.6, 4.7]",Yakima
Melanoma of the Skin,Invasive,Yakima,2016-2020,All,Female,All,127169,NR,NR,NR,Yakima
Melanoma of the Skin,Invasive,Yakima,2016-2020,All,All,All,253810,5,1.9,"[1.2, 2.8]",Yakima
Myeloma,All,Adams,2016-2020,All,Male,All,10282,NR,NR,NR,Adams
Myeloma,All,Adams,2016-2020,All,Female,All,9889,NR,NR,NR,Adams
Myeloma,All,Adams,2016-2020,All,All,All,20172,NR,NR,NR,Adams
Myeloma,All,Asotin,2016-2020,All,Male,All,10756,NR,NR,NR,Asotin
Myeloma,All,Asotin,2016-2020,All,Female,All,11370,NR,NR,NR,Asotin
Myeloma,All,Asotin,2016-2020,All,All,All,22126,NR,NR,NR,Asotin
Myeloma,All,Benton,2016-2020,All,Male,All,98978,4,3.7,"[2.2, 6.0]",Benton
Myeloma,All,Benton,2016-2020,All,Female,All,99958,3,2.7,"[1.5, 4.5]",Benton
Myeloma,All,Benton,2016-2020,All,All,All,198936,7,3.2,"[2.2, 4.5]",Benton
Myeloma,All,Chelan,2016-2020,All,Male,All,38595,NR,NR,NR,Chelan
Myeloma,All,Chelan,2016-2020,All,Female,All,38682,NR,NR,NR,Chelan
Myeloma,All,Chelan,2016-2020,All,All,All,77278,3,2.6,"[1.4, 4.6]",Chelan
Myeloma,All,Clallam,2016-2020,All,Male,All,37283,3,3.1,"[1.7, 6.8]",Clallam
Myeloma,All,Clallam,2016-2020,All,Female,All,38345,NR,NR,NR,Clallam
Myeloma,All,Clallam,2016-2020,All,All,All,75628,4,2.1,"[1.2, 4.0]",Clallam
Myeloma,All,Clark,2016-2020,All,Male,All,237977,8,3.1,"[2.1, 4.3]",Clark
Myeloma,All,Clark,2016-2020,All,Female,All,243884,7,2.4,"[1.7, 3.4]",Clark
Myeloma,All,Clark,2016-2020,All,All,All,481861,15,2.7,"[2.1, 3.4]",Clark
Myeloma,All,Columbia,2016-2020,All,Male,All,1973,NR,NR,NR,Columbia
Myeloma,All,Columbia,2016-2020,All,Female,All,1998,NR,NR,NR,Columbia
Myeloma,All,Columbia,2016-2020,All,All,All,3971,NR,NR,NR,Columbia
Myeloma,All,Cowlitz,2016-2020,All,Male,All,53421,2,3.7,"[1.9, 6.9]",Cowlitz
Myeloma,All,Cowlitz,2016-2020,All,Female,All,54522,NR,NR,NR,Cowlitz
Myeloma,All,Cowlitz,2016-2020,All,All,All,107943,4,2.5,"[1.5, 4.1]",Cowlitz
Myeloma,All,Douglas,2016-2020,All,Male,All,20946,NR,NR,NR,Douglas
Myeloma,All,Douglas,2016-2020,All,Female,All,20701,NR,NR,NR,Douglas
Myeloma,All,Douglas,2016-2020,All,All,All,41647,NR,NR,NR,Douglas
Myeloma,All,Ferry,2016-2020,All,Male,All,3694,NR,NR,NR,Ferry
Myeloma,All,Ferry,2016-2020,All,Female,All,3550,NR,NR,NR,Ferry
Myeloma,All,Ferry,2016-2020,All,All,All,7245,NR,NR,NR,Ferry
Myeloma,All,Franklin,2016-2020,All,Male,All,47829,NR,NR,NR,Franklin
Myeloma,All,Franklin,2016-2020,All,Female,All,44703,NR,NR,NR,Franklin
Myeloma,All,Franklin,2016-2020,All,All,All,92532,2,3.1,"[1.5, 5.9]",Franklin
Myeloma,All,Garfield,2016-2020,All,Male,All,1149,NR,NR,NR,Garfield
Myeloma,All,Garfield,2016-2020,All,Female,All,1124,NR,NR,NR,Garfield
Myeloma,All,Garfield,2016-2020,All,All,All,2272,NR,NR,NR,Garfield
Myeloma,All,Grant,2016-2020,All,Male,All,49209,NR,NR,NR,Grant
Myeloma,All,Grant,2016-2020,All,Female,All,46950,2,3.6,"[1.7, 7.1]",Grant
Myeloma,All,Grant,2016-2020,All,All,All,96159,4,3.7,"[2.2, 5.9]",Grant
Myeloma,All,Grays Harbor,2016-2020,All,Male,All,38179,NR,NR,NR,Grays Harbor
Myeloma,All,Grays Harbor,2016-2020,All,Female,All,36373,NR,NR,NR,Grays Harbor
Myeloma,All,Grays Harbor,2016-2020,All,All,All,74552,3,2.5,"[1.4, 4.6]",Grays Harbor
Myeloma,All,Island,2016-2020,All,Male,All,42072,3,4.3,"[2.3, 8.3]",Island
Myeloma,All,Island,2016-2020,All,Female,All,42860,NR,NR,NR,Island
Myeloma,All,Island,2016-2020,All,All,All,84932,4,3.0,"[1.9, 5.1]",Island
Myeloma,All,Jefferson,2016-2020,All,Male,All,15920,NR,NR,NR,Jefferson
Myeloma,All,Jefferson,2016-2020,All,Female,All,16416,NR,NR,NR,Jefferson
Myeloma,All,Jefferson,2016-2020,All,All,All,32336,3,3.2,"[1.7, 8.5]",Jefferson
Myeloma,All,King,2016-2020,All,Male,All,1096115,35,3.6,"[3.1, 4.2]",King
Myeloma,All,King,2016-2020,All,Female,All,1094637,32,2.6,"[2.2, 3.0]",King
Myeloma,All,King,2016-2020,All,All,All,2190752,67,3.0,"[2.7, 3.4]",King
Myeloma,All,Kitsap,2016-2020,All,Male,All,136205,6,3.5,"[2.3, 5.2]",Kitsap
Myeloma,All,Kitsap,2016-2020,All,Female,All,132989,4,1.9,"[1.1, 3.2]",Kitsap
Myeloma,All,Kitsap,2016-2020,All,All,All,269194,9,2.6,"[1.9, 3.6]",Kitsap
Myeloma,All,Kittitas,2016-2020,All,Male,All,22480,NR,NR,NR,Kittitas
Myeloma,All,Kittitas,2016-2020,All,Female,All,22165,NR,NR,NR,Kittitas
Myeloma,All,Kittitas,2016-2020,All,All,All,44645,NR,NR,NR,Kittitas
Myeloma,All,Klickitat,2016-2020,All,Male,All,11295,NR,NR,NR,Klickitat
Myeloma,All,Klickitat,2016-2020,All,Female,All,10818,NR,NR,NR,Klickitat
Myeloma,All,Klickitat,2016-2020,All,All,All,22113,NR,NR,NR,Klickitat
Myeloma,All,Lewis,2016-2020,All,Male,All,40168,2,3.5,"[1.7, 7.0]",Lewis
Myeloma,All,Lewis,2016-2020,All,Female,All,40148,NR,NR,NR,Lewis
Myeloma,All,Lewis,2016-2020,All,All,All,80317,4,2.9,"[1.7, 4.9]",Lewis
Myeloma,All,Lincoln,2016-2020,All,Male,All,5414,NR,NR,NR,Lincoln
Myeloma,All,Lincoln,2016-2020,All,Female,All,5351,NR,NR,NR,Lincoln
Myeloma,All,Lincoln,2016-2020,All,All,All,10765,NR,NR,NR,Lincoln
Myeloma,All,Mason,2016-2020,All,Male,All,33239,3,5.2,"[2.7, 9.9]",Mason
Myeloma,All,Mason,2016-2020,All,Female,All,31257,NR,NR,NR,Mason
Myeloma,All,Mason,2016-2020,All,All,All,64496,4,3.7,"[2.2, 6.2]",Mason
Myeloma,All,Okanogan,2016-2020,All,Male,All,21467,NR,NR,NR,Okanogan
Myeloma,All,Okanogan,2016-2020,All,Female,All,20466,NR,NR,NR,Okanogan
Myeloma,All,Okanogan,2016-2020,All,All,All,41932,2,3.0,"[1.5, 6.3]",Okanogan
Myeloma,All,Pacific,2016-2020,All,Male,All,11357,NR,NR,NR,Pacific
Myeloma,All,Pacific,2016-2020,All,Female,All,11398,NR,NR,NR,Pacific
Myeloma,All,Pacific,2016-2020,All,All,All,22755,NR,NR,NR,Pacific
Myeloma,All,Pend Oreille,2016-2020,All,Male,All,6738,NR,NR,NR,Pend Oreille
Myeloma,All,Pend Oreille,2016-2020,All,Female,All,6542,NR,NR,NR,Pend Oreille
Myeloma,All,Pend Oreille,2016-2020,All,All,All,13280,NR,NR,NR,Pend Oreille
Myeloma,All,Pierce,2016-2020,All,Male,All,442332,16,4.0,"[3.2, 5.0]",Pierce
Myeloma,All,Pierce,2016-2020,All,Female,All,449353,13,2.3,"[1.8, 3.0]",Pierce
Myeloma,All,Pierce,2016-2020,All,All,All,891685,29,3.0,"[2.5, 3.6]",Pierce
Myeloma,All,San Juan,2016-2020,All,Male,All,8396,NR,NR,NR,San Juan
Myeloma,All,San Juan,2016-2020,All,Female,All,8842,NR,NR,NR,San Juan
Myeloma,All,San Juan,2016-2020,All,All,All,17238,NR,NR,NR,San Juan
Myeloma,All,Skagit,2016-2020,All,Male,All,62062,3,3.5,"[1.9, 6.1]",Skagit
Myeloma,All,Skagit,2016-2020,All,Female,All,63868,4,3.8,"[2.3, 6.5]",Skagit
Myeloma,All,Skagit,2016-2020,All,All,All,125929,7,3.7,"[2.5, 5.3]",Skagit
Myeloma,All,Skamania,2016-2020,All,Male,All,5817,NR,NR,NR,Skamania
Myeloma,All,Skamania,2016-2020,All,Female,All,5607,NR,NR,NR,Skamania
Myeloma,All,Skamania,2016-2020,All,All,All,11424,NR,NR,NR,Skamania
Myeloma,All,Snohomish,2016-2020,All,Male,All,399947,15,4.5,"[3.5, 5.7]",Snohomish
Myeloma,All,Snohomish,2016-2020,All,Female,All,400972,12,2.6,"[2.0, 3.4]",Snohomish
Myeloma,All,Snohomish,2016-2020,All,All,All,800919,27,3.4,"[2.8, 4.0]",Snohomish
Myeloma,All,Spokane,2016-2020,All,Male,All,258269,13,4.7,"[3.6, 6.1]",Spokane
Myeloma,All,Spokane,2016-2020,All,Female,All,263176,11,3.1,"[2.3, 4.1]",Spokane
Myeloma,All,Spokane,2016-2020,All,All,All,521445,24,3.8,"[3.1, 4.6]",Spokane
Myeloma,All,Stevens,2016-2020,All,Male,All,22895,NR,NR,NR,Stevens
Myeloma,All,Stevens,2016-2020,All,Female,All,22748,NR,NR,NR,Stevens
Myeloma,All,Stevens,2016-2020,All,All,All,45643,2,3.9,"[2.0, 7.7]",Stevens
Myeloma,All,Thurston,2016-2020,All,Male,All,139164,7,4.8,"[3.3, 6.7]",Thurston
Myeloma,All,Thurston,2016-2020,All,Female,All,146165,3,1.8,"[1.0, 3.0]",Thurston
Myeloma,All,Thurston,2016-2020,All,All,All,285329,11,3.1,"[2.3, 4.1]",Thurston
Myeloma,All,Wahkiakum,2016-2020,All,Male,All,2139,NR,NR,NR,Wahkiakum
Myeloma,All,Wahkiakum,2016-2020,All,Female,All,2160,NR,NR,NR,Wahkiakum
Myeloma,All,Wahkiakum,2016-2020,All,All,All,4299,NR,NR,NR,Wahkiakum
Myeloma,All,Walla Walla,2016-2020,All,Male,All,31463,NR,NR,NR,Walla Walla
Myeloma,All,Walla Walla,2016-2020,All,Female,All,30305,NR,NR,NR,Walla Walla
Myeloma,All,Walla Walla,2016-2020,All,All,All,61767,2,2.8,"[1.4, 5.4]",Walla Walla
Myeloma,All,Whatcom,2016-2020,All,Male,All,108211,5,3.7,"[2.3, 5.7]",Whatcom
Myeloma,All,Whatcom,2016-2020,All,Female,All,111712,3,2.1,"[1.2, 3.6]",Whatcom
Myeloma,All,Whatcom,2016-2020,All,All,All,219923,8,2.8,"[2.0, 3.9]",Whatcom
Myeloma,All,Whitman,2016-2020,All,Male,All,23667,NR,NR,NR,Whitman
Myeloma,All,Whitman,2016-2020,All,Female,All,23662,NR,NR,NR,Whitman
Myeloma,All,Whitman,2016-2020,All,All,All,47329,NR,NR,NR,Whitman
Myeloma,All,Yakima,2016-2020,All,Male,All,126641,4,3.7,"[2.3, 5.7]",Yakima
Myeloma,All,Yakima,2016-2020,All,Female,All,127169,3,1.8,"[0.9, 3.2]",Yakima
Myeloma,All,Yakima,2016-2020,All,All,All,253810,7,2.6,"[1.8, 3.7]",Yakima
Non-Hodgkin Lymphoma,All,Adams,2016-2020,All,Male,All,10282,NR,NR,NR,Adams
Non-Hodgkin Lymphoma,All,Adams,2016-2020,All,Female,All,9889,NR,NR,NR,Adams
Non-Hodgkin Lymphoma,All,Adams,2016-2020,All,All,All,20172,NR,NR,NR,Adams
Non-Hodgkin Lymphoma,All,Asotin,2016-2020,All,Male,All,10756,NR,NR,NR,Asotin
Non-Hodgkin Lymphoma,All,Asotin,2016-2020,All,Female,All,11370,NR,NR,NR,Asotin
Non-Hodgkin Lymphoma,All,Asotin,2016-2020,All,All,All,22126,2,5.1,"[2.4, 11.2]",Asotin
Non-Hodgkin Lymphoma,All,Benton,2016-2020,All,Male,All,98978,8,8.0,"[5.7, 11.1]",Benton
Non-Hodgkin Lymphoma,All,Benton,2016-2020,All,Female,All,99958,4,3.5,"[2.2, 5.6]",Benton
Non-Hodgkin Lymphoma,All,Benton,2016-2020,All,All,All,198936,12,5.6,"[4.2, 7.2]",Benton
Non-Hodgkin Lymphoma,All,Chelan,2016-2020,All,Male,All,38595,4,8.1,"[5.0, 13.0]",Chelan
Non-Hodgkin Lymphoma,All,Chelan,2016-2020,All,Female,All,38682,2,3.1,"[1.5, 6.6]",Chelan
Non-Hodgkin Lymphoma,All,Chelan,2016-2020,All,All,All,77278,6,5.5,"[3.7, 8.0]",Chelan
Non-Hodgkin Lymphoma,All,Clallam,2016-2020,All,Male,All,37283,6,9.6,"[6.3, 14.9]",Clallam
Non-Hodgkin Lymphoma,All,Clallam,2016-2020,All,Female,All,38345,5,5.3,"[3.3, 9.5]",Clallam
Non-Hodgkin Lymphoma,All,Clallam,2016-2020,All,All,All,75628,11,7.3,"[5.4, 10.3]",Clallam
Non-Hodgkin Lymphoma,All,Clark,2016-2020,All,Male,All,237977,15,5.8,"[4.5, 7.4]",Clark
Non-Hodgkin Lymphoma,All,Clark,2016-2020,All,Female,All,243884,13,4.2,"[3.2, 5.4]",Clark
Non-Hodgkin Lymphoma,All,Clark,2016-2020,All,All,All,481861,27,4.9,"[4.1, 5.9]",Clark
Non-Hodgkin Lymphoma,All,Columbia,2016-2020,All,Male,All,1973,NR,NR,NR,Columbia
Non-Hodgkin Lymphoma,All,Columbia,2016-2020,All,Female,All,1998,NR,NR,NR,Columbia
Non-Hodgkin Lymphoma,All,Columbia,2016-2020,All,All,All,3971,NR,NR,NR,Columbia
Non-Hodgkin Lymphoma,All,Cowlitz,2016-2020,All,Male,All,53421,5,7.5,"[4.8, 11.5]",Cowlitz
Non-Hodgkin Lymphoma,All,Cowlitz,2016-2020,All,Female,All,54522,3,4.4,"[2.5, 7.5]",Cowlitz
Non-Hodgkin Lymphoma,All,Cowlitz,2016-2020,All,All,All,107943,9,5.9,"[4.2, 8.2]",Cowlitz
Non-Hodgkin Lymphoma,All,Douglas,2016-2020,All,Male,All,20946,NR,NR,NR,Douglas
Non-Hodgkin Lymphoma,All,Douglas,2016-2020,All,Female,All,20701,NR,NR,NR,Douglas
Non-Hodgkin Lymphoma,All,Douglas,2016-2020,All,All,All,41647,3,5.3,"[2.9, 9.4]",Douglas
Non-Hodgkin Lymphoma,All,Ferry,2016-2020,All,Male,All,3694,NR,NR,NR,Ferry
Non-Hodgkin Lymphoma,All,Ferry,2016-2020,All,Female,All,3550,NR,NR,NR,Ferry
Non-Hodgkin Lymphoma,All,Ferry,2016-2020,All,All,All,7245,NR,NR,NR,Ferry
Non-Hodgkin Lymphoma,All,Franklin,2016-2020,All,Male,All,47829,NR,NR,NR,Franklin
Non-Hodgkin Lymphoma,All,Franklin,2016-2020,All,Female,All,44703,NR,NR,NR,Franklin
Non-Hodgkin Lymphoma,All,Franklin,2016-2020,All,All,All,92532,3,5.0,"[2.9, 8.3]",Franklin
Non-Hodgkin Lymphoma,All,Garfield,2016-2020,All,Male,All,1149,NR,NR,NR,Garfield
Non-Hodgkin Lymphoma,All,Garfield,2016-2020,All,Female,All,1124,NR,NR,NR,Garfield
Non-Hodgkin Lymphoma,All,Garfield,2016-2020,All,All,All,2272,NR,NR,NR,Garfield
Non-Hodgkin Lymphoma,All,Grant,2016-2020,All,Male,All,49209,4,7.7,"[4.6, 12.4]",Grant
Non-Hodgkin Lymphoma,All,Grant,2016-2020,All,Female,All,46950,3,5.8,"[3.2, 10.0]",Grant
Non-Hodgkin Lymphoma,All,Grant,2016-2020,All,All,All,96159,7,6.6,"[4.6, 9.4]",Grant
Non-Hodgkin Lymphoma,All,Grays Harbor,2016-2020,All,Male,All,38179,6,11.7,"[7.8, 17.5]",Grays Harbor
Non-Hodgkin Lymphoma,All,Grays Harbor,2016-2020,All,Female,All,36373,3,4.8,"[2.6, 8.9]",Grays Harbor
Non-Hodgkin Lymphoma,All,Grays Harbor,2016-2020,All,All,All,74552,9,7.9,"[5.7, 11.0]",Grays Harbor
Non-Hodgkin Lymphoma,All,Island,2016-2020,All,Male,All,42072,5,6.7,"[4.2, 11.0]",Island
Non-Hodgkin Lymphoma,All,Island,2016-2020,All,Female,All,42860,3,3.8,"[2.2, 7.2]",Island
Non-Hodgkin Lymphoma,All,Island,2016-2020,All,All,All,84932,8,5.1,"[3.6, 7.4]",Island
Non-Hodgkin Lymphoma,All,Jefferson,2016-2020,All,Male,All,15920,NR,NR,NR,Jefferson
Non-Hodgkin Lymphoma,All,Jefferson,2016-2020,All,Female,All,16416,NR,NR,NR,Jefferson
Non-Hodgkin Lymphoma,All,Jefferson,2016-2020,All,All,All,32336,3,4.1,"[2.1, 9.7]",Jefferson
Non-Hodgkin Lymphoma,All,King,2016-2020,All,Male,All,1096115,60,6.3,"[5.6, 7.1]",King
Non-Hodgkin Lymphoma,All,King,2016-2020,All,Female,All,1094637,48,3.8,"[3.3, 4.4]",King
Non-Hodgkin Lymphoma,All,King,2016-2020,All,All,All,2190752,108,4.9,"[4.5, 5.3]",King
Non-Hodgkin Lymphoma,All,Kitsap,2016-2020,All,Male,All,136205,11,7.4,"[5.5, 9.8]",Kitsap
Non-Hodgkin Lymphoma,All,Kitsap,2016-2020,All,Female,All,132989,8,4.3,"[3.0, 6.0]",Kitsap
Non-Hodgkin Lymphoma,All,Kitsap,2016-2020,All,All,All,269194,19,5.7,"[4.6, 7.0]",Kitsap
Non-Hodgkin Lymphoma,All,Kittitas,2016-2020,All,Male,All,22480,NR,NR,NR,Kittitas
Non-Hodgkin Lymphoma,All,Kittitas,2016-2020,All,Female,All,22165,NR,NR,NR,Kittitas
Non-Hodgkin Lymphoma,All,Kittitas,2016-2020,All,All,All,44645,3,6.4,"[3.7, 10.9]",Kittitas
Non-Hodgkin Lymphoma,All,Klickitat,2016-2020,All,Male,All,11295,NR,NR,NR,Klickitat
Non-Hodgkin Lymphoma,All,Klickitat,2016-2020,All,Female,All,10818,NR,NR,NR,Klickitat
Non-Hodgkin Lymphoma,All,Klickitat,2016-2020,All,All,All,22113,3,8.1,"[4.2, 15.8]",Klickitat
Non-Hodgkin Lymphoma,All,Lewis,2016-2020,All,Male,All,40168,5,9.0,"[5.7, 14.0]",Lewis
Non-Hodgkin Lymphoma,All,Lewis,2016-2020,All,Female,All,40148,3,4.9,"[2.9, 8.7]",Lewis
Non-Hodgkin Lymphoma,All,Lewis,2016-2020,All,All,All,80317,8,7.0,"[5.0, 9.8]",Lewis
Non-Hodgkin Lymphoma,All,Lincoln,2016-2020,All,Male,All,5414,NR,NR,NR,Lincoln
Non-Hodgkin Lymphoma,All,Lincoln,2016-2020,All,Female,All,5351,NR,NR,NR,Lincoln
Non-Hodgkin Lymphoma,All,Lincoln,2016-2020,All,All,All,10765,NR,NR,NR,Lincoln
Non-Hodgkin Lymphoma,All,Mason,2016-2020,All,Male,All,33239,3,6.4,"[3.5, 11.6]",Mason
Non-Hodgkin Lymphoma,All,Mason,2016-2020,All,Female,All,31257,2,4.1,"[2.0, 8.7]",Mason
Non-Hodgkin Lymphoma,All,Mason,2016-2020,All,All,All,64496,5,5.3,"[3.4, 8.2]",Mason
Non-Hodgkin Lymphoma,All,Okanogan,2016-2020,All,Male,All,21467,NR,NR,NR,Okanogan
Non-Hodgkin Lymphoma,All,Okanogan,2016-2020,All,Female,All,20466,2,6.1,"[3.0, 13.3]",Okanogan
Non-Hodgkin Lymphoma,All,Okanogan,2016-2020,All,All,All,41932,4,6.1,"[3.7, 10.3]",Okanogan
Non-Hodgkin Lymphoma,All,Pacific,2016-2020,All,Male,All,11357,NR,NR,NR,Pacific
Non-Hodgkin Lymphoma,All,Pacific,2016-2020,All,Female,All,11398,NR,NR,NR,Pacific
Non-Hodgkin Lymphoma,All,Pacific,2016-2020,All,All,All,22755,2,5.6,"[2.9, 12.5]",Pacific
Non-Hodgkin Lymphoma,All,Pend Oreille,2016-2020,All,Male,All,6738,NR,NR,NR,Pend Oreille
Non-Hodgkin Lymphoma,All,Pend Oreille,2016-2020,All,Female,All,6542,NR,NR,NR,Pend Oreille
Non-Hodgkin Lymphoma,All,Pend Oreille,2016-2020,All,All,All,13280,NR,NR,NR,Pend Oreille
Non-Hodgkin Lymphoma,All,Pierce,2016-2020,All,Male,All,442332,30,7.1,"[6.0, 8.4]",Pierce
Non-Hodgkin Lymphoma,All,Pierce,2016-2020,All,Female,All,449353,21,4.0,"[3.2, 4.8]",Pierce
Non-Hodgkin Lymphoma,All,Pierce,2016-2020,All,All,All,891685,50,5.4,"[4.7, 6.1]",Pierce
Non-Hodgkin Lymphoma,All,San Juan,2016-2020,All,Male,All,8396,NR,NR,NR,San Juan
Non-Hodgkin Lymphoma,All,San Juan,2016-2020,All,Female,All,8842,NR,NR,NR,San Juan
Non-Hodgkin Lymphoma,All,San Juan,2016-2020,All,All,All,17238,2,6.0,"[2.9, 16.3]",San Juan
Non-Hodgkin Lymphoma,All,Skagit,2016-2020,All,Male,All,62062,7,8.4,"[5.9, 11.9]",Skagit
Non-Hodgkin Lymphoma,All,Skagit,2016-2020,All,Female,All,63868,3,3.3,"[1.8, 5.9]",Skagit
Non-Hodgkin Lymphoma,All,Skagit,2016-2020,All,All,All,125929,11,5.5,"[4.1, 7.5]",Skagit
Non-Hodgkin Lymphoma,All,Skamania,2016-2020,All,Male,All,5817,NR,NR,NR,Skamania
Non-Hodgkin Lymphoma,All,Skamania,2016-2020,All,Female,All,5607,NR,NR,NR,Skamania
Non-Hodgkin Lymphoma,All,Skamania,2016-2020,All,All,All,11424,NR,NR,NR,Skamania
Non-Hodgkin Lymphoma,All,Snohomish,2016-2020,All,Male,All,399947,27,7.5,"[6.3, 9.0]",Snohomish
Non-Hodgkin Lymphoma,All,Snohomish,2016-2020,All,Female,All,400972,22,4.7,"[3.9, 5.7]",Snohomish
Non-Hodgkin Lymphoma,All,Snohomish,2016-2020,All,All,All,800919,48,5.9,"[5.1, 6.7]",Snohomish
Non-Hodgkin Lymphoma,All,Spokane,2016-2020,All,Male,All,258269,19,7.3,"[5.9, 8.9]",Spokane
Non-Hodgkin Lymphoma,All,Spokane,2016-2020,All,Female,All,263176,13,3.5,"[2.7, 4.5]",Spokane
Non-Hodgkin Lymphoma,All,Spokane,2016-2020,All,All,All,521445,32,5.1,"[4.3, 6.0]",Spokane
Non-Hodgkin Lymphoma,All,Stevens,2016-2020,All,Male,All,22895,NR,NR,NR,Stevens
Non-Hodgkin Lymphoma,All,Stevens,2016-2020,All,Female,All,22748,NR,NR,NR,Stevens
Non-Hodgkin Lymphoma,All,Stevens,2016-2020,All,All,All,45643,3,3.5,"[1.8, 7.1]",Stevens
Non-Hodgkin Lymphoma,All,Thurston,2016-2020,All,Male,All,139164,9,5.6,"[4.0, 7.7]",Thurston
Non-Hodgkin Lymphoma,All,Thurston,2016-2020,All,Female,All,146165,8,4.0,"[2.8, 5.5]",Thurston
Non-Hodgkin Lymphoma,All,Thurston,2016-2020,All,All,All,285329,17,4.7,"[3.7, 5.8]",Thurston
Non-Hodgkin Lymphoma,All,Wahkiakum,2016-2020,All,Male,All,2139,NR,NR,NR,Wahkiakum
Non-Hodgkin Lymphoma,All,Wahkiakum,2016-2020,All,Female,All,2160,NR,NR,NR,Wahkiakum
Non-Hodgkin Lymphoma,All,Wahkiakum,2016-2020,All,All,All,4299,NR,NR,NR,Wahkiakum
Non-Hodgkin Lymphoma,All,Walla Walla,2016-2020,All,Male,All,31463,2,5.7,"[2.7, 11.1]",Walla Walla
Non-Hodgkin Lymphoma,All,Walla Walla,2016-2020,All,Female,All,30305,2,4.7,"[2.1, 9.7]",Walla Walla
Non-Hodgkin Lymphoma,All,Walla Walla,2016-2020,All,All,All,61767,4,5.0,"[3.0, 8.2]",Walla Walla
Non-Hodgkin Lymphoma,All,Whatcom,2016-2020,All,Male,All,108211,10,8.1,"[6.0, 10.9]",Whatcom
Non-Hodgkin Lymphoma,All,Whatcom,2016-2020,All,Female,All,111712,5,3.2,"[2.0, 5.0]",Whatcom
Non-Hodgkin Lymphoma,All,Whatcom,2016-2020,All,All,All,219923,15,5.3,"[4.1, 6.7]",Whatcom
Non-Hodgkin Lymphoma,All,Whitman,2016-2020,All,Male,All,23667,NR,NR,NR,Whitman
Non-Hodgkin Lymphoma,All,Whitman,2016-2020,All,Female,All,23662,NR,NR,NR,Whitman
Non-Hodgkin Lymphoma,All,Whitman,2016-2020,All,All,All,47329,NR,NR,NR,Whitman
Non-Hodgkin Lymphoma,All,Yakima,2016-2020,All,Male,All,126641,9,7.2,"[5.2, 9.9]",Yakima
Non-Hodgkin Lymphoma,All,Yakima,2016-2020,All,Female,All,127169,8,5.3,"[3.8, 7.4]",Yakima
Non-Hodgkin Lymphoma,All,Yakima,2016-2020,All,All,All,253810,17,6.2,"[5.0, 7.8]",Yakima
Oral Cavity and Pharynx,All,Adams,2016-2020,All,Male,All,10282,NR,NR,NR,Adams
Oral Cavity and Pharynx,All,Adams,2016-2020,All,Female,All,9889,NR,NR,NR,Adams
Oral Cavity and Pharynx,All,Adams,2016-2020,All,All,All,20172,NR,NR,NR,Adams
Oral Cavity and Pharynx,All,Asotin,2016-2020,All,Male,All,10756,NR,NR,NR,Asotin
Oral Cavity and Pharynx,All,Asotin,2016-2020,All,Female,All,11370,NR,NR,NR,Asotin
Oral Cavity and Pharynx,All,Asotin,2016-2020,All,All,All,22126,NR,NR,NR,Asotin
Oral Cavity and Pharynx,All,Benton,2016-2020,All,Male,All,98978,4,3.8,"[2.3, 5.9]",Benton
Oral Cavity and Pharynx,All,Benton,2016-2020,All,Female,All,99958,3,2.5,"[1.4, 4.2]",Benton
Oral Cavity and Pharynx,All,Benton,2016-2020,All,All,All,198936,7,3.1,"[2.2, 4.4]",Benton
Oral Cavity and Pharynx,All,Chelan,2016-2020,All,Male,All,38595,NR,NR,NR,Chelan
Oral Cavity and Pharynx,All,Chelan,2016-2020,All,Female,All,38682,NR,NR,NR,Chelan
Oral Cavity and Pharynx,All,Chelan,2016-2020,All,All,All,77278,3,2.5,"[1.3, 4.6]",Chelan
Oral Cavity and Pharynx,All,Clallam,2016-2020,All,Male,All,37283,3,4.4,"[2.5, 8.4]",Clallam
Oral Cavity and Pharynx,All,Clallam,2016-2020,All,Female,All,38345,NR,NR,NR,Clallam
Oral Cavity and Pharynx,All,Clallam,2016-2020,All,All,All,75628,4,2.2,"[1.3, 4.1]",Clallam
Oral Cavity and Pharynx,All,Clark,2016-2020,All,Male,All,237977,12,4.8,"[3.6, 6.3]",Clark
Oral Cavity and Pharynx,All,Clark,2016-2020,All,Female,All,243884,4,1.3,"[0.8, 2.1]",Clark
Oral Cavity and Pharynx,All,Clark,2016-2020,All,All,All,481861,16,2.9,"[2.3, 3.6]",Clark
Oral Cavity and Pharynx,All,Columbia,2016-2020,All,Male,All,1973,NR,NR,NR,Columbia
Oral Cavity and Pharynx,All,Columbia,2016-2020,All,Female,All,1998,NR,NR,NR,Columbia
Oral Cavity and Pharynx,All,Columbia,2016-2020,All,All,All,3971,NR,NR,NR,Columbia
Oral Cavity and Pharynx,All,Cowlitz,2016-2020,All,Male,All,53421,5,6.8,"[4.4, 10.5]",Cowlitz
Oral Cavity and Pharynx,All,Cowlitz,2016-2020,All,Female,All,54522,NR,NR,NR,Cowlitz
Oral Cavity and Pharynx,All,Cowlitz,2016-2020,All,All,All,107943,6,4.0,"[2.6, 5.9]",Cowlitz
Oral Cavity and Pharynx,All,Douglas,2016-2020,All,Male,All,20946,NR,NR,NR,Douglas
Oral Cavity and Pharynx,All,Douglas,2016-2020,All,Female,All,20701,NR,NR,NR,Douglas
Oral Cavity and Pharynx,All,Douglas,2016-2020,All,All,All,41647,NR,NR,NR,Douglas
Oral Cavity and Pharynx,All,Ferry,2016-2020,All,Male,All,3694,NR,NR,NR,Ferry
Oral Cavity and Pharynx,All,Ferry,2016-2020,All,Female,All,3550,NR,NR,NR,Ferry
Oral Cavity and Pharynx,All,Ferry,2016-2020,All,All,All,7245,NR,NR,NR,Ferry
Oral Cavity and Pharynx,All,Franklin,2016-2020,All,Male,All,47829,NR,NR,NR,Franklin
Oral Cavity and Pharynx,All,Franklin,2016-2020,All,Female,All,44703,NR,NR,NR,Franklin
Oral Cavity and Pharynx,All,Franklin,2016-2020,All,All,All,92532,NR,NR,NR,Franklin
Oral Cavity and Pharynx,All,Garfield,2016-2020,All,Male,All,1149,NR,NR,NR,Garfield
Oral Cavity and Pharynx,All,Garfield,2016-2020,All,Female,All,1124,NR,NR,NR,Garfield
Oral Cavity and Pharynx,All,Garfield,2016-2020,All,All,All,2272,NR,NR,NR,Garfield
Oral Cavity and Pharynx,All,Grant,2016-2020,All,Male,All,49209,3,5.7,"[3.1, 9.9]",Grant
Oral Cavity and Pharynx,All,Grant,2016-2020,All,Female,All,46950,NR,NR,NR,Grant
Oral Cavity and Pharynx,All,Grant,2016-2020,All,All,All,96159,3,3.5,"[2.0, 5.7]",Grant
Oral Cavity and Pharynx,All,Grays Harbor,2016-2020,All,Male,All,38179,3,4.4,"[2.4, 8.3]",Grays Harbor
Oral Cavity and Pharynx,All,Grays Harbor,2016-2020,All,Female,All,36373,NR,NR,NR,Grays Harbor
Oral Cavity and Pharynx,All,Grays Harbor,2016-2020,All,All,All,74552,3,2.7,"[1.5, 4.7]",Grays Harbor
Oral Cavity and Pharynx,All,Island,2016-2020,All,Male,All,42072,2,4.0,"[2.0, 8.1]",Island
Oral Cavity and Pharynx,All,Island,2016-2020,All,Female,All,42860,2,2.7,"[1.3, 6.0]",Island
Oral Cavity and Pharynx,All,Island,2016-2020,All,All,All,84932,5,3.3,"[2.1, 5.5]",Island
Oral Cavity and Pharynx,All,Jefferson,2016-2020,All,Male,All,15920,NR,NR,NR,Jefferson
Oral Cavity and Pharynx,All,Jefferson,2016-2020,All,Female,All,16416,NR,NR,NR,Jefferson
Oral Cavity and Pharynx,All,Jefferson,2016-2020,All,All,All,32336,2,3.4,"[1.5, 9.1]",Jefferson
Oral Cavity and Pharynx,All,King,2016-2020,All,Male,All,1096115,37,3.5,"[3.0, 4.0]",King
Oral Cavity and Pharynx,All,King,2016-2020,All,Female,All,1094637,18,1.4,"[1.2, 1.8]",King
Oral Cavity and Pharynx,All,King,2016-2020,All,All,All,2190752,55,2.4,"[2.1, 2.7]",King
Oral Cavity and Pharynx,All,Kitsap,2016-2020,All,Male,All,136205,8,4.6,"[3.3, 6.4]",Kitsap
Oral Cavity and Pharynx,All,Kitsap,2016-2020,All,Female,All,132989,4,1.9,"[1.1, 3.2]",Kitsap
Oral Cavity and Pharynx,All,Kitsap,2016-2020,All,All,All,269194,12,3.2,"[2.4, 4.2]",Kitsap
Oral Cavity and Pharynx,All,Kittitas,2016-2020,All,Male,All,22480,2,10.2,"[5.1, 19.1]",Kittitas
Oral Cavity and Pharynx,All,Kittitas,2016-2020,All,Female,All,22165,NR,NR,NR,Kittitas
Oral Cavity and Pharynx,All,Kittitas,2016-2020,All,All,All,44645,3,5.2,"[2.8, 9.5]",Kittitas
Oral Cavity and Pharynx,All,Klickitat,2016-2020,All,Male,All,11295,NR,NR,NR,Klickitat
Oral Cavity and Pharynx,All,Klickitat,2016-2020,All,Female,All,10818,NR,NR,NR,Klickitat
Oral Cavity and Pharynx,All,Klickitat,2016-2020,All,All,All,22113,NR,NR,NR,Klickitat
Oral Cavity and Pharynx,All,Lewis,2016-2020,All,Male,All,40168,2,3.2,"[1.5, 6.6]",Lewis
Oral Cavity and Pharynx,All,Lewis,2016-2020,All,Female,All,40148,NR,NR,NR,Lewis
Oral Cavity and Pharynx,All,Lewis,2016-2020,All,All,All,80317,4,2.7,"[1.6, 4.6]",Lewis
Oral Cavity and Pharynx,All,Lincoln,2016-2020,All,Male,All,5414,NR,NR,NR,Lincoln
Oral Cavity and Pharynx,All,Lincoln,2016-2020,All,Female,All,5351,NR,NR,NR,Lincoln
Oral Cavity and Pharynx,All,Lincoln,2016-2020,All,All,All,10765,NR,NR,NR,Lincoln
Oral Cavity and Pharynx,All,Mason,2016-2020,All,Male,All,33239,4,7.0,"[4.2, 11.9]",Mason
Oral Cavity and Pharynx,All,Mason,2016-2020,All,Female,All,31257,NR,NR,NR,Mason
Oral Cavity and Pharynx,All,Mason,2016-2020,All,All,All,64496,5,3.9,"[2.4, 6.4]",Mason
Oral Cavity and Pharynx,All,Okanogan,2016-2020,All,Male,All,21467,NR,NR,NR,Okanogan
Oral Cavity and Pharynx,All,Okanogan,2016-2020,All,Female,All,20466,NR,NR,NR,Okanogan
Oral Cavity and Pharynx,All,Okanogan,2016-2020,All,All,All,41932,NR,NR,NR,Okanogan
Oral Cavity and Pharynx,All,Pacific,2016-2020,All,Male,All,11357,NR,NR,NR,Pacific
Oral Cavity and Pharynx,All,Pacific,2016-2020,All,Female,All,11398,NR,NR,NR,Pacific
Oral Cavity and Pharynx,All,Pacific,2016-2020,All,All,All,22755,NR,NR,NR,Pacific
Oral Cavity and Pharynx,All,Pend Oreille,2016-2020,All,Male,All,6738,NR,NR,NR,Pend Oreille
Oral Cavity and Pharynx,All,Pend Oreille,2016-2020,All,Female,All,6542,NR,NR,NR,Pend Oreille
Oral Cavity and Pharynx,All,Pend Oreille,2016-2020,All,All,All,13280,NR,NR,NR,Pend Oreille
Oral Cavity and Pharynx,All,Pierce,2016-2020,All,Male,All,442332,18,3.8,"[3.0, 4.7]",Pierce
Oral Cavity and Pharynx,All,Pierce,2016-2020,All,Female,All,449353,10,1.9,"[1.4, 2.5]",Pierce
Oral Cavity and Pharynx,All,Pierce,2016-2020,All,All,All,891685,27,2.7,"[2.3, 3.3]",Pierce
Oral Cavity and Pharynx,All,San Juan,2016-2020,All,Male,All,8396,NR,NR,NR,San Juan
Oral Cavity and Pharynx,All,San Juan,2016-2020,All,Female,All,8842,NR,NR,NR,San Juan
Oral Cavity and Pharynx,All,San Juan,2016-2020,All,All,All,17238,NR,NR,NR,San Juan
Oral Cavity and Pharynx,All,Skagit,2016-2020,All,Male,All,62062,3,3.1,"[1.7, 5.6]",Skagit
Oral Cavity and Pharynx,All,Skagit,2016-2020,All,Female,All,63868,NR,NR,NR,Skagit
Oral Cavity and Pharynx,All,Skagit,2016-2020,All,All,All,125929,4,2.1,"[1.2, 3.5]",Skagit
Oral Cavity and Pharynx,All,Skamania,2016-2020,All,Male,All,5817,NR,NR,NR,Skamania
Oral Cavity and Pharynx,All,Skamania,2016-2020,All,Female,All,5607,NR,NR,NR,Skamania
Oral Cavity and Pharynx,All,Skamania,2016-2020,All,All,All,11424,NR,NR,NR,Skamania
Oral Cavity and Pharynx,All,Snohomish,2016-2020,All,Male,All,399947,18,4.6,"[3.7, 5.7]",Snohomish
Oral Cavity and Pharynx,All,Snohomish,2016-2020,All,Female,All,400972,9,1.9,"[1.4, 2.6]",Snohomish
Oral Cavity and Pharynx,All,Snohomish,2016-2020,All,All,All,800919,27,3.1,"[2.6, 3.7]",Snohomish
Oral Cavity and Pharynx,All,Spokane,2016-2020,All,Male,All,258269,17,5.4,"[4.3, 6.8]",Spokane
Oral Cavity and Pharynx,All,Spokane,2016-2020,All,Female,All,263176,8,2.0,"[1.4, 2.9]",Spokane
Oral Cavity and Pharynx,All,Spokane,2016-2020,All,All,All,521445,24,3.6,"[3.0, 4.3]",Spokane
Oral Cavity and Pharynx,All,Stevens,2016-2020,All,Male,All,22895,NR,NR,NR,Stevens
Oral Cavity and Pharynx,All,Stevens,2016-2020,All,Female,All,22748,NR,NR,NR,Stevens
Oral Cavity and Pharynx,All,Stevens,2016-2020,All,All,All,45643,NR,NR,NR,Stevens
Oral Cavity and Pharynx,All,Thurston,2016-2020,All,Male,All,139164,6,3.6,"[2.4, 5.2]",Thurston
Oral Cavity and Pharynx,All,Thurston,2016-2020,All,Female,All,146165,3,1.3,"[0.7, 2.4]",Thurston
Oral Cavity and Pharynx,All,Thurston,2016-2020,All,All,All,285329,9,2.3,"[1.7, 3.2]",Thurston
Oral Cavity and Pharynx,All,Wahkiakum,2016-2020,All,Male,All,2139,NR,NR,NR,Wahkiakum
Oral Cavity and Pharynx,All,Wahkiakum,2016-2020,All,Female,All,2160,NR,NR,NR,Wahkiakum
Oral Cavity and Pharynx,All,Wahkiakum,2016-2020,All,All,All,4299,NR,NR,NR,Wahkiakum
Oral Cavity and Pharynx,All,Walla Walla,2016-2020,All,Male,All,31463,NR,NR,NR,Walla Walla
Oral Cavity and Pharynx,All,Walla Walla,2016-2020,All,Female,All,30305,NR,NR,NR,Walla Walla
Oral Cavity and Pharynx,All,Walla Walla,2016-2020,All,All,All,61767,NR,NR,NR,Walla Walla
Oral Cavity and Pharynx,All,Whatcom,2016-2020,All,Male,All,108211,6,4.7,"[3.1, 6.9]",Whatcom
Oral Cavity and Pharynx,All,Whatcom,2016-2020,All,Female,All,111712,2,1.2,"[0.6, 2.6]",Whatcom
Oral Cavity and Pharynx,All,Whatcom,2016-2020,All,All,All,219923,8,2.8,"[2.0, 4.0]",Whatcom
Oral Cavity and Pharynx,All,Whitman,2016-2020,All,Male,All,23667,NR,NR,NR,Whitman
Oral Cavity and Pharynx,All,Whitman,2016-2020,All,Female,All,23662,NR,NR,NR,Whitman
Oral Cavity and Pharynx,All,Whitman,2016-2020,All,All,All,47329,NR,NR,NR,Whitman
Oral Cavity and Pharynx,All,Yakima,2016-2020,All,Male,All,126641,4,3.5,"[2.2, 5.5]",Yakima
Oral Cavity and Pharynx,All,Yakima,2016-2020,All,Female,All,127169,3,2.1,"[1.2, 3.5]",Yakima
Oral Cavity and Pharynx,All,Yakima,2016-2020,All,All,All,253810,8,2.7,"[1.9, 3.8]",Yakima
Ovary,All,Adams,2016-2020,All,Female,All,9889,NR,NR,NR,Adams
Ovary,All,Asotin,2016-2020,All,Female,All,11370,NR,NR,NR,Asotin
Ovary,All,Benton,2016-2020,All,Female,All,99958,8,6.7,"[4.7, 9.3]",Benton
Ovary,All,Chelan,2016-2020,All,Female,All,38682,3,4.3,"[2.3, 8.0]",Chelan
Ovary,All,Clallam,2016-2020,All,Female,All,38345,7,8.5,"[6.0, 13.1]",Clallam
Ovary,All,Clark,2016-2020,All,Female,All,243884,19,6.1,"[4.9, 7.5]",Clark
Ovary,All,Columbia,2016-2020,All,Female,All,1998,NR,NR,NR,Columbia
Ovary,All,Cowlitz,2016-2020,All,Female,All,54522,4,5.8,"[3.5, 9.4]",Cowlitz
Ovary,All,Douglas,2016-2020,All,Female,All,20701,2,8.1,"[4.0, 15.6]",Douglas
Ovary,All,Ferry,2016-2020,All,Female,All,3550,NR,NR,NR,Ferry
Ovary,All,Franklin,2016-2020,All,Female,All,44703,3,8.9,"[4.9, 14.9]",Franklin
Ovary,All,Garfield,2016-2020,All,Female,All,1124,NR,NR,NR,Garfield
Ovary,All,Grant,2016-2020,All,Female,All,46950,3,4.7,"[2.4, 8.5]",Grant
Ovary,All,Grays Harbor,2016-2020,All,Female,All,36373,3,5.4,"[3.0, 9.7]",Grays Harbor
Ovary,All,Island,2016-2020,All,Female,All,42860,6,7.0,"[4.6, 11.1]",Island
Ovary,All,Jefferson,2016-2020,All,Female,All,16416,5,10.6,"[6.6, 22.3]",Jefferson
Ovary,All,King,2016-2020,All,Female,All,1094637,83,6.6,"[6.0, 7.3]",King
Ovary,All,Kitsap,2016-2020,All,Female,All,132989,12,6.3,"[4.8, 8.2]",Kitsap
Ovary,All,Kittitas,2016-2020,All,Female,All,22165,2,8.0,"[3.9, 15.8]",Kittitas
Ovary,All,Klickitat,2016-2020,All,Female,All,10818,NR,NR,NR,Klickitat
Ovary,All,Lewis,2016-2020,All,Female,All,40148,4,6.1,"[3.6, 10.4]",Lewis
Ovary,All,Lincoln,2016-2020,All,Female,All,5351,NR,NR,NR,Lincoln
Ovary,All,Mason,2016-2020,All,Female,All,31257,3,4.3,"[2.3, 8.8]",Mason
Ovary,All,Okanogan,2016-2020,All,Female,All,20466,NR,NR,NR,Okanogan
Ovary,All,Pacific,2016-2020,All,Female,All,11398,NR,NR,NR,Pacific
Ovary,All,Pend Oreille,2016-2020,All,Female,All,6542,NR,NR,NR,Pend Oreille
Ovary,All,Pierce,2016-2020,All,Female,All,449353,38,7.2,"[6.2, 8.3]",Pierce
Ovary,All,San Juan,2016-2020,All,Female,All,8842,NR,NR,NR,San Juan
Ovary,All,Skagit,2016-2020,All,Female,All,63868,6,5.3,"[3.5, 8.2]",Skagit
Ovary,All,Skamania,2016-2020,All,Female,All,5607,NR,NR,NR,Skamania
Ovary,All,Snohomish,2016-2020,All,Female,All,400972,36,7.6,"[6.5, 8.8]",Snohomish
Ovary,All,Spokane,2016-2020,All,Female,All,263176,23,6.7,"[5.5, 8.2]",Spokane
Ovary,All,Stevens,2016-2020,All,Female,All,22748,3,8.2,"[4.5, 15.6]",Stevens
Ovary,All,Thurston,2016-2020,All,Female,All,146165,16,8.1,"[6.4, 10.3]",Thurston
Ovary,All,Wahkiakum,2016-2020,All,Female,All,2160,NR,NR,NR,Wahkiakum
Ovary,All,Walla Walla,2016-2020,All,Female,All,30305,2,4.3,"[2.0, 9.0]",Walla Walla
Ovary,All,Whatcom,2016-2020,All,Female,All,111712,14,9.4,"[7.3, 12.1]",Whatcom
Ovary,All,Whitman,2016-2020,All,Female,All,23662,NR,NR,NR,Whitman
Ovary,All,Yakima,2016-2020,All,Female,All,127169,9,6.3,"[4.5, 8.5]",Yakima
Pancreas,All,Adams,2016-2020,All,Male,All,10282,NR,NR,NR,Adams
Pancreas,All,Adams,2016-2020,All,Female,All,9889,NR,NR,NR,Adams
Pancreas,All,Adams,2016-2020,All,All,All,20172,NR,NR,NR,Adams
Pancreas,All,Asotin,2016-2020,All,Male,All,10756,2,13.1,"[6.7, 26.5]",Asotin
Pancreas,All,Asotin,2016-2020,All,Female,All,11370,2,11.0,"[5.7, 23.0]",Asotin
Pancreas,All,Asotin,2016-2020,All,All,All,22126,5,12.1,"[7.7, 19.6]",Asotin
Pancreas,All,Benton,2016-2020,All,Male,All,98978,15,13.8,"[10.8, 17.6]",Benton
Pancreas,All,Benton,2016-2020,All,Female,All,99958,11,8.8,"[6.7, 11.7]",Benton
Pancreas,All,Benton,2016-2020,All,All,All,198936,26,11.2,"[9.4, 13.4]",Benton
Pancreas,All,Chelan,2016-2020,All,Male,All,38595,6,12.9,"[8.8, 18.8]",Chelan
Pancreas,All,Chelan,2016-2020,All,Female,All,38682,4,7.4,"[4.4, 12.0]",Chelan
Pancreas,All,Chelan,2016-2020,All,All,All,77278,10,9.8,"[7.3, 13.2]",Chelan
Pancreas,All,Clallam,2016-2020,All,Male,All,37283,11,14.7,"[10.9, 20.5]",Clallam
Pancreas,All,Clallam,2016-2020,All,Female,All,38345,7,8.7,"[6.0, 13.3]",Clallam
Pancreas,All,Clallam,2016-2020,All,All,All,75628,18,11.3,"[9.0, 14.5]",Clallam
Pancreas,All,Clark,2016-2020,All,Male,All,237977,29,11.3,"[9.4, 13.4]",Clark
Pancreas,All,Clark,2016-2020,All,Female,All,243884,32,10.2,"[8.7, 12.0]",Clark
Pancreas,All,Clark,2016-2020,All,All,All,481861,60,10.7,"[9.5, 12.0]",Clark
Pancreas,All,Columbia,2016-2020,All,Male,All,1973,NR,NR,NR,Columbia
Pancreas,All,Columbia,2016-2020,All,Female,All,1998,NR,NR,NR,Columbia
Pancreas,All,Columbia,2016-2020,All,All,All,3971,NR,NR,NR,Columbia
Pancreas,All,Cowlitz,2016-2020,All,Male,All,53421,10,13.2,"[9.7, 17.8]",Cowlitz
Pancreas,All,Cowlitz,2016-2020,All,Female,All,54522,7,9.3,"[6.5, 13.3]",Cowlitz
Pancreas,All,Cowlitz,2016-2020,All,All,All,107943,18,11.2,"[8.9, 14.0]",Cowlitz
Pancreas,All,Douglas,2016-2020,All,Male,All,20946,NR,NR,NR,Douglas
Pancreas,All,Douglas,2016-2020,All,Female,All,20701,NR,NR,NR,Douglas
Pancreas,All,Douglas,2016-2020,All,All,All,41647,4,7.0,"[4.1, 11.6]",Douglas
Pancreas,All,Ferry,2016-2020,All,Male,All,3694,NR,NR,NR,Ferry
Pancreas,All,Ferry,2016-2020,All,Female,All,3550,NR,NR,NR,Ferry
Pancreas,All,Ferry,2016-2020,All,All,All,7245,NR,NR,NR,Ferry
Pancreas,All,Franklin,2016-2020,All,Male,All,47829,5,15.6,"[9.8, 24.1]",Franklin
Pancreas,All,Franklin,2016-2020,All,Female,All,44703,5,15.5,"[10.1, 23.0]",Franklin
Pancreas,All,Franklin,2016-2020,All,All,All,92532,10,15.4,"[11.4, 20.5]",Franklin
Pancreas,All,Garfield,2016-2020,All,Male,All,1149,NR,NR,NR,Garfield
Pancreas,All,Garfield,2016-2020,All,Female,All,1124,NR,NR,NR,Garfield
Pancreas,All,Garfield,2016-2020,All,All,All,2272,NR,NR,NR,Garfield
Pancreas,All,Grant,2016-2020,All,Male,All,49209,6,12.2,"[8.2, 17.7]",Grant
Pancreas,All,Grant,2016-2020,All,Female,All,46950,7,12.5,"[8.6, 17.7]",Grant
Pancreas,All,Grant,2016-2020,All,All,All,96159,13,12.3,"[9.5, 15.9]",Grant
Pancreas,All,Grays Harbor,2016-2020,All,Male,All,38179,9,16.1,"[11.6, 22.2]",Grays Harbor
Pancreas,All,Grays Harbor,2016-2020,All,Female,All,36373,6,9.8,"[6.4, 15.1]",Grays Harbor
Pancreas,All,Grays Harbor,2016-2020,All,All,All,74552,15,12.8,"[10.0, 16.4]",Grays Harbor
Pancreas,All,Island,2016-2020,All,Male,All,42072,6,9.3,"[6.2, 14.2]",Island
Pancreas,All,Island,2016-2020,All,Female,All,42860,9,11.4,"[8.2, 16.3]",Island
Pancreas,All,Island,2016-2020,All,All,All,84932,15,10.5,"[8.2, 13.6]",Island
Pancreas,All,Jefferson,2016-2020,All,Male,All,15920,6,14.0,"[9.0, 25.1]",Jefferson
Pancreas,All,Jefferson,2016-2020,All,Female,All,16416,4,8.3,"[4.9, 19.8]",Jefferson
Pancreas,All,Jefferson,2016-2020,All,All,All,32336,9,11.0,"[7.9, 17.2]",Jefferson
Pancreas,All,King,2016-2020,All,Male,All,1096115,114,11.2,"[10.2, 12.2]",King
Pancreas,All,King,2016-2020,All,Female,All,1094637,117,9.3,"[8.6, 10.1]",King
Pancreas,All,King,2016-2020,All,All,All,2190752,231,10.2,"[9.6, 10.8]",King
Pancreas,All,Kitsap,2016-2020,All,Male,All,136205,20,12.4,"[10.1, 15.3]",Kitsap
Pancreas,All,Kitsap,2016-2020,All,Female,All,132989,19,9.9,"[8.0, 12.3]",Kitsap
Pancreas,All,Kitsap,2016-2020,All,All,All,269194,39,11.1,"[9.6, 12.8]",Kitsap
Pancreas,All,Kittitas,2016-2020,All,Male,All,22480,4,13.3,"[7.9, 22.3]",Kittitas
Pancreas,All,Kittitas,2016-2020,All,Female,All,22165,4,12.2,"[7.2, 20.9]",Kittitas
Pancreas,All,Kittitas,2016-2020,All,All,All,44645,7,12.9,"[9.0, 18.5]",Kittitas
Pancreas,All,Klickitat,2016-2020,All,Male,All,11295,2,11.7,"[6.0, 24.6]",Klickitat
Pancreas,All,Klickitat,2016-2020,All,Female,All,10818,NR,NR,NR,Klickitat
Pancreas,All,Klickitat,2016-2020,All,All,All,22113,4,9.8,"[5.8, 17.3]",Klickitat
Pancreas,All,Lewis,2016-2020,All,Male,All,40168,9,14.8,"[10.6, 20.7]",Lewis
Pancreas,All,Lewis,2016-2020,All,Female,All,40148,8,12.2,"[8.8, 17.3]",Lewis
Pancreas,All,Lewis,2016-2020,All,All,All,80317,17,13.6,"[10.8, 17.2]",Lewis
Pancreas,All,Lincoln,2016-2020,All,Male,All,5414,2,19.4,"[9.2, 46.4]",Lincoln
Pancreas,All,Lincoln,2016-2020,All,Female,All,5351,NR,NR,NR,Lincoln
Pancreas,All,Lincoln,2016-2020,All,All,All,10765,4,17.1,"[10.1, 32.0]",Lincoln
Pancreas,All,Mason,2016-2020,All,Male,All,33239,8,14.1,"[9.9, 20.4]",Mason
Pancreas,All,Mason,2016-2020,All,Female,All,31257,7,13.0,"[8.9, 19.2]",Mason
Pancreas,All,Mason,2016-2020,All,All,All,64496,15,13.6,"[10.6, 17.6]",Mason
Pancreas,All,Okanogan,2016-2020,All,Male,All,21467,5,14.8,"[9.2, 23.8]",Okanogan
Pancreas,All,Okanogan,2016-2020,All,Female,All,20466,3,8.1,"[4.4, 15.9]",Okanogan
Pancreas,All,Okanogan,2016-2020,All,All,All,41932,7,11.2,"[7.8, 16.2]",Okanogan
Pancreas,All,Pacific,2016-2020,All,Male,All,11357,4,18.7,"[11.5, 32.6]",Pacific
Pancreas,All,Pacific,2016-2020,All,Female,All,11398,NR,NR,NR,Pacific
Pancreas,All,Pacific,2016-2020,All,All,All,22755,6,12.6,"[8.4, 20.5]",Pacific
Pancreas,All,Pend Oreille,2016-2020,All,Male,All,6738,NR,NR,NR,Pend Oreille
Pancreas,All,Pend Oreille,2016-2020,All,Female,All,6542,NR,NR,NR,Pend Oreille
Pancreas,All,Pend Oreille,2016-2020,All,All,All,13280,2,7.1,"[3.3, 18.1]",Pend Oreille
Pancreas,All,Pierce,2016-2020,All,Male,All,442332,54,12.3,"[10.9, 14.0]",Pierce
Pancreas,All,Pierce,2016-2020,All,Female,All,449353,53,9.8,"[8.6, 11.1]",Pierce
Pancreas,All,Pierce,2016-2020,All,All,All,891685,107,10.9,"[10.0, 11.9]",Pierce
Pancreas,All,San Juan,2016-2020,All,Male,All,8396,NR,NR,NR,San Juan
Pancreas,All,San Juan,2016-2020,All,Female,All,8842,NR,NR,NR,San Juan
Pancreas,All,San Juan,2016-2020,All,All,All,17238,2,5.6,"[2.7, 15.8]",San Juan
Pancreas,All,Skagit,2016-2020,All,Male,All,62062,11,11.4,"[8.5, 15.3]",Skagit
Pancreas,All,Skagit,2016-2020,All,Female,All,63868,12,12.0,"[9.0, 16.0]",Skagit
Pancreas,All,Skagit,2016-2020,All,All,All,125929,23,11.8,"[9.7, 14.4]",Skagit
Pancreas,All,Skamania,2016-2020,All,Male,All,5817,NR,NR,NR,Skamania
Pancreas,All,Skamania,2016-2020,All,Female,All,5607,NR,NR,NR,Skamania
Pancreas,All,Skamania,2016-2020,All,All,All,11424,NR,NR,NR,Skamania
Pancreas,All,Snohomish,2016-2020,All,Male,All,399947,44,11.1,"[9.6, 12.7]",Snohomish
Pancreas,All,Snohomish,2016-2020,All,Female,All,400972,45,9.2,"[8.0, 10.5]",Snohomish
Pancreas,All,Snohomish,2016-2020,All,All,All,800919,89,10.0,"[9.1, 11.1]",Snohomish
Pancreas,All,Spokane,2016-2020,All,Male,All,258269,39,13.1,"[11.2, 15.1]",Spokane
Pancreas,All,Spokane,2016-2020,All,Female,All,263176,39,10.9,"[9.4, 12.7]",Spokane
Pancreas,All,Spokane,2016-2020,All,All,All,521445,78,11.8,"[10.7, 13.1]",Spokane
Pancreas,All,Stevens,2016-2020,All,Male,All,22895,6,17.8,"[11.8, 27.2]",Stevens
Pancreas,All,Stevens,2016-2020,All,Female,All,22748,3,9.3,"[5.2, 17.2]",Stevens
Pancreas,All,Stevens,2016-2020,All,All,All,45643,9,13.2,"[9.6, 18.5]",Stevens
Pancreas,All,Thurston,2016-2020,All,Male,All,139164,18,11.1,"[8.8, 13.7]",Thurston
Pancreas,All,Thurston,2016-2020,All,Female,All,146165,20,9.8,"[7.9, 12.1]",Thurston
Pancreas,All,Thurston,2016-2020,All,All,All,285329,38,10.4,"[9.0, 12.1]",Thurston
Pancreas,All,Wahkiakum,2016-2020,All,Male,All,2139,NR,NR,NR,Wahkiakum
Pancreas,All,Wahkiakum,2016-2020,All,Female,All,2160,NR,NR,NR,Wahkiakum
Pancreas,All,Wahkiakum,2016-2020,All,All,All,4299,NR,NR,NR,Wahkiakum
Pancreas,All,Walla Walla,2016-2020,All,Male,All,31463,5,11.0,"[7.0, 17.2]",Walla Walla
Pancreas,All,Walla Walla,2016-2020,All,Female,All,30305,4,8.7,"[5.4, 14.4]",Walla Walla
Pancreas,All,Walla Walla,2016-2020,All,All,All,61767,9,9.8,"[7.1, 13.5]",Walla Walla
Pancreas,All,Whatcom,2016-2020,All,Male,All,108211,22,17.0,"[13.9, 20.7]",Whatcom
Pancreas,All,Whatcom,2016-2020,All,Female,All,111712,13,8.5,"[6.6, 11.1]",Whatcom
Pancreas,All,Whatcom,2016-2020,All,All,All,219923,35,12.3,"[10.5, 14.4]",Whatcom
Pancreas,All,Whitman,2016-2020,All,Male,All,23667,4,22.3,"[13.7, 35.3]",Whitman
Pancreas,All,Whitman,2016-2020,All,Female,All,23662,NR,NR,NR,Whitman
Pancreas,All,Whitman,2016-2020,All,All,All,47329,6,14.4,"[9.7, 21.2]",Whitman
Pancreas,All,Yakima,2016-2020,All,Male,All,126641,13,9.7,"[7.4, 12.5]",Yakima
Pancreas,All,Yakima,2016-2020,All,Female,All,127169,13,9.3,"[7.2, 12.0]",Yakima
Pancreas,All,Yakima,2016-2020,All,All,All,253810,26,9.6,"[8.0, 11.5]",Yakima
Prostate,All,Adams,2016-2020,All,Male,All,10282,NR,NR,NR,Adams
Prostate,All,Asotin,2016-2020,All,Male,All,10756,NR,NR,NR,Asotin
Prostate,All,Benton,2016-2020,All,Male,All,98978,19,20.4,"[16.4, 25.1]",Benton
Prostate,All,Chelan,2016-2020,All,Male,All,38595,8,17.4,"[12.5, 24.0]",Chelan
Prostate,All,Clallam,2016-2020,All,Male,All,37283,20,26.9,"[21.8, 33.7]",Clallam
Prostate,All,Clark,2016-2020,All,Male,All,237977,46,20.4,"[17.7, 23.3]",Clark
Prostate,All,Columbia,2016-2020,All,Male,All,1973,NR,NR,NR,Columbia
Prostate,All,Cowlitz,2016-2020,All,Male,All,53421,14,22.5,"[17.5, 28.7]",Cowlitz
Prostate,All,Douglas,2016-2020,All,Male,All,20946,3,15.2,"[8.8, 25.2]",Douglas
Prostate,All,Ferry,2016-2020,All,Male,All,3694,NR,NR,NR,Ferry
Prostate,All,Franklin,2016-2020,All,Male,All,47829,5,15.7,"[9.7, 24.3]",Franklin
Prostate,All,Garfield,2016-2020,All,Male,All,1149,NR,NR,NR,Garfield
Prostate,All,Grant,2016-2020,All,Male,All,49209,9,20.2,"[14.7, 27.4]",Grant
Prostate,All,Grays Harbor,2016-2020,All,Male,All,38179,10,20.1,"[14.8, 27.1]",Grays Harbor
Prostate,All,Island,2016-2020,All,Male,All,42072,14,21.6,"[16.7, 28.1]",Island
Prostate,All,Jefferson,2016-2020,All,Male,All,15920,7,20.0,"[13.9, 31.9]",Jefferson
Prostate,All,King,2016-2020,All,Male,All,1096115,164,18.3,"[17.0, 19.6]",King
Prostate,All,Kitsap,2016-2020,All,Male,All,136205,28,19.2,"[16.1, 22.9]",Kitsap
Prostate,All,Kittitas,2016-2020,All,Male,All,22480,5,22.5,"[14.4, 34.3]",Kittitas
Prostate,All,Klickitat,2016-2020,All,Male,All,11295,4,24.8,"[14.6, 42.1]",Klickitat
Prostate,All,Lewis,2016-2020,All,Male,All,40168,12,21.9,"[16.5, 28.8]",Lewis
Prostate,All,Lincoln,2016-2020,All,Male,All,5414,NR,NR,NR,Lincoln
Prostate,All,Mason,2016-2020,All,Male,All,33239,11,25.1,"[18.8, 33.4]",Mason
Prostate,All,Okanogan,2016-2020,All,Male,All,21467,6,20.4,"[13.4, 30.8]",Okanogan
Prostate,All,Pacific,2016-2020,All,Male,All,11357,5,26.1,"[16.4, 42.5]",Pacific
Prostate,All,Pend Oreille,2016-2020,All,Male,All,6738,3,29.3,"[15.9, 55.5]",Pend Oreille
Prostate,All,Pierce,2016-2020,All,Male,All,442332,79,20.7,"[18.6, 22.9]",Pierce
Prostate,All,San Juan,2016-2020,All,Male,All,8396,4,20.1,"[11.8, 42.1]",San Juan
Prostate,All,Skagit,2016-2020,All,Male,All,62062,20,23.9,"[19.4, 29.3]",Skagit
Prostate,All,Skamania,2016-2020,All,Male,All,5817,NR,NR,NR,Skamania
Prostate,All,Snohomish,2016-2020,All,Male,All,399947,70,20.7,"[18.5, 23.1]",Snohomish
Prostate,All,Spokane,2016-2020,All,Male,All,258269,52,19.5,"[17.2, 22.1]",Spokane
Prostate,All,Stevens,2016-2020,All,Male,All,22895,9,27.8,"[20.1, 38.6]",Stevens
Prostate,All,Thurston,2016-2020,All,Male,All,139164,26,17.9,"[14.9, 21.4]",Thurston
Prostate,All,Wahkiakum,2016-2020,All,Male,All,2139,NR,NR,NR,Wahkiakum
Prostate,All,Walla Walla,2016-2020,All,Male,All,31463,7,18.2,"[12.7, 25.9]",Walla Walla
Prostate,All,Whatcom,2016-2020,All,Male,All,108211,25,21.4,"[17.8, 25.7]",Whatcom
Prostate,All,Whitman,2016-2020,All,Male,All,23667,3,13.6,"[7.2, 24.5]",Whitman
Prostate,All,Yakima,2016-2020,All,Male,All,126641,22,18.7,"[15.3, 22.6]",Yakima
Soft Tissue including Heart,All,Adams,2016-2020,All,Male,All,10282,NR,NR,NR,Adams
Soft Tissue including Heart,All,Adams,2016-2020,All,Female,All,9889,NR,NR,NR,Adams
Soft Tissue including Heart,All,Adams,2016-2020,All,All,All,20172,NR,NR,NR,Adams
Soft Tissue including Heart,All,Asotin,2016-2020,All,Male,All,10756,NR,NR,NR,Asotin
Soft Tissue including Heart,All,Asotin,2016-2020,All,Female,All,11370,NR,NR,NR,Asotin
Soft Tissue including Heart,All,Asotin,2016-2020,All,All,All,22126,NR,NR,NR,Asotin
Soft Tissue including Heart,All,Benton,2016-2020,All,Male,All,98978,NR,NR,NR,Benton
Soft Tissue including Heart,All,Benton,2016-2020,All,Female,All,99958,NR,NR,NR,Benton
Soft Tissue including Heart,All,Benton,2016-2020,All,All,All,198936,NR,NR,NR,Benton
Soft Tissue including Heart,All,Chelan,2016-2020,All,Male,All,38595,NR,NR,NR,Chelan
Soft Tissue including Heart,All,Chelan,2016-2020,All,Female,All,38682,NR,NR,NR,Chelan
Soft Tissue including Heart,All,Chelan,2016-2020,All,All,All,77278,NR,NR,NR,Chelan
Soft Tissue including Heart,All,Clallam,2016-2020,All,Male,All,37283,NR,NR,NR,Clallam
Soft Tissue including Heart,All,Clallam,2016-2020,All,Female,All,38345,NR,NR,NR,Clallam
Soft Tissue including Heart,All,Clallam,2016-2020,All,All,All,75628,2,1.8,"[0.8, 4.0]",Clallam
Soft Tissue including Heart,All,Clark,2016-2020,All,Male,All,237977,4,1.7,"[1.0, 2.7]",Clark
Soft Tissue including Heart,All,Clark,2016-2020,All,Female,All,243884,4,1.5,"[0.9, 2.3]",Clark
Soft Tissue including Heart,All,Clark,2016-2020,All,All,All,481861,8,1.6,"[1.1, 2.2]",Clark
Soft Tissue including Heart,All,Columbia,2016-2020,All,Male,All,1973,NR,NR,NR,Columbia
Soft Tissue including Heart,All,Columbia,2016-2020,All,Female,All,1998,NR,NR,NR,Columbia
Soft Tissue including Heart,All,Columbia,2016-2020,All,All,All,3971,NR,NR,NR,Columbia
Soft Tissue including Heart,All,Cowlitz,2016-2020,All,Male,All,53421,NR,NR,NR,Cowlitz
Soft Tissue including Heart,All,Cowlitz,2016-2020,All,Female,All,54522,NR,NR,NR,Cowlitz
Soft Tissue including Heart,All,Cowlitz,2016-2020,All,All,All,107943,3,1.7,"[0.9, 3.1]",Cowlitz
Soft Tissue including Heart,All,Douglas,2016-2020,All,Male,All,20946,NR,NR,NR,Douglas
Soft Tissue including Heart,All,Douglas,2016-2020,All,Female,All,20701,NR,NR,NR,Douglas
Soft Tissue including Heart,All,Douglas,2016-2020,All,All,All,41647,NR,NR,NR,Douglas
Soft Tissue including Heart,All,Ferry,2016-2020,All,Male,All,3694,NR,NR,NR,Ferry
Soft Tissue including Heart,All,Ferry,2016-2020,All,Female,All,3550,NR,NR,NR,Ferry
Soft Tissue including Heart,All,Ferry,2016-2020,All,All,All,7245,NR,NR,NR,Ferry
Soft Tissue including Heart,All,Franklin,2016-2020,All,Male,All,47829,NR,NR,NR,Franklin
Soft Tissue including Heart,All,Franklin,2016-2020,All,Female,All,44703,NR,NR,NR,Franklin
Soft Tissue including Heart,All,Franklin,2016-2020,All,All,All,92532,NR,NR,NR,Franklin
Soft Tissue including Heart,All,Garfield,2016-2020,All,Male,All,1149,NR,NR,NR,Garfield
Soft Tissue including Heart,All,Garfield,2016-2020,All,Female,All,1124,NR,NR,NR,Garfield
Soft Tissue including Heart,All,Garfield,2016-2020,All,All,All,2272,NR,NR,NR,Garfield
Soft Tissue including Heart,All,Grant,2016-2020,All,Male,All,49209,NR,NR,NR,Grant
Soft Tissue including Heart,All,Grant,2016-2020,All,Female,All,46950,NR,NR,NR,Grant
Soft Tissue including Heart,All,Grant,2016-2020,All,All,All,96159,NR,NR,NR,Grant
Soft Tissue including Heart,All,Grays Harbor,2016-2020,All,Male,All,38179,NR,NR,NR,Grays Harbor
Soft Tissue including Heart,All,Grays Harbor,2016-2020,All,Female,All,36373,NR,NR,NR,Grays Harbor
Soft Tissue including Heart,All,Grays Harbor,2016-2020,All,All,All,74552,NR,NR,NR,Grays Harbor
Soft Tissue including Heart,All,Island,2016-2020,All,Male,All,42072,NR,NR,NR,Island
Soft Tissue including Heart,All,Island,2016-2020,All,Female,All,42860,NR,NR,NR,Island
Soft Tissue including Heart,All,Island,2016-2020,All,All,All,84932,NR,NR,NR,Island
Soft Tissue including Heart,All,Jefferson,2016-2020,All,Male,All,15920,NR,NR,NR,Jefferson
Soft Tissue including Heart,All,Jefferson,2016-2020,All,Female,All,16416,NR,NR,NR,Jefferson
Soft Tissue including Heart,All,Jefferson,2016-2020,All,All,All,32336,NR,NR,NR,Jefferson
Soft Tissue including Heart,All,King,2016-2020,All,Male,All,1096115,16,1.5,"[1.2, 1.9]",King
Soft Tissue including Heart,All,King,2016-2020,All,Female,All,1094637,17,1.4,"[1.1, 1.8]",King
Soft Tissue including Heart,All,King,2016-2020,All,All,All,2190752,33,1.4,"[1.2, 1.7]",King
Soft Tissue including Heart,All,Kitsap,2016-2020,All,Male,All,136205,3,2.0,"[1.1, 3.5]",Kitsap
Soft Tissue including Heart,All,Kitsap,2016-2020,All,Female,All,132989,NR,NR,NR,Kitsap
Soft Tissue including Heart,All,Kitsap,2016-2020,All,All,All,269194,5,1.4,"[0.9, 2.2]",Kitsap
Soft Tissue including Heart,All,Kittitas,2016-2020,All,Male,All,22480,NR,NR,NR,Kittitas
Soft Tissue including Heart,All,Kittitas,2016-2020,All,Female,All,22165,NR,NR,NR,Kittitas
Soft Tissue including Heart,All,Kittitas,2016-2020,All,All,All,44645,NR,NR,NR,Kittitas
Soft Tissue including Heart,All,Klickitat,2016-2020,All,Male,All,11295,NR,NR,NR,Klickitat
Soft Tissue including Heart,All,Klickitat,2016-2020,All,Female,All,10818,NR,NR,NR,Klickitat
Soft Tissue including Heart,All,Klickitat,2016-2020,All,All,All,22113,NR,NR,NR,Klickitat
Soft Tissue including Heart,All,Lewis,2016-2020,All,Male,All,40168,NR,NR,NR,Lewis
Soft Tissue including Heart,All,Lewis,2016-2020,All,Female,All,40148,NR,NR,NR,Lewis
Soft Tissue including Heart,All,Lewis,2016-2020,All,All,All,80317,NR,NR,NR,Lewis
Soft Tissue including Heart,All,Lincoln,2016-2020,All,Male,All,5414,NR,NR,NR,Lincoln
Soft Tissue including Heart,All,Lincoln,2016-2020,All,Female,All,5351,NR,NR,NR,Lincoln
Soft Tissue including Heart,All,Lincoln,2016-2020,All,All,All,10765,NR,NR,NR,Lincoln
Soft Tissue including Heart,All,Mason,2016-2020,All,Male,All,33239,NR,NR,NR,Mason
Soft Tissue including Heart,All,Mason,2016-2020,All,Female,All,31257,NR,NR,NR,Mason
Soft Tissue including Heart,All,Mason,2016-2020,All,All,All,64496,2,2.1,"[0.9, 4.3]",Mason
Soft Tissue including Heart,All,Okanogan,2016-2020,All,Male,All,21467,NR,NR,NR,Okanogan
Soft Tissue including Heart,All,Okanogan,2016-2020,All,Female,All,20466,NR,NR,NR,Okanogan
Soft Tissue including Heart,All,Okanogan,2016-2020,All,All,All,41932,NR,NR,NR,Okanogan
Soft Tissue including Heart,All,Pacific,2016-2020,All,Male,All,11357,NR,NR,NR,Pacific
Soft Tissue including Heart,All,Pacific,2016-2020,All,Female,All,11398,NR,NR,NR,Pacific
Soft Tissue including Heart,All,Pacific,2016-2020,All,All,All,22755,NR,NR,NR,Pacific
Soft Tissue including Heart,All,Pend Oreille,2016-2020,All,Male,All,6738,NR,NR,NR,Pend Oreille
Soft Tissue including Heart,All,Pend Oreille,2016-2020,All,Female,All,6542,NR,NR,NR,Pend Oreille
Soft Tissue including Heart,All,Pend Oreille,2016-2020,All,All,All,13280,NR,NR,NR,Pend Oreille
Soft Tissue including Heart,All,Pierce,2016-2020,All,Male,All,442332,7,1.6,"[1.1, 2.3]",Pierce
Soft Tissue including Heart,All,Pierce,2016-2020,All,Female,All,449353,7,1.3,"[0.9, 1.9]",Pierce
Soft Tissue including Heart,All,Pierce,2016-2020,All,All,All,891685,14,1.4,"[1.1, 1.8]",Pierce
Soft Tissue including Heart,All,San Juan,2016-2020,All,Male,All,8396,NR,NR,NR,San Juan
Soft Tissue including Heart,All,San Juan,2016-2020,All,Female,All,8842,NR,NR,NR,San Juan
Soft Tissue including Heart,All,San Juan,2016-2020,All,All,All,17238,NR,NR,NR,San Juan
Soft Tissue including Heart,All,Skagit,2016-2020,All,Male,All,62062,NR,NR,NR,Skagit
Soft Tissue including Heart,All,Skagit,2016-2020,All,Female,All,63868,NR,NR,NR,Skagit
Soft Tissue including Heart,All,Skagit,2016-2020,All,All,All,125929,NR,NR,NR,Skagit
Soft Tissue including Heart,All,Skamania,2016-2020,All,Male,All,5817,NR,NR,NR,Skamania
Soft Tissue including Heart,All,Skamania,2016-2020,All,Female,All,5607,NR,NR,NR,Skamania
Soft Tissue including Heart,All,Skamania,2016-2020,All,All,All,11424,NR,NR,NR,Skamania
Soft Tissue including Heart,All,Snohomish,2016-2020,All,Male,All,399947,6,1.5,"[1.0, 2.2]",Snohomish
Soft Tissue including Heart,All,Snohomish,2016-2020,All,Female,All,400972,8,1.7,"[1.2, 2.4]",Snohomish
Soft Tissue including Heart,All,Snohomish,2016-2020,All,All,All,800919,14,1.6,"[1.2, 2.1]",Snohomish
Soft Tissue including Heart,All,Spokane,2016-2020,All,Male,All,258269,7,2.4,"[1.6, 3.4]",Spokane
Soft Tissue including Heart,All,Spokane,2016-2020,All,Female,All,263176,3,0.8,"[0.4, 1.4]",Spokane
Soft Tissue including Heart,All,Spokane,2016-2020,All,All,All,521445,9,1.5,"[1.1, 2.1]",Spokane
Soft Tissue including Heart,All,Stevens,2016-2020,All,Male,All,22895,NR,NR,NR,Stevens
Soft Tissue including Heart,All,Stevens,2016-2020,All,Female,All,22748,NR,NR,NR,Stevens
Soft Tissue including Heart,All,Stevens,2016-2020,All,All,All,45643,NR,NR,NR,Stevens
Soft Tissue including Heart,All,Thurston,2016-2020,All,Male,All,139164,2,1.6,"[0.8, 2.8]",Thurston
Soft Tissue including Heart,All,Thurston,2016-2020,All,Female,All,146165,NR,NR,NR,Thurston
Soft Tissue including Heart,All,Thurston,2016-2020,All,All,All,285329,4,1.1,"[0.6, 1.8]",Thurston
Soft Tissue including Heart,All,Wahkiakum,2016-2020,All,Male,All,2139,NR,NR,NR,Wahkiakum
Soft Tissue including Heart,All,Wahkiakum,2016-2020,All,Female,All,2160,NR,NR,NR,Wahkiakum
Soft Tissue including Heart,All,Wahkiakum,2016-2020,All,All,All,4299,NR,NR,NR,Wahkiakum
Soft Tissue including Heart,All,Walla Walla,2016-2020,All,Male,All,31463,NR,NR,NR,Walla Walla
Soft Tissue including Heart,All,Walla Walla,2016-2020,All,Female,All,30305,NR,NR,NR,Walla Walla
Soft Tissue including Heart,All,Walla Walla,2016-2020,All,All,All,61767,NR,NR,NR,Walla Walla
Soft Tissue including Heart,All,Whatcom,2016-2020,All,Male,All,108211,3,2.4,"[1.3, 4.1]",Whatcom
Soft Tissue including Heart,All,Whatcom,2016-2020,All,Female,All,111712,NR,NR,NR,Whatcom
Soft Tissue including Heart,All,Whatcom,2016-2020,All,All,All,219923,4,1.5,"[0.9, 2.4]",Whatcom
Soft Tissue including Heart,All,Whitman,2016-2020,All,Male,All,23667,NR,NR,NR,Whitman
Soft Tissue including Heart,All,Whitman,2016-2020,All,Female,All,23662,NR,NR,NR,Whitman
Soft Tissue including Heart,All,Whitman,2016-2020,All,All,All,47329,NR,NR,NR,Whitman
Soft Tissue including Heart,All,Yakima,2016-2020,All,Male,All,126641,3,2.5,"[1.4, 4.3]",Yakima
Soft Tissue including Heart,All,Yakima,2016-2020,All,Female,All,127169,NR,NR,NR,Yakima
Soft Tissue including Heart,All,Yakima,2016-2020,All,All,All,253810,5,1.9,"[1.2, 2.8]",Yakima
Stomach,All,Adams,2016-2020,All,Male,All,10282,NR,NR,NR,Adams
Stomach,All,Adams,2016-2020,All,Female,All,9889,NR,NR,NR,Adams
Stomach,All,Adams,2016-2020,All,All,All,20172,NR,NR,NR,Adams
Stomach,All,Asotin,2016-2020,All,Male,All,10756,NR,NR,NR,Asotin
Stomach,All,Asotin,2016-2020,All,Female,All,11370,NR,NR,NR,Asotin
Stomach,All,Asotin,2016-2020,All,All,All,22126,NR,NR,NR,Asotin
Stomach,All,Benton,2016-2020,All,Male,All,98978,NR,NR,NR,Benton
Stomach,All,Benton,2016-2020,All,Female,All,99958,NR,NR,NR,Benton
Stomach,All,Benton,2016-2020,All,All,All,198936,3,1.1,"[0.6, 2.0]",Benton
Stomach,All,Chelan,2016-2020,All,Male,All,38595,NR,NR,NR,Chelan
Stomach,All,Chelan,2016-2020,All,Female,All,38682,NR,NR,NR,Chelan
Stomach,All,Chelan,2016-2020,All,All,All,77278,2,2.1,"[1.0, 4.1]",Chelan
Stomach,All,Clallam,2016-2020,All,Male,All,37283,NR,NR,NR,Clallam
Stomach,All,Clallam,2016-2020,All,Female,All,38345,NR,NR,NR,Clallam
Stomach,All,Clallam,2016-2020,All,All,All,75628,NR,NR,NR,Clallam
Stomach,All,Clark,2016-2020,All,Male,All,237977,8,3.0,"[2.1, 4.2]",Clark
Stomach,All,Clark,2016-2020,All,Female,All,243884,6,2.3,"[1.5, 3.2]",Clark
Stomach,All,Clark,2016-2020,All,All,All,481861,14,2.6,"[2.0, 3.3]",Clark
Stomach,All,Columbia,2016-2020,All,Male,All,1973,NR,NR,NR,Columbia
Stomach,All,Columbia,2016-2020,All,Female,All,1998,NR,NR,NR,Columbia
Stomach,All,Columbia,2016-2020,All,All,All,3971,NR,NR,NR,Columbia
Stomach,All,Cowlitz,2016-2020,All,Male,All,53421,3,4.8,"[2.7, 8.1]",Cowlitz
Stomach,All,Cowlitz,2016-2020,All,Female,All,54522,NR,NR,NR,Cowlitz
Stomach,All,Cowlitz,2016-2020,All,All,All,107943,4,2.8,"[1.7, 4.6]",Cowlitz
Stomach,All,Douglas,2016-2020,All,Male,All,20946,NR,NR,NR,Douglas
Stomach,All,Douglas,2016-2020,All,Female,All,20701,NR,NR,NR,Douglas
Stomach,All,Douglas,2016-2020,All,All,All,41647,NR,NR,NR,Douglas
Stomach,All,Ferry,2016-2020,All,Male,All,3694,NR,NR,NR,Ferry
Stomach,All,Ferry,2016-2020,All,Female,All,3550,NR,NR,NR,Ferry
Stomach,All,Ferry,2016-2020,All,All,All,7245,NR,NR,NR,Ferry
Stomach,All,Franklin,2016-2020,All,Male,All,47829,NR,NR,NR,Franklin
Stomach,All,Franklin,2016-2020,All,Female,All,44703,NR,NR,NR,Franklin
Stomach,All,Franklin,2016-2020,All,All,All,92532,3,3.8,"[2.0, 6.8]",Franklin
Stomach,All,Garfield,2016-2020,All,Male,All,1149,NR,NR,NR,Garfield
Stomach,All,Garfield,2016-2020,All,Female,All,1124,NR,NR,NR,Garfield
Stomach,All,Garfield,2016-2020,All,All,All,2272,NR,NR,NR,Garfield
Stomach,All,Grant,2016-2020,All,Male,All,49209,NR,NR,NR,Grant
Stomach,All,Grant,2016-2020,All,Female,All,46950,NR,NR,NR,Grant
Stomach,All,Grant,2016-2020,All,All,All,96159,2,2.5,"[1.3, 4.5]",Grant
Stomach,All,Grays Harbor,2016-2020,All,Male,All,38179,NR,NR,NR,Grays Harbor
Stomach,All,Grays Harbor,2016-2020,All,Female,All,36373,NR,NR,NR,Grays Harbor
Stomach,All,Grays Harbor,2016-2020,All,All,All,74552,3,2.6,"[1.4, 4.8]",Grays Harbor
Stomach,All,Island,2016-2020,All,Male,All,42072,2,3.4,"[1.6, 7.2]",Island
Stomach,All,Island,2016-2020,All,Female,All,42860,NR,NR,NR,Island
Stomach,All,Island,2016-2020,All,All,All,84932,4,2.6,"[1.5, 4.6]",Island
Stomach,All,Jefferson,2016-2020,All,Male,All,15920,NR,NR,NR,Jefferson
Stomach,All,Jefferson,2016-2020,All,Female,All,16416,NR,NR,NR,Jefferson
Stomach,All,Jefferson,2016-2020,All,All,All,32336,NR,NR,NR,Jefferson
Stomach,All,King,2016-2020,All,Male,All,1096115,40,3.8,"[3.3, 4.4]",King
Stomach,All,King,2016-2020,All,Female,All,1094637,30,2.3,"[2.0, 2.8]",King
Stomach,All,King,2016-2020,All,All,All,2190752,70,3.0,"[2.7, 3.4]",King
Stomach,All,Kitsap,2016-2020,All,Male,All,136205,4,2.8,"[1.7, 4.4]",Kitsap
Stomach,All,Kitsap,2016-2020,All,Female,All,132989,4,2.0,"[1.2, 3.3]",Kitsap
Stomach,All,Kitsap,2016-2020,All,All,All,269194,8,2.4,"[1.7, 3.3]",Kitsap
Stomach,All,Kittitas,2016-2020,All,Male,All,22480,NR,NR,NR,Kittitas
Stomach,All,Kittitas,2016-2020,All,Female,All,22165,NR,NR,NR,Kittitas
Stomach,All,Kittitas,2016-2020,All,All,All,44645,NR,NR,NR,Kittitas
Stomach,All,Klickitat,2016-2020,All,Male,All,11295,NR,NR,NR,Klickitat
Stomach,All,Klickitat,2016-2020,All,Female,All,10818,NR,NR,NR,Klickitat
Stomach,All,Klickitat,2016-2020,All,All,All,22113,NR,NR,NR,Klickitat
Stomach,All,Lewis,2016-2020,All,Male,All,40168,2,3.5,"[1.7, 7.2]",Lewis
Stomach,All,Lewis,2016-2020,All,Female,All,40148,NR,NR,NR,Lewis
Stomach,All,Lewis,2016-2020,All,All,All,80317,3,2.7,"[1.6, 4.8]",Lewis
Stomach,All,Lincoln,2016-2020,All,Male,All,5414,NR,NR,NR,Lincoln
Stomach,All,Lincoln,2016-2020,All,Female,All,5351,NR,NR,NR,Lincoln
Stomach,All,Lincoln,2016-2020,All,All,All,10765,NR,NR,NR,Lincoln
Stomach,All,Mason,2016-2020,All,Male,All,33239,NR,NR,NR,Mason
Stomach,All,Mason,2016-2020,All,Female,All,31257,NR,NR,NR,Mason
Stomach,All,Mason,2016-2020,All,All,All,64496,NR,NR,NR,Mason
Stomach,All,Okanogan,2016-2020,All,Male,All,21467,2,6.2,"[2.9, 13.2]",Okanogan
Stomach,All,Okanogan,2016-2020,All,Female,All,20466,NR,NR,NR,Okanogan
Stomach,All,Okanogan,2016-2020,All,All,All,41932,3,4.1,"[2.1, 7.8]",Okanogan
Stomach,All,Pacific,2016-2020,All,Male,All,11357,NR,NR,NR,Pacific
Stomach,All,Pacific,2016-2020,All,Female,All,11398,NR,NR,NR,Pacific
Stomach,All,Pacific,2016-2020,All,All,All,22755,NR,NR,NR,Pacific
Stomach,All,Pend Oreille,2016-2020,All,Male,All,6738,NR,NR,NR,Pend Oreille
Stomach,All,Pend Oreille,2016-2020,All,Female,All,6542,NR,NR,NR,Pend Oreille
Stomach,All,Pend Oreille,2016-2020,All,All,All,13280,NR,NR,NR,Pend Oreille
Stomach,All,Pierce,2016-2020,All,Male,All,442332,16,3.8,"[3.0, 4.7]",Pierce
Stomach,All,Pierce,2016-2020,All,Female,All,449353,11,2.1,"[1.6, 2.8]",Pierce
Stomach,All,Pierce,2016-2020,All,All,All,891685,27,2.9,"[2.4, 3.4]",Pierce
Stomach,All,San Juan,2016-2020,All,Male,All,8396,NR,NR,NR,San Juan
Stomach,All,San Juan,2016-2020,All,Female,All,8842,NR,NR,NR,San Juan
Stomach,All,San Juan,2016-2020,All,All,All,17238,NR,NR,NR,San Juan
Stomach,All,Skagit,2016-2020,All,Male,All,62062,3,3.9,"[2.3, 6.7]",Skagit
Stomach,All,Skagit,2016-2020,All,Female,All,63868,3,2.6,"[1.3, 5.0]",Skagit
Stomach,All,Skagit,2016-2020,All,All,All,125929,6,3.2,"[2.1, 4.8]",Skagit
Stomach,All,Skamania,2016-2020,All,Male,All,5817,NR,NR,NR,Skamania
Stomach,All,Skamania,2016-2020,All,Female,All,5607,NR,NR,NR,Skamania
Stomach,All,Skamania,2016-2020,All,All,All,11424,NR,NR,NR,Skamania
Stomach,All,Snohomish,2016-2020,All,Male,All,399947,17,4.3,"[3.4, 5.5]",Snohomish
Stomach,All,Snohomish,2016-2020,All,Female,All,400972,9,1.9,"[1.4, 2.6]",Snohomish
Stomach,All,Snohomish,2016-2020,All,All,All,800919,25,2.9,"[2.4, 3.5]",Snohomish
Stomach,All,Spokane,2016-2020,All,Male,All,258269,7,2.3,"[1.6, 3.2]",Spokane
Stomach,All,Spokane,2016-2020,All,Female,All,263176,5,1.3,"[0.8, 2.1]",Spokane
Stomach,All,Spokane,2016-2020,All,All,All,521445,12,1.8,"[1.3, 2.3]",Spokane
Stomach,All,Stevens,2016-2020,All,Male,All,22895,NR,NR,NR,Stevens
Stomach,All,Stevens,2016-2020,All,Female,All,22748,NR,NR,NR,Stevens
Stomach,All,Stevens,2016-2020,All,All,All,45643,2,3.3,"[1.5, 7.0]",Stevens
Stomach,All,Thurston,2016-2020,All,Male,All,139164,5,2.9,"[1.8, 4.5]",Thurston
Stomach,All,Thurston,2016-2020,All,Female,All,146165,3,1.9,"[1.0, 3.1]",Thurston
Stomach,All,Thurston,2016-2020,All,All,All,285329,8,2.3,"[1.6, 3.2]",Thurston
Stomach,All,Wahkiakum,2016-2020,All,Male,All,2139,NR,NR,NR,Wahkiakum
Stomach,All,Wahkiakum,2016-2020,All,Female,All,2160,NR,NR,NR,Wahkiakum
Stomach,All,Wahkiakum,2016-2020,All,All,All,4299,NR,NR,NR,Wahkiakum
Stomach,All,Walla Walla,2016-2020,All,Male,All,31463,NR,NR,NR,Walla Walla
Stomach,All,Walla Walla,2016-2020,All,Female,All,30305,NR,NR,NR,Walla Walla
Stomach,All,Walla Walla,2016-2020,All,All,All,61767,NR,NR,NR,Walla Walla
Stomach,All,Whatcom,2016-2020,All,Male,All,108211,2,1.9,"[0.9, 3.5]",Whatcom
Stomach,All,Whatcom,2016-2020,All,Female,All,111712,3,1.7,"[0.9, 3.2]",Whatcom
Stomach,All,Whatcom,2016-2020,All,All,All,219923,5,1.8,"[1.1, 2.8]",Whatcom
Stomach,All,Whitman,2016-2020,All,Male,All,23667,NR,NR,NR,Whitman
Stomach,All,Whitman,2016-2020,All,Female,All,23662,NR,NR,NR,Whitman
Stomach,All,Whitman,2016-2020,All,All,All,47329,NR,NR,NR,Whitman
Stomach,All,Yakima,2016-2020,All,Male,All,126641,4,2.9,"[1.7, 4.7]",Yakima
Stomach,All,Yakima,2016-2020,All,Female,All,127169,3,2.0,"[1.1, 3.5]",Yakima
Stomach,All,Yakima,2016-2020,All,All,All,253810,6,2.4,"[1.6, 3.4]",Yakima
Testis,All,Adams,2016-2020,All,Male,All,10282,NR,NR,NR,Adams
Testis,All,Asotin,2016-2020,All,Male,All,10756,NR,NR,NR,Asotin
Testis,All,Benton,2016-2020,All,Male,All,98978,NR,NR,NR,Benton
Testis,All,Chelan,2016-2020,All,Male,All,38595,NR,NR,NR,Chelan
Testis,All,Clallam,2016-2020,All,Male,All,37283,NR,NR,NR,Clallam
Testis,All,Clark,2016-2020,All,Male,All,237977,NR,NR,NR,Clark
Testis,All,Columbia,2016-2020,All,Male,All,1973,NR,NR,NR,Columbia
Testis,All,Cowlitz,2016-2020,All,Male,All,53421,NR,NR,NR,Cowlitz
Testis,All,Douglas,2016-2020,All,Male,All,20946,NR,NR,NR,Douglas
Testis,All,Ferry,2016-2020,All,Male,All,3694,NR,NR,NR,Ferry
Testis,All,Franklin,2016-2020,All,Male,All,47829,NR,NR,NR,Franklin
Testis,All,Garfield,2016-2020,All,Male,All,1149,NR,NR,NR,Garfield
Testis,All,Grant,2016-2020,All,Male,All,49209,NR,NR,NR,Grant
Testis,All,Grays Harbor,2016-2020,All,Male,All,38179,NR,NR,NR,Grays Harbor
Testis,All,Island,2016-2020,All,Male,All,42072,NR,NR,NR,Island
Testis,All,Jefferson,2016-2020,All,Male,All,15920,NR,NR,NR,Jefferson
Testis,All,King,2016-2020,All,Male,All,1096115,3,0.2,"[0.1, 0.4]",King
Testis,All,Kitsap,2016-2020,All,Male,All,136205,NR,NR,NR,Kitsap
Testis,All,Kittitas,2016-2020,All,Male,All,22480,NR,NR,NR,Kittitas
Testis,All,Klickitat,2016-2020,All,Male,All,11295,NR,NR,NR,Klickitat
Testis,All,Lewis,2016-2020,All,Male,All,40168,NR,NR,NR,Lewis
Testis,All,Lincoln,2016-2020,All,Male,All,5414,NR,NR,NR,Lincoln
Testis,All,Mason,2016-2020,All,Male,All,33239,NR,NR,NR,Mason
Testis,All,Okanogan,2016-2020,All,Male,All,21467,NR,NR,NR,Okanogan
Testis,All,Pacific,2016-2020,All,Male,All,11357,NR,NR,NR,Pacific
Testis,All,Pend Oreille,2016-2020,All,Male,All,6738,NR,NR,NR,Pend Oreille
Testis,All,Pierce,2016-2020,All,Male,All,442332,NR,NR,NR,Pierce
Testis,All,San Juan,2016-2020,All,Male,All,8396,NR,NR,NR,San Juan
Testis,All,Skagit,2016-2020,All,Male,All,62062,NR,NR,NR,Skagit
Testis,All,Skamania,2016-2020,All,Male,All,5817,NR,NR,NR,Skamania
Testis,All,Snohomish,2016-2020,All,Male,All,399947,NR,NR,NR,Snohomish
Testis,All,Spokane,2016-2020,All,Male,All,258269,NR,NR,NR,Spokane
Testis,All,Stevens,2016-2020,All,Male,All,22895,NR,NR,NR,Stevens
Testis,All,Thurston,2016-2020,All,Male,All,139164,NR,NR,NR,Thurston
Testis,All,Wahkiakum,2016-2020,All,Male,All,2139,NR,NR,NR,Wahkiakum
Testis,All,Walla Walla,2016-2020,All,Male,All,31463,NR,NR,NR,Walla Walla
Testis,All,Whatcom,2016-2020,All,Male,All,108211,NR,NR,NR,Whatcom
Testis,All,Whitman,2016-2020,All,Male,All,23667,NR,NR,NR,Whitman
Testis,All,Yakima,2016-2020,All,Male,All,126641,NR,NR,NR,Yakima
Thyroid,All,Adams,2016-2020,All,Male,All,10282,NR,NR,NR,Adams
Thyroid,All,Adams,2016-2020,All,Female,All,9889,NR,NR,NR,Adams
Thyroid,All,Adams,2016-2020,All,All,All,20172,NR,NR,NR,Adams
Thyroid,All,Asotin,2016-2020,All,Male,All,10756,NR,NR,NR,Asotin
Thyroid,All,Asotin,2016-2020,All,Female,All,11370,NR,NR,NR,Asotin
Thyroid,All,Asotin,2016-2020,All,All,All,22126,NR,NR,NR,Asotin
Thyroid,All,Benton,2016-2020,All,Male,All,98978,NR,NR,NR,Benton
Thyroid,All,Benton,2016-2020,All,Female,All,99958,NR,NR,NR,Benton
Thyroid,All,Benton,2016-2020,All,All,All,198936,NR,NR,NR,Benton
Thyroid,All,Chelan,2016-2020,All,Male,All,38595,NR,NR,NR,Chelan
Thyroid,All,Chelan,2016-2020,All,Female,All,38682,NR,NR,NR,Chelan
Thyroid,All,Chelan,2016-2020,All,All,All,77278,NR,NR,NR,Chelan
Thyroid,All,Clallam,2016-2020,All,Male,All,37283,NR,NR,NR,Clallam
Thyroid,All,Clallam,2016-2020,All,Female,All,38345,NR,NR,NR,Clallam
Thyroid,All,Clallam,2016-2020,All,All,All,75628,NR,NR,NR,Clallam
Thyroid,All,Clark,2016-2020,All,Male,All,237977,NR,NR,NR,Clark
Thyroid,All,Clark,2016-2020,All,Female,All,243884,2,0.5,"[0.3, 1.1]",Clark
Thyroid,All,Clark,2016-2020,All,All,All,481861,3,0.5,"[0.3, 0.9]",Clark
Thyroid,All,Columbia,2016-2020,All,Male,All,1973,NR,NR,NR,Columbia
Thyroid,All,Columbia,2016-2020,All,Female,All,1998,NR,NR,NR,Columbia
Thyroid,All,Columbia,2016-2020,All,All,All,3971,NR,NR,NR,Columbia
Thyroid,All,Cowlitz,2016-2020,All,Male,All,53421,NR,NR,NR,Cowlitz
Thyroid,All,Cowlitz,2016-2020,All,Female,All,54522,NR,NR,NR,Cowlitz
Thyroid,All,Cowlitz,2016-2020,All,All,All,107943,NR,NR,NR,Cowlitz
Thyroid,All,Douglas,2016-2020,All,Male,All,20946,NR,NR,NR,Douglas
Thyroid,All,Douglas,2016-2020,All,Female,All,20701,NR,NR,NR,Douglas
Thyroid,All,Douglas,2016-2020,All,All,All,41647,NR,NR,NR,Douglas
Thyroid,All,Ferry,2016-2020,All,Male,All,3694,NR,NR,NR,Ferry
Thyroid,All,Ferry,2016-2020,All,Female,All,3550,NR,NR,NR,Ferry
Thyroid,All,Ferry,2016-2020,All,All,All,7245,NR,NR,NR,Ferry
Thyroid,All,Franklin,2016-2020,All,Male,All,47829,NR,NR,NR,Franklin
Thyroid,All,Franklin,2016-2020,All,Female,All,44703,NR,NR,NR,Franklin
Thyroid,All,Franklin,2016-2020,All,All,All,92532,NR,NR,NR,Franklin
Thyroid,All,Garfield,2016-2020,All,Male,All,1149,NR,NR,NR,Garfield
Thyroid,All,Garfield,2016-2020,All,Female,All,1124,NR,NR,NR,Garfield
Thyroid,All,Garfield,2016-2020,All,All,All,2272,NR,NR,NR,Garfield
Thyroid,All,Grant,2016-2020,All,Male,All,49209,NR,NR,NR,Grant
Thyroid,All,Grant,2016-2020,All,Female,All,46950,NR,NR,NR,Grant
Thyroid,All,Grant,2016-2020,All,All,All,96159,NR,NR,NR,Grant
Thyroid,All,Grays Harbor,2016-2020,All,Male,All,38179,NR,NR,NR,Grays Harbor
Thyroid,All,Grays Harbor,2016-2020,All,Female,All,36373,NR,NR,NR,Grays Harbor
Thyroid,All,Grays Harbor,2016-2020,All,All,All,74552,NR,NR,NR,Grays Harbor
Thyroid,All,Island,2016-2020,All,Male,All,42072,NR,NR,NR,Island
Thyroid,All,Island,2016-2020,All,Female,All,42860,NR,NR,NR,Island
Thyroid,All,Island,2016-2020,All,All,All,84932,NR,NR,NR,Island
Thyroid,All,Jefferson,2016-2020,All,Male,All,15920,NR,NR,NR,Jefferson
Thyroid,All,Jefferson,2016-2020,All,Female,All,16416,NR,NR,NR,Jefferson
Thyroid,All,Jefferson,2016-2020,All,All,All,32336,NR,NR,NR,Jefferson
Thyroid,All,King,2016-2020,All,Male,All,1096115,4,0.4,"[0.2, 0.6]",King
Thyroid,All,King,2016-2020,All,Female,All,1094637,7,0.5,"[0.4, 0.8]",King
Thyroid,All,King,2016-2020,All,All,All,2190752,11,0.5,"[0.4, 0.6]",King
Thyroid,All,Kitsap,2016-2020,All,Male,All,136205,NR,NR,NR,Kitsap
Thyroid,All,Kitsap,2016-2020,All,Female,All,132989,NR,NR,NR,Kitsap
Thyroid,All,Kitsap,2016-2020,All,All,All,269194,2,0.6,"[0.3, 1.2]",Kitsap
Thyroid,All,Kittitas,2016-2020,All,Male,All,22480,NR,NR,NR,Kittitas
Thyroid,All,Kittitas,2016-2020,All,Female,All,22165,NR,NR,NR,Kittitas
Thyroid,All,Kittitas,2016-2020,All,All,All,44645,NR,NR,NR,Kittitas
Thyroid,All,Klickitat,2016-2020,All,Male,All,11295,NR,NR,NR,Klickitat
Thyroid,All,Klickitat,2016-2020,All,Female,All,10818,NR,NR,NR,Klickitat
Thyroid,All,Klickitat,2016-2020,All,All,All,22113,NR,NR,NR,Klickitat
Thyroid,All,Lewis,2016-2020,All,Male,All,40168,NR,NR,NR,Lewis
Thyroid,All,Lewis,2016-2020,All,Female,All,40148,NR,NR,NR,Lewis
Thyroid,All,Lewis,2016-2020,All,All,All,80317,NR,NR,NR,Lewis
Thyroid,All,Lincoln,2016-2020,All,Male,All,5414,NR,NR,NR,Lincoln
Thyroid,All,Lincoln,2016-2020,All,Female,All,5351,NR,NR,NR,Lincoln
Thyroid,All,Lincoln,2016-2020,All,All,All,10765,NR,NR,NR,Lincoln
Thyroid,All,Mason,2016-2020,All,Male,All,33239,NR,NR,NR,Mason
Thyroid,All,Mason,2016-2020,All,Female,All,31257,NR,NR,NR,Mason
Thyroid,All,Mason,2016-2020,All,All,All,64496,NR,NR,NR,Mason
Thyroid,All,Okanogan,2016-2020,All,Male,All,21467,NR,NR,NR,Okanogan
Thyroid,All,Okanogan,2016-2020,All,Female,All,20466,NR,NR,NR,Okanogan
Thyroid,All,Okanogan,2016-2020,All,All,All,41932,NR,NR,NR,Okanogan
Thyroid,All,Pacific,2016-2020,All,Male,All,11357,NR,NR,NR,Pacific
Thyroid,All,Pacific,2016-2020,All,Female,All,11398,NR,NR,NR,Pacific
Thyroid,All,Pacific,2016-2020,All,All,All,22755,NR,NR,NR,Pacific
Thyroid,All,Pend Oreille,2016-2020,All,Male,All,6738,NR,NR,NR,Pend Oreille
Thyroid,All,Pend Oreille,2016-2020,All,Female,All,6542,NR,NR,NR,Pend Oreille
Thyroid,All,Pend Oreille,2016-2020,All,All,All,13280,NR,NR,NR,Pend Oreille
Thyroid,All,Pierce,2016-2020,All,Male,All,442332,2,0.6,"[0.3, 1.0]",Pierce
Thyroid,All,Pierce,2016-2020,All,Female,All,449353,NR,NR,NR,Pierce
Thyroid,All,Pierce,2016-2020,All,All,All,891685,4,0.4,"[0.3, 0.7]",Pierce
Thyroid,All,San Juan,2016-2020,All,Male,All,8396,NR,NR,NR,San Juan
Thyroid,All,San Juan,2016-2020,All,Female,All,8842,NR,NR,NR,San Juan
Thyroid,All,San Juan,2016-2020,All,All,All,17238,NR,NR,NR,San Juan
Thyroid,All,Skagit,2016-2020,All,Male,All,62062,NR,NR,NR,Skagit
Thyroid,All,Skagit,2016-2020,All,Female,All,63868,NR,NR,NR,Skagit
Thyroid,All,Skagit,2016-2020,All,All,All,125929,NR,NR,NR,Skagit
Thyroid,All,Skamania,2016-2020,All,Male,All,5817,NR,NR,NR,Skamania
Thyroid,All,Skamania,2016-2020,All,Female,All,5607,NR,NR,NR,Skamania
Thyroid,All,Skamania,2016-2020,All,All,All,11424,NR,NR,NR,Skamania
Thyroid,All,Snohomish,2016-2020,All,Male,All,399947,NR,NR,NR,Snohomish
Thyroid,All,Snohomish,2016-2020,All,Female,All,400972,3,0.7,"[0.4, 1.1]",Snohomish
Thyroid,All,Snohomish,2016-2020,All,All,All,800919,5,0.5,"[0.3, 0.8]",Snohomish
Thyroid,All,Spokane,2016-2020,All,Male,All,258269,NR,NR,NR,Spokane
Thyroid,All,Spokane,2016-2020,All,Female,All,263176,NR,NR,NR,Spokane
Thyroid,All,Spokane,2016-2020,All,All,All,521445,3,0.5,"[0.3, 0.8]",Spokane
Thyroid,All,Stevens,2016-2020,All,Male,All,22895,NR,NR,NR,Stevens
Thyroid,All,Stevens,2016-2020,All,Female,All,22748,NR,NR,NR,Stevens
Thyroid,All,Stevens,2016-2020,All,All,All,45643,NR,NR,NR,Stevens
Thyroid,All,Thurston,2016-2020,All,Male,All,139164,NR,NR,NR,Thurston
Thyroid,All,Thurston,2016-2020,All,Female,All,146165,NR,NR,NR,Thurston
Thyroid,All,Thurston,2016-2020,All,All,All,285329,2,0.6,"[0.3, 1.2]",Thurston
Thyroid,All,Wahkiakum,2016-2020,All,Male,All,2139,NR,NR,NR,Wahkiakum
Thyroid,All,Wahkiakum,2016-2020,All,Female,All,2160,NR,NR,NR,Wahkiakum
Thyroid,All,Wahkiakum,2016-2020,All,All,All,4299,NR,NR,NR,Wahkiakum
Thyroid,All,Walla Walla,2016-2020,All,Male,All,31463,NR,NR,NR,Walla Walla
Thyroid,All,Walla Walla,2016-2020,All,Female,All,30305,NR,NR,NR,Walla Walla
Thyroid,All,Walla Walla,2016-2020,All,All,All,61767,NR,NR,NR,Walla Walla
Thyroid,All,Whatcom,2016-2020,All,Male,All,108211,NR,NR,NR,Whatcom
Thyroid,All,Whatcom,2016-2020,All,Female,All,111712,NR,NR,NR,Whatcom
Thyroid,All,Whatcom,2016-2020,All,All,All,219923,NR,NR,NR,Whatcom
Thyroid,All,Whitman,2016-2020,All,Male,All,23667,NR,NR,NR,Whitman
Thyroid,All,Whitman,2016-2020,All,Female,All,23662,NR,NR,NR,Whitman
Thyroid,All,Whitman,2016-2020,All,All,All,47329,NR,NR,NR,Whitman
Thyroid,All,Yakima,2016-2020,All,Male,All,126641,NR,NR,NR,Yakima
Thyroid,All,Yakima,2016-2020,All,Female,All,127169,NR,NR,NR,Yakima
Thyroid,All,Yakima,2016-2020,All,All,All,253810,NR,NR,NR,Yakima
Vulva,All,Adams,2016-2020,All,Female,All,9889,NR,NR,NR,Adams
Vulva,All,Asotin,2016-2020,All,Female,All,11370,NR,NR,NR,Asotin
Vulva,All,Benton,2016-2020,All,Female,All,99958,NR,NR,NR,Benton
Vulva,All,Chelan,2016-2020,All,Female,All,38682,NR,NR,NR,Chelan
Vulva,All,Clallam,2016-2020,All,Female,All,38345,NR,NR,NR,Clallam
Vulva,All,Clark,2016-2020,All,Female,All,243884,2,0.7,"[0.3, 1.3]",Clark
Vulva,All,Columbia,2016-2020,All,Female,All,1998,NR,NR,NR,Columbia
Vulva,All,Cowlitz,2016-2020,All,Female,All,54522,NR,NR,NR,Cowlitz
Vulva,All,Douglas,2016-2020,All,Female,All,20701,NR,NR,NR,Douglas
Vulva,All,Ferry,2016-2020,All,Female,All,3550,NR,NR,NR,Ferry
Vulva,All,Franklin,2016-2020,All,Female,All,44703,NR,NR,NR,Franklin
Vulva,All,Garfield,2016-2020,All,Female,All,1124,NR,NR,NR,Garfield
Vulva,All,Grant,2016-2020,All,Female,All,46950,NR,NR,NR,Grant
Vulva,All,Grays Harbor,2016-2020,All,Female,All,36373,NR,NR,NR,Grays Harbor
Vulva,All,Island,2016-2020,All,Female,All,42860,NR,NR,NR,Island
Vulva,All,Jefferson,2016-2020,All,Female,All,16416,NR,NR,NR,Jefferson
Vulva,All,King,2016-2020,All,Female,All,1094637,5,0.4,"[0.2, 0.6]",King
Vulva,All,Kitsap,2016-2020,All,Female,All,132989,NR,NR,NR,Kitsap
Vulva,All,Kittitas,2016-2020,All,Female,All,22165,NR,NR,NR,Kittitas
Vulva,All,Klickitat,2016-2020,All,Female,All,10818,NR,NR,NR,Klickitat
Vulva,All,Lewis,2016-2020,All,Female,All,40148,NR,NR,NR,Lewis
Vulva,All,Lincoln,2016-2020,All,Female,All,5351,NR,NR,NR,Lincoln
Vulva,All,Mason,2016-2020,All,Female,All,31257,NR,NR,NR,Mason
Vulva,All,Okanogan,2016-2020,All,Female,All,20466,NR,NR,NR,Okanogan
Vulva,All,Pacific,2016-2020,All,Female,All,11398,NR,NR,NR,Pacific
Vulva,All,Pend Oreille,2016-2020,All,Female,All,6542,NR,NR,NR,Pend Oreille
Vulva,All,Pierce,2016-2020,All,Female,All,449353,5,1.0,"[0.6, 1.4]",Pierce
Vulva,All,San Juan,2016-2020,All,Female,All,8842,NR,NR,NR,San Juan
Vulva,All,Skagit,2016-2020,All,Female,All,63868,NR,NR,NR,Skagit
Vulva,All,Skamania,2016-2020,All,Female,All,5607,NR,NR,NR,Skamania
Vulva,All,Snohomish,2016-2020,All,Female,All,400972,4,0.8,"[0.5, 1.3]",Snohomish
Vulva,All,Spokane,2016-2020,All,Female,All,263176,NR,NR,NR,Spokane
Vulva,All,Stevens,2016-2020,All,Female,All,22748,NR,NR,NR,Stevens
Vulva,All,Thurston,2016-2020,All,Female,All,146165,NR,NR,NR,Thurston
Vulva,All,Wahkiakum,2016-2020,All,Female,All,2160,NR,NR,NR,Wahkiakum
Vulva,All,Walla Walla,2016-2020,All,Female,All,30305,NR,NR,NR,Walla Walla
Vulva,All,Whatcom,2016-2020,All,Female,All,111712,NR,NR,NR,Whatcom
Vulva,All,Whitman,2016-2020,All,Female,All,23662,NR,NR,NR,Whitman
Vulva,All,Yakima,2016-2020,All,Female,All,127169,NR,NR,NR,Yakima
